  0
SECTION
  2
HEADER
  9
$ACADVER
  1
AC1024
  9
$ACADMAINTVER
 70
     6
  9
$DWGCODEPAGE
  3
ANSI_1252
  9
$LASTSAVEDBY
  1
david
  9
$INSBASE
 10
0.0
 20
0.0
 30
0.0
  9
$EXTMIN
 10
57.99604365620737
 20
-23.45818422588983
 30
0.0
  9
$EXTMAX
 10
576.2245975443383
 20
132.7776261937244
 30
0.0
  9
$LIMMIN
 10
0.0
 20
0.0
  9
$LIMMAX
 10
12.0
 20
9.0
  9
$ORTHOMODE
 70
     0
  9
$REGENMODE
 70
     1
  9
$FILLMODE
 70
     1
  9
$QTEXTMODE
 70
     0
  9
$MIRRTEXT
 70
     0
  9
$LTSCALE
 40
1.0
  9
$ATTMODE
 70
     1
  9
$TEXTSIZE
 40
0.2
  9
$TRACEWID
 40
0.05
  9
$TEXTSTYLE
  7
Standard
  9
$CLAYER
  8
Dimensions
  9
$CELTYPE
  6
ByLayer
  9
$CECOLOR
 62
   256
  9
$CELTSCALE
 40
1.0
  9
$DISPSILH
 70
     0
  9
$DIMSCALE
 40
1.0
  9
$DIMASZ
 40
2.0
  9
$DIMEXO
 40
0.625
  9
$DIMDLI
 40
2.0
  9
$DIMRND
 40
0.0
  9
$DIMDLE
 40
0.0
  9
$DIMEXE
 40
1.0
  9
$DIMTP
 40
0.0
  9
$DIMTM
 40
0.0
  9
$DIMTXT
 40
2.0
  9
$DIMCEN
 40
0.09
  9
$DIMTSZ
 40
0.0
  9
$DIMTOL
 70
     0
  9
$DIMLIM
 70
     0
  9
$DIMTIH
 70
     0
  9
$DIMTOH
 70
     1
  9
$DIMSE1
 70
     0
  9
$DIMSE2
 70
     0
  9
$DIMTAD
 70
     1
  9
$DIMZIN
 70
     8
  9
$DIMBLK
  1

  9
$DIMASO
 70
     1
  9
$DIMSHO
 70
     1
  9
$DIMPOST
  1

  9
$DIMAPOST
  1

  9
$DIMALT
 70
     0
  9
$DIMALTD
 70
     2
  9
$DIMALTF
 40
25.4
  9
$DIMLFAC
 40
1.0
  9
$DIMTOFL
 70
     0
  9
$DIMTVP
 40
0.0
  9
$DIMTIX
 70
     0
  9
$DIMSOXD
 70
     0
  9
$DIMSAH
 70
     0
  9
$DIMBLK1
  1

  9
$DIMBLK2
  1

  9
$DIMSTYLE
  2
Standard
  9
$DIMCLRD
 70
     0
  9
$DIMCLRE
 70
     0
  9
$DIMCLRT
 70
   256
  9
$DIMTFAC
 40
1.0
  9
$DIMGAP
 40
1.0
  9
$DIMJUST
 70
     0
  9
$DIMSD1
 70
     0
  9
$DIMSD2
 70
     0
  9
$DIMTOLJ
 70
     1
  9
$DIMTZIN
 70
     0
  9
$DIMALTZ
 70
     0
  9
$DIMALTTZ
 70
     0
  9
$DIMUPT
 70
     0
  9
$DIMDEC
 70
     4
  9
$DIMTDEC
 70
     4
  9
$DIMALTU
 70
     2
  9
$DIMALTTD
 70
     2
  9
$DIMTXSTY
  7
Standard
  9
$DIMAUNIT
 70
     0
  9
$DIMADEC
 70
     0
  9
$DIMALTRND
 40
0.0
  9
$DIMAZIN
 70
     2
  9
$DIMDSEP
 70
    46
  9
$DIMATFIT
 70
     0
  9
$DIMFRAC
 70
     0
  9
$DIMLDRBLK
  1

  9
$DIMLUNIT
 70
     2
  9
$DIMLWD
 70
    -2
  9
$DIMLWE
 70
    -2
  9
$DIMTMOVE
 70
     0
  9
$DIMFXL
 40
1.0
  9
$DIMFXLON
 70
     0
  9
$DIMJOGANG
 40
0.7853981633974483
  9
$DIMTFILL
 70
     0
  9
$DIMTFILLCLR
 70
     0
  9
$DIMARCSYM
 70
     0
  9
$DIMLTYPE
  6

  9
$DIMLTEX1
  6

  9
$DIMLTEX2
  6

  9
$DIMTXTDIRECTION
 70
     0
  9
$LUNITS
 70
     2
  9
$LUPREC
 70
     4
  9
$SKETCHINC
 40
0.1
  9
$FILLETRAD
 40
0.0
  9
$AUNITS
 70
     0
  9
$AUPREC
 70
     0
  9
$MENU
  1
.
  9
$ELEVATION
 40
0.0
  9
$PELEVATION
 40
0.0
  9
$THICKNESS
 40
0.0
  9
$LIMCHECK
 70
     0
  9
$CHAMFERA
 40
0.0
  9
$CHAMFERB
 40
0.0
  9
$CHAMFERC
 40
0.0
  9
$CHAMFERD
 40
0.0
  9
$SKPOLY
 70
     0
  9
$TDCREATE
 40
2459783.191100093
  9
$TDUCREATE
 40
2459783.482766759
  9
$TDUPDATE
 40
2459783.191100822
  9
$TDUUPDATE
 40
2459783.482767488
  9
$TDINDWG
 40
0.0000000116
  9
$TDUSRTIMER
 40
0.0000000116
  9
$USRTIMER
 70
     1
  9
$ANGBASE
 50
0.0
  9
$ANGDIR
 70
     0
  9
$PDMODE
 70
     0
  9
$PDSIZE
 40
0.0
  9
$PLINEWID
 40
0.0
  9
$SPLFRAME
 70
     0
  9
$SPLINETYPE
 70
     6
  9
$SPLINESEGS
 70
     8
  9
$HANDSEED
  5
CCD
  9
$SURFTAB1
 70
     6
  9
$SURFTAB2
 70
     6
  9
$SURFTYPE
 70
     6
  9
$SURFU
 70
     6
  9
$SURFV
 70
     6
  9
$UCSBASE
  2

  9
$UCSNAME
  2

  9
$UCSORG
 10
0.0
 20
0.0
 30
0.0
  9
$UCSXDIR
 10
1.0
 20
0.0
 30
0.0
  9
$UCSYDIR
 10
0.0
 20
1.0
 30
0.0
  9
$UCSORTHOREF
  2

  9
$UCSORTHOVIEW
 70
     0
  9
$UCSORGTOP
 10
0.0
 20
0.0
 30
0.0
  9
$UCSORGBOTTOM
 10
0.0
 20
0.0
 30
0.0
  9
$UCSORGLEFT
 10
0.0
 20
0.0
 30
0.0
  9
$UCSORGRIGHT
 10
0.0
 20
0.0
 30
0.0
  9
$UCSORGFRONT
 10
0.0
 20
0.0
 30
0.0
  9
$UCSORGBACK
 10
0.0
 20
0.0
 30
0.0
  9
$PUCSBASE
  2

  9
$PUCSNAME
  2

  9
$PUCSORG
 10
0.0
 20
0.0
 30
0.0
  9
$PUCSXDIR
 10
1.0
 20
0.0
 30
0.0
  9
$PUCSYDIR
 10
0.0
 20
1.0
 30
0.0
  9
$PUCSORTHOREF
  2

  9
$PUCSORTHOVIEW
 70
     0
  9
$PUCSORGTOP
 10
0.0
 20
0.0
 30
0.0
  9
$PUCSORGBOTTOM
 10
0.0
 20
0.0
 30
0.0
  9
$PUCSORGLEFT
 10
0.0
 20
0.0
 30
0.0
  9
$PUCSORGRIGHT
 10
0.0
 20
0.0
 30
0.0
  9
$PUCSORGFRONT
 10
0.0
 20
0.0
 30
0.0
  9
$PUCSORGBACK
 10
0.0
 20
0.0
 30
0.0
  9
$USERI1
 70
     0
  9
$USERI2
 70
     0
  9
$USERI3
 70
     0
  9
$USERI4
 70
     0
  9
$USERI5
 70
     0
  9
$USERR1
 40
0.0
  9
$USERR2
 40
0.0
  9
$USERR3
 40
0.0
  9
$USERR4
 40
0.0
  9
$USERR5
 40
0.0
  9
$WORLDVIEW
 70
     1
  9
$SHADEDGE
 70
     3
  9
$SHADEDIF
 70
    70
  9
$TILEMODE
 70
     1
  9
$MAXACTVP
 70
    64
  9
$PINSBASE
 10
0.0
 20
0.0
 30
0.0
  9
$PLIMCHECK
 70
     0
  9
$PEXTMIN
 10
0.0
 20
0.0
 30
0.0
  9
$PEXTMAX
 10
0.0
 20
0.0
 30
0.0
  9
$PLIMMIN
 10
-20.0
 20
-7.5
  9
$PLIMMAX
 10
277.0
 20
202.5
  9
$UNITMODE
 70
     0
  9
$VISRETAIN
 70
     1
  9
$PLINEGEN
 70
     0
  9
$PSLTSCALE
 70
     1
  9
$TREEDEPTH
 70
  3020
  9
$CMLSTYLE
  2
Standard
  9
$CMLJUST
 70
     0
  9
$CMLSCALE
 40
1.0
  9
$PROXYGRAPHICS
 70
     1
  9
$MEASUREMENT
 70
     1
  9
$CELWEIGHT
370
    -1
  9
$ENDCAPS
280
     0
  9
$JOINSTYLE
280
     0
  9
$LWDISPLAY
290
     0
  9
$INSUNITS
 70
     4
  9
$HYPERLINKBASE
  1

  9
$STYLESHEET
  1

  9
$XEDIT
290
     1
  9
$CEPSNTYPE
380
     0
  9
$PSTYLEMODE
290
     1
  9
$FINGERPRINTGUID
  2
{e927d840-a7f0-d849-b474-7ecfa7061700}
  9
$VERSIONGUID
  2
{FAEB1C32-E019-11D5-929B-00C0DF256EC4}
  9
$EXTNAMES
290
     1
  9
$PSVPSCALE
 40
0.0
  9
$OLESTARTUP
290
     0
  9
$SORTENTS
280
   127
  9
$INDEXCTL
280
     0
  9
$HIDETEXT
280
     1
  9
$XCLIPFRAME
280
     2
  9
$HALOGAP
280
     0
  9
$OBSCOLOR
 70
   257
  9
$OBSLTYPE
280
     0
  9
$INTERSECTIONDISPLAY
280
     0
  9
$INTERSECTIONCOLOR
 70
   257
  9
$DIMASSOC
280
     2
  9
$PROJECTNAME
  1

  9
$CAMERADISPLAY
290
     0
  9
$LENSLENGTH
 40
50.0
  9
$CAMERAHEIGHT
 40
0.0
  9
$STEPSPERSEC
 40
2.0
  9
$STEPSIZE
 40
6.0
  9
$3DDWFPREC
 40
2.0
  9
$PSOLWIDTH
 40
0.25
  9
$PSOLHEIGHT
 40
4.0
  9
$LOFTANG1
 40
1.570796326794897
  9
$LOFTANG2
 40
1.570796326794897
  9
$LOFTMAG1
 40
0.0
  9
$LOFTMAG2
 40
0.0
  9
$LOFTPARAM
 70
     7
  9
$LOFTNORMALS
280
     1
  9
$LATITUDE
 40
37.795
  9
$LONGITUDE
 40
-122.394
  9
$NORTHDIRECTION
 40
0.0
  9
$TIMEZONE
 70
 -8000
  9
$LIGHTGLYPHDISPLAY
280
     1
  9
$TILEMODELIGHTSYNCH
280
     1
  9
$CMATERIAL
347
BF8
  9
$SOLIDHIST
280
     0
  9
$SHOWHIST
280
     1
  9
$DWFFRAME
280
     2
  9
$DGNFRAME
280
     2
  9
$REALWORLDSCALE
290
     1
  9
$INTERFERECOLOR
 62
   256
  9
$CSHADOW
280
     0
  9
$SHADOWPLANELOCATION
 40
0.0
  0
ENDSEC
  0
SECTION
  2
CLASSES
  0
CLASS
  1
ACDBDICTIONARYWDFLT
  2
AcDbDictionaryWithDefault
  3
ObjectDBX Classes
 90
        0
 91
        3
280
     0
281
     0
  0
CLASS
  1
VISUALSTYLE
  2
AcDbVisualStyle
  3
ObjectDBX Classes
 90
     4095
 91
        3
280
     0
281
     0
  0
CLASS
  1
MATERIAL
  2
AcDbMaterial
  3
ObjectDBX Classes
 90
     1153
 91
        3
280
     0
281
     0
  0
CLASS
  1
SCALE
  2
AcDbScale
  3
ObjectDBX Classes
 90
     1153
 91
        3
280
     0
281
     0
  0
CLASS
  1
TABLESTYLE
  2
AcDbTableStyle
  3
ObjectDBX Classes
 90
     4095
 91
        3
280
     0
281
     0
  0
CLASS
  1
MLEADERSTYLE
  2
AcDbMLeaderStyle
  3
ACDB_MLEADERSTYLE_CLASS
 90
     4095
 91
        3
280
     0
281
     0
  0
CLASS
  1
SUN
  2
AcDbSun
  3
SCENEOE
 90
     1153
 91
        3
280
     0
281
     0
  0
CLASS
  1
DICTIONARYVAR
  2
AcDbDictionaryVar
  3
ObjectDBX Classes
 90
        0
 91
        3
280
     0
281
     0
  0
CLASS
  1
CELLSTYLEMAP
  2
AcDbCellStyleMap
  3
ObjectDBX Classes
 90
     1152
 91
        3
280
     0
281
     0
  0
ENDSEC
  0
SECTION
  2
TABLES
  0
TABLE
  2
VPORT
  5
BBD
330
0
100
AcDbSymbolTable
 70
     1
  0
VPORT
  5
BDD
330
BBD
100
AcDbSymbolTableRecord
100
AcDbViewportTableRecord
  2
*Active
 70
     0
 10
0.0
 20
0.0
 11
1.0
 21
1.0
 12
464.2417849727915
 22
41.84396866552713
 13
0.0
 23
0.0
 14
0.5
 24
0.5
 15
0.5
 25
0.5
 16
0.0
 26
0.0
 36
1.0
 17
0.0
 27
0.0
 37
0.0
 40
225.9468707190137
 41
1.440751445086705
 42
50.0
 43
0.0
 44
0.0
 50
0.0
 51
0.0
 71
     0
 72
   100
 73
     1
 74
     3
 75
     0
 76
     0
 77
     0
 78
     0
281
     0
 65
     1
110
0.0
120
0.0
130
0.0
111
1.0
121
0.0
131
0.0
112
0.0
122
1.0
132
0.0
 79
     0
146
0.0
348
BE3
 60
     3
 61
     5
292
     1
282
     1
141
0.0
142
0.0
 63
   250
361
C11
  0
ENDTAB
  0
TABLE
  2
LTYPE
  5
BBA
330
0
100
AcDbSymbolTable
 70
    48
  0
LTYPE
  5
BC8
330
BBA
100
AcDbSymbolTableRecord
100
AcDbLinetypeTableRecord
  2
ByBlock
 70
     0
  3

 72
    65
 73
     0
 40
0.0
  0
LTYPE
  5
BC9
330
BBA
100
AcDbSymbolTableRecord
100
AcDbLinetypeTableRecord
  2
ByLayer
 70
     0
  3

 72
    65
 73
     0
 40
0.0
  0
LTYPE
  5
BCA
330
BBA
100
AcDbSymbolTableRecord
100
AcDbLinetypeTableRecord
  2
Continuous
 70
     0
  3
Solid line
 72
    65
 73
     0
 40
0.0
  0
LTYPE
  5
C58
330
BBA
100
AcDbSymbolTableRecord
100
AcDbLinetypeTableRecord
  2
ACAD_ISO15W100
 70
     0
  3
ISO double-dash triple-dot __ __ . . . __ __ . .
 72
    65
 73
    10
 40
39.0
 49
12.0
 74
     0
 49
-3.0
 74
     0
 49
12.0
 74
     0
 49
-3.0
 74
     0
 49
0.0
 74
     0
 49
-3.0
 74
     0
 49
0.0
 74
     0
 49
-3.0
 74
     0
 49
0.0
 74
     0
 49
-3.0
 74
     0
  0
LTYPE
  5
C59
330
BBA
100
AcDbSymbolTableRecord
100
AcDbLinetypeTableRecord
  2
ACAD_ISO14W100
 70
     0
  3
ISO dash triple-dot __ . . . __ . . . __ . . . _
 72
    65
 73
     8
 40
24.0
 49
12.0
 74
     0
 49
-3.0
 74
     0
 49
0.0
 74
     0
 49
-3.0
 74
     0
 49
0.0
 74
     0
 49
-3.0
 74
     0
 49
0.0
 74
     0
 49
-3.0
 74
     0
  0
LTYPE
  5
C5A
330
BBA
100
AcDbSymbolTableRecord
100
AcDbLinetypeTableRecord
  2
BORDER
 70
     0
  3
Border __ __ . __ __ . __ __ . __ __ . __ __ .
 72
    65
 73
     6
 40
44.45
 49
12.7
 74
     0
 49
-6.35
 74
     0
 49
12.7
 74
     0
 49
-6.35
 74
     0
 49
0.0
 74
     0
 49
-6.35
 74
     0
  0
LTYPE
  5
C5C
330
BBA
100
AcDbSymbolTableRecord
100
AcDbLinetypeTableRecord
  2
BATTING
 70
     0
  3
Batting SSSSSSSSSSSSSSSSSSSSSSSSSSSSSSSSSSSSSSSSSSSSSSS
 72
    65
 73
     4
 40
10.16254
 49
0.00254
 74
     0
 49
-2.54
 74
     2
 75
     0
340
C5B
 46
2.54
 50
0.0
 44
-2.54
 45
0.0
  9
BAT
 49
-5.08
 74
     2
 75
     0
340
C5B
 46
2.54
 50
180.0
 44
2.54
 45
0.0
  9
BAT
 49
-2.54
 74
     0
  0
LTYPE
  5
C5D
330
BBA
100
AcDbSymbolTableRecord
100
AcDbLinetypeTableRecord
  2
ACAD_ISO11W100
 70
     0
  3
ISO double-dash dot __ __ . __ __ . __ __ . __ _
 72
    65
 73
     6
 40
33.0
 49
12.0
 74
     0
 49
-3.0
 74
     0
 49
12.0
 74
     0
 49
-3.0
 74
     0
 49
0.0
 74
     0
 49
-3.0
 74
     0
  0
LTYPE
  5
C5E
330
BBA
100
AcDbSymbolTableRecord
100
AcDbLinetypeTableRecord
  2
ACAD_ISO10W100
 70
     0
  3
ISO dash dot __ . __ . __ . __ . __ . __ . __ . 
 72
    65
 73
     4
 40
18.0
 49
12.0
 74
     0
 49
-3.0
 74
     0
 49
0.0
 74
     0
 49
-3.0
 74
     0
  0
LTYPE
  5
C5F
330
BBA
100
AcDbSymbolTableRecord
100
AcDbLinetypeTableRecord
  2
ACAD_ISO13W100
 70
     0
  3
ISO double-dash double-dot __ __ . . __ __ . . _
 72
    65
 73
     8
 40
36.0
 49
12.0
 74
     0
 49
-3.0
 74
     0
 49
12.0
 74
     0
 49
-3.0
 74
     0
 49
0.0
 74
     0
 49
-3.0
 74
     0
 49
0.0
 74
     0
 49
-3.0
 74
     0
  0
LTYPE
  5
C60
330
BBA
100
AcDbSymbolTableRecord
100
AcDbLinetypeTableRecord
  2
ACAD_ISO12W100
 70
     0
  3
ISO dash double-dot __ . . __ . . __ . . __ . . 
 72
    65
 73
     6
 40
21.0
 49
12.0
 74
     0
 49
-3.0
 74
     0
 49
0.0
 74
     0
 49
-3.0
 74
     0
 49
0.0
 74
     0
 49
-3.0
 74
     0
  0
LTYPE
  5
C62
330
BBA
100
AcDbSymbolTableRecord
100
AcDbLinetypeTableRecord
  2
GAS_LINE
 70
     0
  3
Gas line ----GAS----GAS----GAS----GAS----GAS----GAS--
 72
    65
 73
     3
 40
24.13
 49
12.7
 74
     0
 49
-5.08
 74
     2
 75
     0
340
C61
 46
2.54
 50
0.0
 44
-2.54
 45
-1.27
  9
GAS
 49
-6.35
 74
     0
  0
LTYPE
  5
C63
330
BBA
100
AcDbSymbolTableRecord
100
AcDbLinetypeTableRecord
  2
FENCELINE2
 70
     0
  3
Fenceline square ----[]-----[]----[]-----[]----[]---
 72
    65
 73
     4
 40
36.83
 49
6.35
 74
     0
 49
-2.54
 74
     2
 75
     0
340
C5B
 46
2.54
 50
0.0
 44
-2.54
 45
0.0
  9
BOX
 49
-2.54
 74
     0
 49
25.4
 74
     0
  0
LTYPE
  5
C64
330
BBA
100
AcDbSymbolTableRecord
100
AcDbLinetypeTableRecord
  2
HIDDEN2
 70
     0
  3
Hidden (.5x) _ _ _ _ _ _ _ _ _ _ _ _ _ _ _ _ _ 
 72
    65
 73
     2
 40
4.762499999999999
 49
3.175
 74
     0
 49
-1.5875
 74
     0
  0
LTYPE
  5
C65
330
BBA
100
AcDbSymbolTableRecord
100
AcDbLinetypeTableRecord
  2
HIDDEN
 70
     0
  3
Hidden __ __ __ __ __ __ __ __ __ __ __ __ __ __
 72
    65
 73
     2
 40
9.524999999999999
 49
6.35
 74
     0
 49
-3.175
 74
     0
  0
LTYPE
  5
C67
330
BBA
100
AcDbSymbolTableRecord
100
AcDbLinetypeTableRecord
  2
DRAINAGE
 70
     0
  3
Drainage ---->---->---->----
 72
    65
 73
     2
 40
10.16
 49
5.08
 74
     2
 75
     0
340
C66
 46
2.54
 50
180.0
 44
0.0
 45
0.0
  9
RIGHT_ARROW
 49
5.08
 74
     0
  0
LTYPE
  5
C68
330
BBA
100
AcDbSymbolTableRecord
100
AcDbLinetypeTableRecord
  2
DOTX2
 70
     0
  3
Dot (2x) .  .  .  .  .  .  .  .  .  .  .  .  .  .
 72
    65
 73
     2
 40
12.7
 49
0.0
 74
     0
 49
-12.7
 74
     0
  0
LTYPE
  5
C69
330
BBA
100
AcDbSymbolTableRecord
100
AcDbLinetypeTableRecord
  2
FENCELINE1
 70
     0
  3
Fenceline circle ----0-----0----0-----0----0-----0--
 72
    65
 73
     4
 40
36.83
 49
6.35
 74
     0
 49
-2.54
 74
     2
 75
     0
340
C5B
 46
2.54
 50
0.0
 44
-2.54
 45
0.0
  9
CIRC1
 49
-2.54
 74
     0
 49
25.4
 74
     0
  0
LTYPE
  5
C6A
330
BBA
100
AcDbSymbolTableRecord
100
AcDbLinetypeTableRecord
  2
DRAINAGE2
 70
     0
  3
Drainage reversed----<----<----<----
 72
    65
 73
     2
 40
10.16
 49
5.08
 74
     2
 75
     0
340
C66
 46
2.54
 50
0.0
 44
0.0
 45
0.0
  9
RIGHT_ARROW
 49
5.08
 74
     0
  0
LTYPE
  5
C6B
330
BBA
100
AcDbSymbolTableRecord
100
AcDbLinetypeTableRecord
  2
DIVIDEX2
 70
     0
  3
Divide (2x) ________  .  .  ________  .  .  _
 72
    65
 73
     6
 40
63.5
 49
25.4
 74
     0
 49
-12.7
 74
     0
 49
0.0
 74
     0
 49
-12.7
 74
     0
 49
0.0
 74
     0
 49
-12.7
 74
     0
  0
LTYPE
  5
C6C
330
BBA
100
AcDbSymbolTableRecord
100
AcDbLinetypeTableRecord
  2
DIVIDE2
 70
     0
  3
Divide (.5x) __..__..__..__..__..__..__..__.._
 72
    65
 73
     6
 40
15.875
 49
6.35
 74
     0
 49
-3.175
 74
     0
 49
0.0
 74
     0
 49
-3.175
 74
     0
 49
0.0
 74
     0
 49
-3.175
 74
     0
  0
LTYPE
  5
C6D
330
BBA
100
AcDbSymbolTableRecord
100
AcDbLinetypeTableRecord
  2
DOT2
 70
     0
  3
Dot (.5x) ........................................
 72
    65
 73
     2
 40
3.175
 49
0.0
 74
     0
 49
-3.175
 74
     0
  0
LTYPE
  5
C6E
330
BBA
100
AcDbSymbolTableRecord
100
AcDbLinetypeTableRecord
  2
DOT
 70
     0
  3
Dot . . . . . . . . . . . . . . . . . . . . . . . .
 72
    65
 73
     2
 40
6.35
 49
0.0
 74
     0
 49
-6.35
 74
     0
  0
LTYPE
  5
C6F
330
BBA
100
AcDbSymbolTableRecord
100
AcDbLinetypeTableRecord
  2
DASHED2
 70
     0
  3
Dashed (.5x) _ _ _ _ _ _ _ _ _ _ _ _ _ _ _ _ _ 
 72
    65
 73
     2
 40
9.524999999999999
 49
6.35
 74
     0
 49
-3.175
 74
     0
  0
LTYPE
  5
C70
330
BBA
100
AcDbSymbolTableRecord
100
AcDbLinetypeTableRecord
  2
DASHED
 70
     0
  3
Dashed __ __ __ __ __ __ __ __ __ __ __ __ __ _
 72
    65
 73
     2
 40
19.05
 49
12.7
 74
     0
 49
-6.35
 74
     0
  0
LTYPE
  5
C71
330
BBA
100
AcDbSymbolTableRecord
100
AcDbLinetypeTableRecord
  2
DIVIDE
 70
     0
  3
Divide ____ . . ____ . . ____ . . ____ . . ____
 72
    65
 73
     6
 40
31.75
 49
12.7
 74
     0
 49
-6.35
 74
     0
 49
0.0
 74
     0
 49
-6.35
 74
     0
 49
0.0
 74
     0
 49
-6.35
 74
     0
  0
LTYPE
  5
C72
330
BBA
100
AcDbSymbolTableRecord
100
AcDbLinetypeTableRecord
  2
DASHEDX2
 70
     0
  3
Dashed (2x) ____  ____  ____  ____  ____  ___
 72
    65
 73
     2
 40
38.09999999999999
 49
25.4
 74
     0
 49
-12.7
 74
     0
  0
LTYPE
  5
C73
330
BBA
100
AcDbSymbolTableRecord
100
AcDbLinetypeTableRecord
  2
TRACKS
 70
     0
  3
Tracks -|-|-|-|-|-|-|-|-|-|-|-|-|-|-|-|-|-|-|-|-|-|-|-|-
 72
    65
 73
     2
 40
7.62
 49
3.81
 74
     2
 75
     0
340
C5B
 46
6.35
 50
0.0
 44
0.0
 45
0.0
  9
TRACK1
 49
3.81
 74
     0
  0
LTYPE
  5
C74
330
BBA
100
AcDbSymbolTableRecord
100
AcDbLinetypeTableRecord
  2
PHANTOMX2
 70
     0
  3
Phantom (2x) ____________    ____    ____   _
 72
    65
 73
     6
 40
127.0
 49
63.5
 74
     0
 49
-12.7
 74
     0
 49
12.7
 74
     0
 49
-12.7
 74
     0
 49
12.7
 74
     0
 49
-12.7
 74
     0
  0
LTYPE
  5
C75
330
BBA
100
AcDbSymbolTableRecord
100
AcDbLinetypeTableRecord
  2
ZIGZAG
 70
     0
  3
Zig zag /\/\/\/\/\/\/\/\/\/\/\/\/\/\/\/\/\/\/\/\/\/\/\/
 72
    65
 73
     4
 40
20.32254
 49
0.00254
 74
     0
 49
-5.08
 74
     2
 75
     0
340
C5B
 46
5.08
 50
0.0
 44
-5.08
 45
0.0
  9
ZIG
 49
-10.16
 74
     2
 75
     0
340
C5B
 46
5.08
 50
180.0
 44
5.08
 45
0.0
  9
ZIG
 49
-5.08
 74
     0
  0
LTYPE
  5
C76
330
BBA
100
AcDbSymbolTableRecord
100
AcDbLinetypeTableRecord
  2
HOT_WATER_SUPPLY
 70
     0
  3
Hot water supply ---- HW ---- HW ---- HW ----
 72
    65
 73
     3
 40
22.86
 49
12.7
 74
     0
 49
-5.08
 74
     2
 75
     0
340
C61
 46
2.54
 50
0.0
 44
-2.54
 45
-1.27
  9
HW
 49
-5.08
 74
     0
  0
LTYPE
  5
C77
330
BBA
100
AcDbSymbolTableRecord
100
AcDbLinetypeTableRecord
  2
HIDDENX2
 70
     0
  3
Hidden (2x) ____ ____ ____ ____ ____ ____ ____ 
 72
    65
 73
     2
 40
19.05
 49
12.7
 74
     0
 49
-6.35
 74
     0
  0
LTYPE
  5
C78
330
BBA
100
AcDbSymbolTableRecord
100
AcDbLinetypeTableRecord
  2
PHANTOM2
 70
     0
  3
Phantom (.5x) ___ _ _ ___ _ _ ___ _ _ ___ _ _
 72
    65
 73
     6
 40
31.75
 49
15.875
 74
     0
 49
-3.175
 74
     0
 49
3.175
 74
     0
 49
-3.175
 74
     0
 49
3.175
 74
     0
 49
-3.175
 74
     0
  0
LTYPE
  5
C79
330
BBA
100
AcDbSymbolTableRecord
100
AcDbLinetypeTableRecord
  2
PHANTOM
 70
     0
  3
Phantom ______  __  __  ______  __  __  ______ 
 72
    65
 73
     6
 40
63.50000000000001
 49
31.75
 74
     0
 49
-6.35
 74
     0
 49
6.35
 74
     0
 49
-6.35
 74
     0
 49
6.35
 74
     0
 49
-6.35
 74
     0
  0
LTYPE
  5
C7A
330
BBA
100
AcDbSymbolTableRecord
100
AcDbLinetypeTableRecord
  2
ACAD_ISO07W100
 70
     0
  3
ISO dot . . . . . . . . . . . . . . . . . . . . 
 72
    65
 73
     2
 40
3.0
 49
0.0
 74
     0
 49
-3.0
 74
     0
  0
LTYPE
  5
C7B
330
BBA
100
AcDbSymbolTableRecord
100
AcDbLinetypeTableRecord
  2
ACAD_ISO06W100
 70
     0
  3
ISO long-dash triple-dot ____ ... ____ ... ____
 72
    65
 73
     8
 40
36.0
 49
24.0
 74
     0
 49
-3.0
 74
     0
 49
0.0
 74
     0
 49
-3.0
 74
     0
 49
0.0
 74
     0
 49
-3.0
 74
     0
 49
0.0
 74
     0
 49
-3.0
 74
     0
  0
LTYPE
  5
C7C
330
BBA
100
AcDbSymbolTableRecord
100
AcDbLinetypeTableRecord
  2
ACAD_ISO09W100
 70
     0
  3
ISO long-dash double-short-dash ____ __ __ ____
 72
    65
 73
     6
 40
45.0
 49
24.0
 74
     0
 49
-3.0
 74
     0
 49
6.0
 74
     0
 49
-3.0
 74
     0
 49
6.0
 74
     0
 49
-3.0
 74
     0
  0
LTYPE
  5
C7D
330
BBA
100
AcDbSymbolTableRecord
100
AcDbLinetypeTableRecord
  2
ACAD_ISO08W100
 70
     0
  3
ISO long-dash short-dash ____ __ ____ __ ____ _
 72
    65
 73
     4
 40
36.0
 49
24.0
 74
     0
 49
-3.0
 74
     0
 49
6.0
 74
     0
 49
-3.0
 74
     0
  0
LTYPE
  5
C7E
330
BBA
100
AcDbSymbolTableRecord
100
AcDbLinetypeTableRecord
  2
ACAD_ISO03W100
 70
     0
  3
ISO dash space __    __    __    __    __    __
 72
    65
 73
     2
 40
30.0
 49
12.0
 74
     0
 49
-18.0
 74
     0
  0
LTYPE
  5
C7F
330
BBA
100
AcDbSymbolTableRecord
100
AcDbLinetypeTableRecord
  2
ACAD_ISO02W100
 70
     0
  3
ISO dash __ __ __ __ __ __ __ __ __ __ __ __ __
 72
    65
 73
     2
 40
15.0
 49
12.0
 74
     0
 49
-3.0
 74
     0
  0
LTYPE
  5
C80
330
BBA
100
AcDbSymbolTableRecord
100
AcDbLinetypeTableRecord
  2
ACAD_ISO05W100
 70
     0
  3
ISO long-dash double-dot ____ .. ____ .. ____ . 
 72
    65
 73
     6
 40
33.0
 49
24.0
 74
     0
 49
-3.0
 74
     0
 49
0.0
 74
     0
 49
-3.0
 74
     0
 49
0.0
 74
     0
 49
-3.0
 74
     0
  0
LTYPE
  5
C81
330
BBA
100
AcDbSymbolTableRecord
100
AcDbLinetypeTableRecord
  2
ACAD_ISO04W100
 70
     0
  3
ISO long-dash dot ____ . ____ . ____ . ____ . _
 72
    65
 73
     4
 40
30.0
 49
24.0
 74
     0
 49
-3.0
 74
     0
 49
0.0
 74
     0
 49
-3.0
 74
     0
  0
LTYPE
  5
C82
330
BBA
100
AcDbSymbolTableRecord
100
AcDbLinetypeTableRecord
  2
DASHDOT
 70
     0
  3
Dash dot __ . __ . __ . __ . __ . __ . __ . __
 72
    65
 73
     4
 40
25.4
 49
12.7
 74
     0
 49
-6.35
 74
     0
 49
0.0
 74
     0
 49
-6.35
 74
     0
  0
LTYPE
  5
C83
330
BBA
100
AcDbSymbolTableRecord
100
AcDbLinetypeTableRecord
  2
CENTERX2
 70
     0
  3
Center (2x) ________  __  ________  __  _____
 72
    65
 73
     4
 40
101.6
 49
63.5
 74
     0
 49
-12.7
 74
     0
 49
12.7
 74
     0
 49
-12.7
 74
     0
  0
LTYPE
  5
C84
330
BBA
100
AcDbSymbolTableRecord
100
AcDbLinetypeTableRecord
  2
DASHDOTX2
 70
     0
  3
Dash dot (2x) ____  .  ____  .  ____  .  ___
 72
    65
 73
     4
 40
50.8
 49
25.4
 74
     0
 49
-12.7
 74
     0
 49
0.0
 74
     0
 49
-12.7
 74
     0
  0
LTYPE
  5
C85
330
BBA
100
AcDbSymbolTableRecord
100
AcDbLinetypeTableRecord
  2
DASHDOT2
 70
     0
  3
Dash dot (.5x) _._._._._._._._._._._._._._._.
 72
    65
 73
     4
 40
12.7
 49
6.35
 74
     0
 49
-3.175
 74
     0
 49
0.0
 74
     0
 49
-3.175
 74
     0
  0
LTYPE
  5
C86
330
BBA
100
AcDbSymbolTableRecord
100
AcDbLinetypeTableRecord
  2
BORDERX2
 70
     0
  3
Border (2x) ____  ____  .  ____  ____  .  ___
 72
    65
 73
     6
 40
88.89999999999999
 49
25.4
 74
     0
 49
-12.7
 74
     0
 49
25.4
 74
     0
 49
-12.7
 74
     0
 49
0.0
 74
     0
 49
-12.7
 74
     0
  0
LTYPE
  5
C87
330
BBA
100
AcDbSymbolTableRecord
100
AcDbLinetypeTableRecord
  2
BORDER2
 70
     0
  3
Border (.5x) __.__.__.__.__.__.__.__.__.__.__.
 72
    65
 73
     6
 40
22.225
 49
6.35
 74
     0
 49
-3.175
 74
     0
 49
6.35
 74
     0
 49
-3.175
 74
     0
 49
0.0
 74
     0
 49
-3.175
 74
     0
  0
LTYPE
  5
C88
330
BBA
100
AcDbSymbolTableRecord
100
AcDbLinetypeTableRecord
  2
CENTER2
 70
     0
  3
Center (.5x) ___ _ ___ _ ___ _ ___ _ ___ _ ___
 72
    65
 73
     4
 40
28.575
 49
19.05
 74
     0
 49
-3.175
 74
     0
 49
3.175
 74
     0
 49
-3.175
 74
     0
  0
LTYPE
  5
C89
330
BBA
100
AcDbSymbolTableRecord
100
AcDbLinetypeTableRecord
  2
CENTER
 70
     0
  3
Center ____ _ ____ _ ____ _ ____ _ ____ _ ____
 72
    65
 73
     4
 40
50.8
 49
31.75
 74
     0
 49
-6.35
 74
     0
 49
6.35
 74
     0
 49
-6.35
 74
     0
  0
ENDTAB
  0
TABLE
  2
LAYER
  5
BB8
330
0
100
AcDbSymbolTable
 70
     8
  0
LAYER
  5
BC5
330
BB8
100
AcDbSymbolTableRecord
100
AcDbLayerTableRecord
  2
0
 70
     0
 62
    18
420
        0
  6
Continuous
370
    70
390
BC4
347
BFA
  0
LAYER
  5
C8A
330
BB8
100
AcDbSymbolTableRecord
100
AcDbLayerTableRecord
  2
Arc
 70
     0
 62
     1
  6
DOT2
370
    70
390
BC4
347
BFA
  0
LAYER
  5
C8B
330
BB8
100
AcDbSymbolTableRecord
100
AcDbLayerTableRecord
  2
Defpoints
 70
     0
 62
     7
  6
Continuous
290
     0
370
    -3
390
BC4
347
BFA
  0
LAYER
  5
C8C
330
BB8
100
AcDbSymbolTableRecord
100
AcDbLayerTableRecord
  2
Dimensions
 70
     0
 62
     5
  6
Continuous
370
    40
390
BC4
347
BFA
1001
QCAD
1000
snappable:0
  0
LAYER
  5
C8D
330
BB8
100
AcDbSymbolTableRecord
100
AcDbLayerTableRecord
  2
Hidden
 70
     0
 62
   250
420
  4079168
  6
DOT2
370
    70
390
BC4
347
BFA
  0
LAYER
  5
C8E
330
BB8
100
AcDbSymbolTableRecord
100
AcDbLayerTableRecord
  2
Labels
 70
     0
 62
    96
420
    32768
  6
Continuous
370
    50
390
BC4
347
BFA
  0
LAYER
  5
C8F
330
BB8
100
AcDbSymbolTableRecord
100
AcDbLayerTableRecord
  2
LED Strip
 70
     0
 62
   212
420
 13175244
  6
Continuous
370
    30
390
BC4
347
BFA
  0
LAYER
  5
C90
330
BB8
100
AcDbSymbolTableRecord
100
AcDbLayerTableRecord
  2
LED Strip ... LED Wires
 70
     0
 62
     6
  6
Continuous
370
     5
390
BC4
347
BFA
  0
ENDTAB
  0
TABLE
  2
STYLE
  5
BB9
330
0
100
AcDbSymbolTable
 70
     6
  0
STYLE
  5
BC6
330
BB9
100
AcDbSymbolTableRecord
100
AcDbTextStyleTableRecord
  2
Standard
 70
     0
 40
0.0
 41
1.0
 50
0.0
 71
     0
 42
0.2
  3
txt
  4

  0
STYLE
  5
C56
330
BB9
100
AcDbSymbolTableRecord
100
AcDbTextStyleTableRecord
  2
QCADDimTextStyle
 70
     0
 40
0.0
 41
1.0
 50
0.0
 71
     0
 42
0.2
  3
Arial Black.ttf
  4

1001
ACAD
1000
Arial Black
1071
        0
  0
STYLE
  5
C5B
330
BB9
100
AcDbSymbolTableRecord
100
AcDbTextStyleTableRecord
  2
textstyle0
 70
     0
 40
0.0
 41
1.0
 50
0.0
 71
     0
 42
0.2
  3
ltypeshp.shx
  4

  0
STYLE
  5
C61
330
BB9
100
AcDbSymbolTableRecord
100
AcDbTextStyleTableRecord
  2
textstyle1
 70
     0
 40
0.0
 41
1.0
 50
0.0
 71
     0
 42
0.2
  3
STANDARD
  4

  0
STYLE
  5
C66
330
BB9
100
AcDbSymbolTableRecord
100
AcDbTextStyleTableRecord
  2
textstyle2
 70
     0
 40
0.0
 41
1.0
 50
0.0
 71
     0
 42
0.2
  3
qcadshp.shx
  4

  0
STYLE
  5
C93
330
BB9
100
AcDbSymbolTableRecord
100
AcDbTextStyleTableRecord
  2
textstyle3
 70
     0
 40
0.0
 41
1.0
 50
0.0
 71
     0
 42
0.2
  3
Arial.ttf
  4

1001
ACAD
1000
Arial
1071
        0
  0
ENDTAB
  0
TABLE
  2
VIEW
  5
BBB
330
0
100
AcDbSymbolTable
 70
     0
  0
ENDTAB
  0
TABLE
  2
UCS
  5
BBC
330
0
100
AcDbSymbolTable
 70
     0
  0
ENDTAB
  0
TABLE
  2
APPID
  5
BBE
330
0
100
AcDbSymbolTable
 70
     2
  0
APPID
  5
BC7
330
BBE
100
AcDbSymbolTableRecord
100
AcDbRegAppTableRecord
  2
ACAD
 70
     0
  0
APPID
  5
C12
330
BBE
100
AcDbSymbolTableRecord
100
AcDbRegAppTableRecord
  2
QCAD
 70
     0
  0
ENDTAB
  0
TABLE
  2
DIMSTYLE
  5
BBF
330
0
100
AcDbSymbolTable
 70
     2
100
AcDbDimStyleTable
  0
DIMSTYLE
105
BDB
330
BBF
100
AcDbSymbolTableRecord
100
AcDbDimStyleTableRecord
  2
Standard
 70
     0
178
     0
340
BC6
  0
DIMSTYLE
105
C57
102
{ACAD_REACTORS
330
4B4
330
4B5
330
4B6
330
4B8
330
4B9
330
4BA
330
4BB
330
4BC
330
4C3
330
B4F
330
B77
330
4C4
330
B50
330
B78
330
4CB
330
B51
330
B79
330
4CC
330
B52
330
B7A
330
A5D
330
A5F
330
B64
330
B8C
330
A60
330
B65
330
B8D
330
A61
330
B66
330
B8E
330
A62
330
B67
330
B8F
330
A63
330
A64
330
A65
330
A67
330
B68
330
B90
330
A68
330
B69
330
B91
330
A69
102
}
330
BBF
100
AcDbSymbolTableRecord
100
AcDbDimStyleTableRecord
  2
QCADDimStyle
 70
     0
 41
2.0
 42
0.625
 43
2.0
 44
1.0
 73
     0
 77
     1
 78
     8
 79
     2
140
2.0
147
1.0
178
   256
279
     2
340
C56
  0
ENDTAB
  0
TABLE
  2
BLOCK_RECORD
  5
BB7
330
0
100
AcDbSymbolTable
 70
     0
  0
BLOCK_RECORD
  5
BD3
330
BB7
100
AcDbSymbolTableRecord
100
AcDbBlockTableRecord
  2
*Model_Space
340
BD6
 70
     0
280
     1
281
     0
  0
BLOCK_RECORD
  5
BCF
330
BB7
100
AcDbSymbolTableRecord
100
AcDbBlockTableRecord
  2
*Paper_Space
340
BD2
 70
     0
280
     1
281
     0
  0
ENDTAB
  0
ENDSEC
  0
SECTION
  2
BLOCKS
  0
BLOCK
  5
BD4
330
BD3
100
AcDbEntity
  8
0
100
AcDbBlockBegin
  2
*Model_Space
 70
     0
 10
0.0
 20
0.0
 30
0.0
  3
*Model_Space
  1

  0
ENDBLK
  5
BD5
330
BD3
100
AcDbEntity
  8
0
100
AcDbBlockEnd
  0
BLOCK
  5
BD0
330
BCF
100
AcDbEntity
 67
     1
  8
0
100
AcDbBlockBegin
  2
*Paper_Space
 70
     0
 10
0.0
 20
0.0
 30
0.0
  3
*Paper_Space
  1

  0
ENDBLK
  5
BD1
330
BCF
100
AcDbEntity
 67
     1
  8
0
100
AcDbBlockEnd
  0
ENDSEC
  0
SECTION
  2
ENTITIES
  0
LINE
  5
2F5
330
BD3
100
AcDbEntity
  8
0
100
AcDbLine
 10
85.0
 20
58.0
 30
0.0
 11
85.0
 21
28.0
 31
0.0
  0
LINE
  5
2F6
330
BD3
100
AcDbEntity
  8
0
100
AcDbLine
 10
85.0
 20
28.0
 30
0.0
 11
77.0
 21
28.0
 31
0.0
  0
LINE
  5
2F8
330
BD3
100
AcDbEntity
  8
Hidden
 48
0.5
100
AcDbLine
 10
77.0
 20
38.0
 30
0.0
 11
80.0
 21
38.0
 31
0.0
  0
LINE
  5
2F9
330
BD3
100
AcDbEntity
  8
Hidden
 48
0.5
100
AcDbLine
 10
80.0
 20
38.0
 30
0.0
 11
80.0
 21
48.0
 31
0.0
  0
LINE
  5
2FA
330
BD3
100
AcDbEntity
  8
Hidden
 48
0.5
100
AcDbLine
 10
80.0
 20
48.0
 30
0.0
 11
77.0
 21
48.0
 31
0.0
  0
LINE
  5
2FC
330
BD3
100
AcDbEntity
  8
0
100
AcDbLine
 10
77.0
 20
58.0
 30
0.0
 11
85.0
 21
58.0
 31
0.0
  0
LINE
  5
2FE
330
BD3
100
AcDbEntity
  8
Hidden
 48
0.5
100
AcDbLine
 10
71.0
 20
38.0
 30
0.0
 11
68.0
 21
38.0
 31
0.0
  0
LINE
  5
2FF
330
BD3
100
AcDbEntity
  8
Hidden
 48
0.5
100
AcDbLine
 10
68.0
 20
38.0
 30
0.0
 11
68.0
 21
48.0
 31
0.0
  0
LINE
  5
300
330
BD3
100
AcDbEntity
  8
Hidden
 48
0.5
100
AcDbLine
 10
68.0
 20
48.0
 30
0.0
 11
71.0
 21
48.0
 31
0.0
  0
LINE
  5
302
330
BD3
100
AcDbEntity
  8
0
100
AcDbLine
 10
71.0
 20
58.0
 30
0.0
 11
63.0
 21
58.0
 31
0.0
  0
LINE
  5
303
330
BD3
100
AcDbEntity
  8
0
100
AcDbLine
 10
63.0
 20
58.0
 30
0.0
 11
63.0
 21
28.0
 31
0.0
  0
LINE
  5
304
330
BD3
100
AcDbEntity
  8
0
100
AcDbLine
 10
63.0
 20
28.0
 30
0.0
 11
71.0
 21
28.0
 31
0.0
  0
ARC
  5
125
330
BD3
100
AcDbEntity
  8
Arc
100
AcDbCircle
 10
68.0
 20
38.0
 30
0.0
 40
12.0
100
AcDbArc
 50
5.1944289077348
 51
63.43494882292201
  0
LINE
  5
126
330
BD3
100
AcDbEntity
  8
Arc
100
AcDbLine
 10
73.36656314599949
 20
48.73312629199899
 30
0.0
 11
68.0
 21
38.0
 31
0.0
  0
LINE
  5
20E
330
BD3
100
AcDbEntity
  8
Hidden
 48
0.5
100
AcDbLine
 10
71.0
 20
38.0
 30
0.0
 11
77.0
 21
38.0
 31
0.0
  0
LINE
  5
2EA
330
BD3
100
AcDbEntity
  8
0
100
AcDbLine
 10
110.0
 20
58.0
 30
0.0
 11
270.0
 21
58.0
 31
0.0
  0
LINE
  5
B46
330
BD3
100
AcDbEntity
  8
0
100
AcDbLine
 10
408.5324010914052
 20
52.77762619372442
 30
0.0
 11
568.5324010914052
 21
52.77762619372442
 31
0.0
  0
LINE
  5
B6E
330
BD3
100
AcDbEntity
  8
0
100
AcDbLine
 10
408.5324010914052
 20
132.7776261937244
 30
0.0
 11
568.5324010914052
 21
132.7776261937244
 31
0.0
  0
LINE
  5
2EB
330
BD3
100
AcDbEntity
  8
0
100
AcDbLine
 10
270.0
 20
58.0
 30
0.0
 11
270.0
 21
28.0
 31
0.0
  0
LINE
  5
B47
330
BD3
100
AcDbEntity
  8
0
100
AcDbLine
 10
568.5324010914052
 20
52.77762619372442
 30
0.0
 11
568.5324010914052
 21
22.77762619372442
 31
0.0
  0
LINE
  5
B6F
330
BD3
100
AcDbEntity
  8
0
100
AcDbLine
 10
568.5324010914052
 20
132.7776261937244
 30
0.0
 11
568.5324010914052
 21
102.7776261937244
 31
0.0
  0
LINE
  5
2EC
330
BD3
100
AcDbEntity
  8
0
100
AcDbLine
 10
270.0
 20
28.0
 30
0.0
 11
110.0
 21
28.0
 31
0.0
  0
LINE
  5
B48
330
BD3
100
AcDbEntity
  8
0
100
AcDbLine
 10
568.5324010914052
 20
22.77762619372442
 30
0.0
 11
408.5324010914052
 21
22.77762619372442
 31
0.0
  0
LINE
  5
B70
330
BD3
100
AcDbEntity
  8
0
100
AcDbLine
 10
568.5324010914052
 20
102.7776261937244
 30
0.0
 11
408.5324010914052
 21
102.7776261937244
 31
0.0
  0
LINE
  5
2EF
330
BD3
100
AcDbEntity
  8
0
100
AcDbLine
 10
110.0
 20
58.0
 30
0.0
 11
110.0
 21
28.0
 31
0.0
  0
LINE
  5
B49
330
BD3
100
AcDbEntity
  8
0
100
AcDbLine
 10
408.5324010914052
 20
52.77762619372442
 30
0.0
 11
408.5324010914052
 21
22.77762619372442
 31
0.0
  0
LINE
  5
B71
330
BD3
100
AcDbEntity
  8
0
100
AcDbLine
 10
408.5324010914052
 20
132.7776261937244
 30
0.0
 11
408.5324010914052
 21
102.7776261937244
 31
0.0
  0
LINE
  5
305
330
BD3
100
AcDbEntity
  8
0
100
AcDbLine
 10
71.0
 20
28.0
 30
0.0
 11
77.0
 21
28.0
 31
0.0
  0
LINE
  5
306
330
BD3
100
AcDbEntity
  8
0
100
AcDbLine
 10
71.0
 20
58.0
 30
0.0
 11
71.0
 21
28.0
 31
0.0
  0
LINE
  5
307
330
BD3
100
AcDbEntity
  8
0
100
AcDbLine
 10
77.0
 20
58.0
 30
0.0
 11
77.0
 21
28.0
 31
0.0
  0
DIMENSION
  5
4B4
330
BD3
100
AcDbEntity
  8
Dimensions
100
AcDbDimension
280
     0
 10
88.0
 20
58.0
 30
0.0
 11
91.0
 21
53.0
 31
0.0
 70
   160
 71
     5
 42
-1.0
 73
     0
 74
     0
 75
     0
  3
QCADDimStyle
100
AcDbAlignedDimension
 13
85.0
 23
58.0
 33
0.0
 14
85.0
 24
48.0
 34
0.0
 50
90.0
100
AcDbRotatedDimension
1001
ACAD
1000
DSTYLE
1002
{
1070
   289
1070
     0
1070
    73
1070
     1
1002
}
  0
DIMENSION
  5
4B5
330
BD3
100
AcDbEntity
  8
Dimensions
100
AcDbDimension
280
     0
 10
88.0
 20
48.0
 30
0.0
 11
91.0
 21
43.0
 31
0.0
 70
   160
 71
     5
 42
-1.0
 73
     0
 74
     0
 75
     0
  3
QCADDimStyle
100
AcDbAlignedDimension
 13
85.0
 23
48.0
 33
0.0
 14
85.0
 24
38.0
 34
0.0
 50
90.0
100
AcDbRotatedDimension
1001
ACAD
1000
DSTYLE
1002
{
1070
   289
1070
     0
1070
    73
1070
     1
1002
}
  0
DIMENSION
  5
4B6
330
BD3
100
AcDbEntity
  8
Dimensions
100
AcDbDimension
280
     0
 10
88.0
 20
38.0
 30
0.0
 11
91.0
 21
33.0
 31
0.0
 70
   160
 71
     5
 42
-1.0
 73
     0
 74
     0
 75
     0
  3
QCADDimStyle
100
AcDbAlignedDimension
 13
85.0
 23
38.0
 33
0.0
 14
85.0
 24
28.0
 34
0.0
 50
90.0
100
AcDbRotatedDimension
1001
ACAD
1000
DSTYLE
1002
{
1070
   289
1070
     0
1070
   147
1040
0.0
1070
    73
1070
     1
1002
}
  0
DIMENSION
  5
4B8
330
BD3
100
AcDbEntity
  8
Dimensions
100
AcDbDimension
280
     0
 10
77.0
 20
50.0
 30
0.0
 11
78.5
 21
52.0
 31
0.0
 70
    32
 71
     5
 42
-1.0
 73
     0
 74
     0
 75
     0
  3
QCADDimStyle
100
AcDbAlignedDimension
 13
77.0
 23
48.0
 33
0.0
 14
80.0
 24
48.0
 34
0.0
100
AcDbRotatedDimension
1001
ACAD
1000
DSTYLE
1002
{
1070
    41
1040
1.0
1070
   289
1070
     0
1002
}
  0
DIMENSION
  5
4B9
330
BD3
100
AcDbEntity
  8
Dimensions
100
AcDbDimension
280
     0
 10
80.0
 20
50.0
 30
0.0
 11
82.5
 21
52.0
 31
0.0
 70
    32
 71
     5
 42
-1.0
 73
     0
 74
     0
 75
     0
  3
QCADDimStyle
100
AcDbAlignedDimension
 13
80.0
 23
48.0
 33
0.0
 14
85.0
 24
48.0
 34
0.0
100
AcDbRotatedDimension
1001
ACAD
1000
DSTYLE
1002
{
1070
    41
1040
1.0
1070
   289
1070
     0
1002
}
  0
DIMENSION
  5
4BA
330
BD3
100
AcDbEntity
  8
Dimensions
100
AcDbDimension
280
     0
 10
63.0
 20
26.0
 30
0.0
 11
67.0
 21
24.0
 31
0.0
 70
    32
 71
     5
 42
-1.0
 73
     0
 74
     0
 75
     0
  3
QCADDimStyle
100
AcDbAlignedDimension
 13
63.0
 23
28.0
 33
0.0
 14
71.0
 24
28.0
 34
0.0
100
AcDbRotatedDimension
1001
ACAD
1000
DSTYLE
1002
{
1070
   289
1070
     0
1070
   147
1040
-3.0
1002
}
  0
DIMENSION
  5
4BB
330
BD3
100
AcDbEntity
  8
Dimensions
100
AcDbDimension
280
     0
 10
71.0
 20
26.0
 30
0.0
 11
74.0
 21
24.0
 31
0.0
 70
    32
 71
     5
 42
-1.0
 73
     0
 74
     0
 75
     0
  3
QCADDimStyle
100
AcDbAlignedDimension
 13
71.0
 23
28.0
 33
0.0
 14
77.0
 24
28.0
 34
0.0
100
AcDbRotatedDimension
1001
ACAD
1000
DSTYLE
1002
{
1070
   289
1070
     0
1070
   147
1040
-3.0
1002
}
  0
DIMENSION
  5
4BC
330
BD3
100
AcDbEntity
  8
Dimensions
100
AcDbDimension
280
     0
 10
77.0
 20
26.0
 30
0.0
 11
81.0
 21
24.0
 31
0.0
 70
    32
 71
     5
 42
-1.0
 73
     0
 74
     0
 75
     0
  3
QCADDimStyle
100
AcDbAlignedDimension
 13
77.0
 23
28.0
 33
0.0
 14
85.0
 24
28.0
 34
0.0
100
AcDbRotatedDimension
1001
ACAD
1000
DSTYLE
1002
{
1070
   289
1070
     0
1070
   147
1040
-3.0
1002
}
  0
MTEXT
  5
4BD
330
BD3
100
AcDbEntity
  8
Labels
100
AcDbMText
 10
74.0
 20
19.0
 30
0.0
 40
1.0
 41
0.0
 46
0.0
 71
     2
 72
     1
  1
\H5;Short Side
  7
textstyle3
 73
     1
 44
1.0
  0
MTEXT
  5
4BE
330
BD3
100
AcDbEntity
  8
Labels
100
AcDbMText
 10
190.0
 20
19.0
 30
0.0
 40
1.0
 41
0.0
 46
0.0
 71
     2
 72
     1
  1
\H5;Long Side - Back
  7
textstyle3
 73
     1
 44
1.0
  0
MTEXT
  5
B4A
330
BD3
100
AcDbEntity
  8
Labels
100
AcDbMText
 10
488.5324010914052
 20
13.77762619372439
 30
0.0
 40
1.0
 41
0.0
 46
0.0
 71
     2
 72
     1
  1
\H5;Back
  7
textstyle3
 73
     1
 44
1.0
  0
MTEXT
  5
B72
330
BD3
100
AcDbEntity
  8
Labels
100
AcDbMText
 10
488.5324010914052
 20
93.77762619372471
 30
0.0
 40
1.0
 41
0.0
 46
0.0
 71
     2
 72
     1
  1
\H5;Front
  7
textstyle3
 73
     1
 44
1.0
  0
MTEXT
  5
965
330
BD3
100
AcDbEntity
  8
Labels
100
AcDbMText
 10
190.0
 20
92.96657571623467
 30
0.0
 40
1.0
 41
0.0
 46
0.0
 71
     2
 72
     1
  1
\H5;Top
  7
textstyle3
 73
     1
 44
1.0
  0
LINE
  5
4BF
330
BD3
100
AcDbEntity
  8
Hidden
 48
0.5
100
AcDbLine
 10
117.0
 20
48.0
 30
0.0
 11
260.0
 21
48.0
 31
0.0
  0
LINE
  5
B4B
330
BD3
100
AcDbEntity
  8
Hidden
 48
0.5
100
AcDbLine
 10
415.5324010914052
 20
42.77762619372442
 30
0.0
 11
558.5324010914052
 21
42.77762619372442
 31
0.0
  0
LINE
  5
B73
330
BD3
100
AcDbEntity
  8
Hidden
 48
0.5
100
AcDbLine
 10
415.5324010914052
 20
122.7776261937244
 30
0.0
 11
558.5324010914052
 21
122.7776261937244
 31
0.0
  0
LINE
  5
4C0
330
BD3
100
AcDbEntity
  8
Hidden
 48
0.5
100
AcDbLine
 10
260.0
 20
48.0
 30
0.0
 11
260.0
 21
38.0
 31
0.0
  0
LINE
  5
B4C
330
BD3
100
AcDbEntity
  8
Hidden
 48
0.5
100
AcDbLine
 10
558.5324010914052
 20
42.77762619372442
 30
0.0
 11
558.5324010914052
 21
32.77762619372442
 31
0.0
  0
LINE
  5
B74
330
BD3
100
AcDbEntity
  8
Hidden
 48
0.5
100
AcDbLine
 10
558.5324010914052
 20
122.7776261937244
 30
0.0
 11
558.5324010914052
 21
112.7776261937244
 31
0.0
  0
LINE
  5
4C1
330
BD3
100
AcDbEntity
  8
Hidden
 48
0.5
100
AcDbLine
 10
260.0
 20
38.0
 30
0.0
 11
117.0
 21
38.0
 31
0.0
  0
LINE
  5
B4D
330
BD3
100
AcDbEntity
  8
Hidden
 48
0.5
100
AcDbLine
 10
558.5324010914052
 20
32.77762619372442
 30
0.0
 11
415.5324010914052
 21
32.77762619372442
 31
0.0
  0
LINE
  5
B75
330
BD3
100
AcDbEntity
  8
Hidden
 48
0.5
100
AcDbLine
 10
558.5324010914052
 20
112.7776261937244
 30
0.0
 11
415.5324010914052
 21
112.7776261937244
 31
0.0
  0
LINE
  5
4C2
330
BD3
100
AcDbEntity
  8
Hidden
 48
0.5
100
AcDbLine
 10
117.0
 20
38.0
 30
0.0
 11
117.0
 21
48.0
 31
0.0
  0
LINE
  5
B4E
330
BD3
100
AcDbEntity
  8
Hidden
 48
0.5
100
AcDbLine
 10
415.5324010914052
 20
32.77762619372442
 30
0.0
 11
415.5324010914052
 21
42.77762619372442
 31
0.0
  0
LINE
  5
B76
330
BD3
100
AcDbEntity
  8
Hidden
 48
0.5
100
AcDbLine
 10
415.5324010914052
 20
112.7776261937244
 30
0.0
 11
415.5324010914052
 21
122.7776261937244
 31
0.0
  0
DIMENSION
  5
4C3
330
BD3
100
AcDbEntity
  8
Dimensions
100
AcDbDimension
280
     0
 10
110.0
 20
26.0
 30
0.0
 11
190.0
 21
24.0
 31
0.0
 70
    32
 71
     5
 42
-1.0
 73
     0
 74
     0
 75
     0
  3
QCADDimStyle
100
AcDbAlignedDimension
 13
110.0
 23
28.0
 33
0.0
 14
270.0
 24
28.0
 34
0.0
100
AcDbRotatedDimension
1001
ACAD
1000
DSTYLE
1002
{
1070
   289
1070
     0
1070
   147
1040
-3.0
1002
}
  0
DIMENSION
  5
B4F
330
BD3
100
AcDbEntity
  8
Dimensions
100
AcDbDimension
280
     0
 10
408.5324010914052
 20
20.77762619372432
 30
0.0
 11
488.5324010914052
 21
18.77762619372432
 31
0.0
 70
    32
 71
     5
 42
-1.0
 73
     0
 74
     0
 75
     0
  3
QCADDimStyle
100
AcDbAlignedDimension
 13
408.5324010914052
 23
22.77762619372443
 33
0.0
 14
568.5324010914052
 24
22.77762619372426
 34
0.0
100
AcDbRotatedDimension
1001
ACAD
1000
DSTYLE
1002
{
1070
   289
1070
     0
1070
   147
1040
-3.0
1002
}
  0
DIMENSION
  5
B77
330
BD3
100
AcDbEntity
  8
Dimensions
100
AcDbDimension
280
     0
 10
408.5324010914052
 20
100.7776261937237
 30
0.0
 11
488.5324010914052
 21
98.77762619372373
 31
0.0
 70
    32
 71
     5
 42
-1.0
 73
     0
 74
     0
 75
     0
  3
QCADDimStyle
100
AcDbAlignedDimension
 13
408.5324010914052
 23
102.7776261937245
 33
0.0
 14
568.5324010914052
 24
102.7776261937253
 34
0.0
100
AcDbRotatedDimension
1001
ACAD
1000
DSTYLE
1002
{
1070
   289
1070
     0
1070
   147
1040
-3.0
1002
}
  0
DIMENSION
  5
4C4
330
BD3
100
AcDbEntity
  8
Dimensions
100
AcDbDimension
280
     0
 10
120.0
 20
36.0
 30
0.0
 11
190.0
 21
34.0
 31
0.0
 70
    32
 71
     5
 42
-1.0
 73
     0
 74
     0
 75
     0
  3
QCADDimStyle
100
AcDbAlignedDimension
 13
120.0
 23
38.0
 33
0.0
 14
260.0
 24
38.0
 34
0.0
100
AcDbRotatedDimension
1001
ACAD
1000
DSTYLE
1002
{
1070
   289
1070
     0
1070
   147
1040
-3.0
1002
}
  0
DIMENSION
  5
B50
330
BD3
100
AcDbEntity
  8
Dimensions
100
AcDbDimension
280
     0
 10
418.5324010914052
 20
30.77762619372436
 30
0.0
 11
488.5324010914052
 21
28.77762619372436
 31
0.0
 70
    32
 71
     5
 42
-1.0
 73
     0
 74
     0
 75
     0
  3
QCADDimStyle
100
AcDbAlignedDimension
 13
418.5324010914052
 23
32.77762619372453
 33
0.0
 14
558.5324010914052
 24
32.7776261937245
 34
0.0
100
AcDbRotatedDimension
1001
ACAD
1000
DSTYLE
1002
{
1070
   289
1070
     0
1070
   147
1040
-3.0
1002
}
  0
DIMENSION
  5
B78
330
BD3
100
AcDbEntity
  8
Dimensions
100
AcDbDimension
280
     0
 10
418.5324010914052
 20
110.7776261937236
 30
0.0
 11
488.5324010914052
 21
108.7776261937236
 31
0.0
 70
    32
 71
     5
 42
-1.0
 73
     0
 74
     0
 75
     0
  3
QCADDimStyle
100
AcDbAlignedDimension
 13
418.5324010914052
 23
112.7776261937241
 33
0.0
 14
558.5324010914052
 24
112.7776261937253
 34
0.0
100
AcDbRotatedDimension
1001
ACAD
1000
DSTYLE
1002
{
1070
   289
1070
     0
1070
   147
1040
-3.0
1002
}
  0
LINE
  5
4C5
330
BD3
100
AcDbEntity
  8
0
100
AcDbLine
 10
110.0
 20
99.0
 30
0.0
 11
270.0
 21
99.0
 31
0.0
  0
LINE
  5
4C7
330
BD3
100
AcDbEntity
  8
0
100
AcDbLine
 10
270.0
 20
121.0
 30
0.0
 11
110.0
 21
121.0
 31
0.0
  0
LINE
  5
4C9
330
BD3
100
AcDbEntity
  8
0
100
AcDbLine
 10
110.0
 20
113.0
 30
0.0
 11
270.0
 21
113.0
 31
0.0
  0
LINE
  5
4CA
330
BD3
100
AcDbEntity
  8
0
100
AcDbLine
 10
110.0
 20
107.0
 30
0.0
 11
270.0
 21
107.0
 31
0.0
  0
DIMENSION
  5
4CB
330
BD3
100
AcDbEntity
  8
Dimensions
100
AcDbDimension
280
     0
 10
120.0
 20
36.0
 30
0.0
 11
115.0
 21
34.0
 31
0.0
 70
    32
 71
     5
 42
-1.0
 73
     0
 74
     0
 75
     0
  3
QCADDimStyle
100
AcDbAlignedDimension
 13
120.0
 23
38.0
 33
0.0
 14
110.0
 24
38.0
 34
0.0
100
AcDbRotatedDimension
1001
ACAD
1000
DSTYLE
1002
{
1070
   289
1070
     0
1070
   147
1040
-3.0
1002
}
  0
DIMENSION
  5
B51
330
BD3
100
AcDbEntity
  8
Dimensions
100
AcDbDimension
280
     0
 10
418.5324010914052
 20
30.77762619372436
 30
0.0
 11
413.5324010914052
 21
28.77762619372436
 31
0.0
 70
    32
 71
     5
 42
-1.0
 73
     0
 74
     0
 75
     0
  3
QCADDimStyle
100
AcDbAlignedDimension
 13
418.5324010914052
 23
32.77762619372453
 33
0.0
 14
408.5324010914052
 24
32.77762619372427
 34
0.0
100
AcDbRotatedDimension
1001
ACAD
1000
DSTYLE
1002
{
1070
   289
1070
     0
1070
   147
1040
-3.0
1002
}
  0
DIMENSION
  5
B79
330
BD3
100
AcDbEntity
  8
Dimensions
100
AcDbDimension
280
     0
 10
418.5324010914052
 20
110.7776261937236
 30
0.0
 11
413.5324010914052
 21
108.7776261937236
 31
0.0
 70
    32
 71
     5
 42
-1.0
 73
     0
 74
     0
 75
     0
  3
QCADDimStyle
100
AcDbAlignedDimension
 13
418.5324010914052
 23
112.7776261937241
 33
0.0
 14
408.5324010914052
 24
112.777626193724
 34
0.0
100
AcDbRotatedDimension
1001
ACAD
1000
DSTYLE
1002
{
1070
   289
1070
     0
1070
   147
1040
-3.0
1002
}
  0
DIMENSION
  5
4CC
330
BD3
100
AcDbEntity
  8
Dimensions
100
AcDbDimension
280
     0
 10
260.0
 20
36.0
 30
0.0
 11
265.0
 21
34.0
 31
0.0
 70
    32
 71
     5
 42
-1.0
 73
     0
 74
     0
 75
     0
  3
QCADDimStyle
100
AcDbAlignedDimension
 13
260.0
 23
38.0
 33
0.0
 14
270.0
 24
38.0
 34
0.0
100
AcDbRotatedDimension
1001
ACAD
1000
DSTYLE
1002
{
1070
   289
1070
     0
1070
   147
1040
-3.0
1002
}
  0
DIMENSION
  5
B52
330
BD3
100
AcDbEntity
  8
Dimensions
100
AcDbDimension
280
     0
 10
558.5324010914052
 20
30.77762619372416
 30
0.0
 11
563.5324010914052
 21
28.77762619372416
 31
0.0
 70
    32
 71
     5
 42
-1.0
 73
     0
 74
     0
 75
     0
  3
QCADDimStyle
100
AcDbAlignedDimension
 13
558.5324010914052
 23
32.7776261937245
 33
0.0
 14
568.5324010914052
 24
32.77762619372432
 34
0.0
100
AcDbRotatedDimension
1001
ACAD
1000
DSTYLE
1002
{
1070
   289
1070
     0
1070
   147
1040
-3.0
1002
}
  0
DIMENSION
  5
B7A
330
BD3
100
AcDbEntity
  8
Dimensions
100
AcDbDimension
280
     0
 10
558.5324010914052
 20
110.7776261937242
 30
0.0
 11
563.5324010914052
 21
108.7776261937242
 31
0.0
 70
    32
 71
     5
 42
-1.0
 73
     0
 74
     0
 75
     0
  3
QCADDimStyle
100
AcDbAlignedDimension
 13
558.5324010914052
 23
112.7776261937253
 33
0.0
 14
568.5324010914052
 24
112.7776261937251
 34
0.0
100
AcDbRotatedDimension
1001
ACAD
1000
DSTYLE
1002
{
1070
   289
1070
     0
1070
   147
1040
-3.0
1002
}
  0
LINE
  5
4CD
330
BD3
100
AcDbEntity
  8
Hidden
 48
0.5
100
AcDbLine
 10
120.0
 20
38.0
 30
0.0
 11
120.0
 21
28.0
 31
0.0
  0
LINE
  5
B53
330
BD3
100
AcDbEntity
  8
Hidden
 48
0.5
100
AcDbLine
 10
418.5324010914052
 20
32.77762619372442
 30
0.0
 11
418.5324010914052
 21
22.77762619372442
 31
0.0
  0
LINE
  5
B7B
330
BD3
100
AcDbEntity
  8
Hidden
 48
0.5
100
AcDbLine
 10
418.5324010914052
 20
112.7776261937244
 30
0.0
 11
418.5324010914052
 21
102.7776261937244
 31
0.0
  0
LINE
  5
4CE
330
BD3
100
AcDbEntity
  8
Hidden
 48
0.5
100
AcDbLine
 10
120.0
 20
48.0
 30
0.0
 11
120.0
 21
58.0
 31
0.0
  0
LINE
  5
B54
330
BD3
100
AcDbEntity
  8
Hidden
 48
0.5
100
AcDbLine
 10
418.5324010914052
 20
42.77762619372442
 30
0.0
 11
418.5324010914052
 21
52.77762619372442
 31
0.0
  0
LINE
  5
B7C
330
BD3
100
AcDbEntity
  8
Hidden
 48
0.5
100
AcDbLine
 10
418.5324010914052
 20
122.7776261937244
 30
0.0
 11
418.5324010914052
 21
132.7776261937244
 31
0.0
  0
LINE
  5
4D3
330
BD3
100
AcDbEntity
  8
0
100
AcDbLine
 10
71.0
 20
58.0
 30
0.0
 11
77.0
 21
58.0
 31
0.0
  0
LINE
  5
4D4
330
BD3
100
AcDbEntity
  8
Hidden
 48
0.5
100
AcDbLine
 10
260.0
 20
48.0
 30
0.0
 11
260.0
 21
58.0
 31
0.0
  0
LINE
  5
B55
330
BD3
100
AcDbEntity
  8
Hidden
 48
0.5
100
AcDbLine
 10
558.5324010914052
 20
42.77762619372442
 30
0.0
 11
558.5324010914052
 21
52.77762619372442
 31
0.0
  0
LINE
  5
B7D
330
BD3
100
AcDbEntity
  8
Hidden
 48
0.5
100
AcDbLine
 10
558.5324010914052
 20
122.7776261937244
 30
0.0
 11
558.5324010914052
 21
132.7776261937244
 31
0.0
  0
LINE
  5
4D5
330
BD3
100
AcDbEntity
  8
Hidden
 48
0.5
100
AcDbLine
 10
260.0
 20
38.0
 30
0.0
 11
260.0
 21
28.0
 31
0.0
  0
LINE
  5
B56
330
BD3
100
AcDbEntity
  8
Hidden
 48
0.5
100
AcDbLine
 10
558.5324010914052
 20
32.77762619372442
 30
0.0
 11
558.5324010914052
 21
22.77762619372442
 31
0.0
  0
LINE
  5
B7E
330
BD3
100
AcDbEntity
  8
Hidden
 48
0.5
100
AcDbLine
 10
558.5324010914052
 20
112.7776261937244
 30
0.0
 11
558.5324010914052
 21
102.7776261937244
 31
0.0
  0
MTEXT
  5
5BC
330
BD3
100
AcDbEntity
  8
Labels
100
AcDbMText
 10
166.9079449978396
 20
-18.37632883707673
 30
0.0
 40
1.0
 41
0.0
 46
0.0
 71
     5
 72
     1
  1
\H10;Assembled Views
  7
textstyle3
 73
     1
 44
1.0
  0
LINE
  5
5BE
330
BD3
100
AcDbEntity
  8
0
100
AcDbLine
 10
260.0
 20
113.0
 30
0.0
 11
260.0
 21
107.0
 31
0.0
  0
LINE
  5
5BF
330
BD3
100
AcDbEntity
  8
Hidden
 48
0.5
100
AcDbLine
 10
117.0
 20
104.0
 30
0.0
 11
117.0
 21
116.0
 31
0.0
  0
LINE
  5
5C1
330
BD3
100
AcDbEntity
  8
Hidden
 48
0.5
100
AcDbLine
 10
117.0
 20
104.0
 30
0.0
 11
260.0
 21
104.0
 31
0.0
  0
LINE
  5
5C2
330
BD3
100
AcDbEntity
  8
Hidden
 48
0.5
100
AcDbLine
 10
260.0
 20
104.0
 30
0.0
 11
260.0
 21
107.0
 31
0.0
  0
LINE
  5
5C3
330
BD3
100
AcDbEntity
  8
Hidden
 48
0.5
100
AcDbLine
 10
260.0
 20
113.0
 30
0.0
 11
260.0
 21
116.0
 31
0.0
  0
LINE
  5
5C4
330
BD3
100
AcDbEntity
  8
Hidden
 48
0.5
100
AcDbLine
 10
260.0
 20
116.0
 30
0.0
 11
117.0
 21
116.0
 31
0.0
  0
LINE
  5
5CA
330
BD3
100
AcDbEntity
  8
LED Strip
100
AcDbLine
 10
68.5
 20
38.5
 30
0.0
 11
79.5
 21
38.5
 31
0.0
  0
LINE
  5
5CD
330
BD3
100
AcDbEntity
  8
LED Strip
100
AcDbLine
 10
68.5
 20
40.49999999999999
 30
0.0
 11
79.5
 21
40.49999999999999
 31
0.0
  0
LINE
  5
5CB
330
BD3
100
AcDbEntity
  8
LED Strip
100
AcDbLine
 10
79.5
 20
38.5
 30
0.0
 11
79.5
 21
40.5
 31
0.0
  0
LINE
  5
5CC
330
BD3
100
AcDbEntity
  8
LED Strip
100
AcDbLine
 10
68.5
 20
38.49999999999999
 30
0.0
 11
68.5
 21
40.49999999999999
 31
0.0
  0
LINE
  5
5D0
330
BD3
100
AcDbEntity
  8
Hidden
 48
0.5
100
AcDbLine
 10
85.0
 20
38.0
 30
0.0
 11
85.0
 21
46.0
 31
0.0
  0
LINE
  5
5D1
330
BD3
100
AcDbEntity
  8
Hidden
 48
0.5
100
AcDbLine
 10
80.0
 20
38.0
 30
0.0
 11
85.0
 21
38.0
 31
0.0
  0
LINE
  5
5D2
330
BD3
100
AcDbEntity
  8
Hidden
 48
0.5
100
AcDbLine
 10
85.0
 20
46.0
 30
0.0
 11
80.0
 21
46.0
 31
0.0
  0
LINE
  5
5D3
330
BD3
100
AcDbEntity
  8
LED Strip ... LED Wires
100
AcDbLine
 10
86.0
 20
39.0
 30
0.0
 11
79.5
 21
39.0
 31
0.0
  0
LINE
  5
5D4
330
BD3
100
AcDbEntity
  8
LED Strip ... LED Wires
100
AcDbLine
 10
86.0
 20
39.0
 30
0.0
 11
86.0
 21
39.5
 31
0.0
  0
LINE
  5
5D5
330
BD3
100
AcDbEntity
  8
LED Strip ... LED Wires
100
AcDbLine
 10
86.0
 20
39.5
 30
0.0
 11
79.5
 21
39.5
 31
0.0
  0
LINE
  5
5D6
330
BD3
100
AcDbEntity
  8
0
100
AcDbLine
 10
117.0
 20
38.0
 30
0.0
 11
127.0
 21
38.0
 31
0.0
  0
LINE
  5
B57
330
BD3
100
AcDbEntity
  8
0
100
AcDbLine
 10
415.5324010914052
 20
32.77762619372442
 30
0.0
 11
425.5324010914052
 21
32.77762619372442
 31
0.0
  0
LINE
  5
B7F
330
BD3
100
AcDbEntity
  8
0
100
AcDbLine
 10
415.5324010914052
 20
112.7776261937244
 30
0.0
 11
425.5324010914052
 21
112.7776261937244
 31
0.0
  0
LINE
  5
5D7
330
BD3
100
AcDbEntity
  8
0
100
AcDbLine
 10
127.0
 20
38.0
 30
0.0
 11
127.0
 21
48.0
 31
0.0
  0
LINE
  5
B58
330
BD3
100
AcDbEntity
  8
0
100
AcDbLine
 10
425.5324010914052
 20
32.77762619372442
 30
0.0
 11
425.5324010914052
 21
42.77762619372442
 31
0.0
  0
LINE
  5
B80
330
BD3
100
AcDbEntity
  8
0
100
AcDbLine
 10
425.5324010914052
 20
112.7776261937244
 30
0.0
 11
425.5324010914052
 21
122.7776261937244
 31
0.0
  0
LINE
  5
5D8
330
BD3
100
AcDbEntity
  8
0
100
AcDbLine
 10
127.0
 20
48.0
 30
0.0
 11
117.0
 21
48.0
 31
0.0
  0
LINE
  5
B59
330
BD3
100
AcDbEntity
  8
0
100
AcDbLine
 10
425.5324010914052
 20
42.77762619372442
 30
0.0
 11
415.5324010914052
 21
42.77762619372442
 31
0.0
  0
LINE
  5
B81
330
BD3
100
AcDbEntity
  8
0
100
AcDbLine
 10
425.5324010914052
 20
122.7776261937244
 30
0.0
 11
415.5324010914052
 21
122.7776261937244
 31
0.0
  0
LINE
  5
5D9
330
BD3
100
AcDbEntity
  8
0
100
AcDbLine
 10
117.0
 20
48.0
 30
0.0
 11
117.0
 21
38.0
 31
0.0
  0
LINE
  5
B5A
330
BD3
100
AcDbEntity
  8
0
100
AcDbLine
 10
415.5324010914052
 20
42.77762619372442
 30
0.0
 11
415.5324010914052
 21
32.77762619372442
 31
0.0
  0
LINE
  5
B82
330
BD3
100
AcDbEntity
  8
0
100
AcDbLine
 10
415.5324010914052
 20
122.7776261937244
 30
0.0
 11
415.5324010914052
 21
112.7776261937244
 31
0.0
  0
LINE
  5
5DA
330
BD3
100
AcDbEntity
  8
LED Strip
100
AcDbLine
 10
120.5
 20
38.5
 30
0.0
 11
259.5
 21
39.0
 31
0.0
  0
LINE
  5
B5B
330
BD3
100
AcDbEntity
  8
LED Strip
100
AcDbLine
 10
419.0324010914052
 20
33.27762619372442
 30
0.0
 11
558.0324010914052
 21
33.77762619372442
 31
0.0
  0
LINE
  5
B83
330
BD3
100
AcDbEntity
  8
LED Strip
100
AcDbLine
 10
419.0324010914052
 20
113.2776261937244
 30
0.0
 11
558.0324010914052
 21
113.7776261937244
 31
0.0
  0
LINE
  5
5DB
330
BD3
100
AcDbEntity
  8
LED Strip
100
AcDbLine
 10
120.5
 20
38.5
 30
0.0
 11
120.5
 21
40.5
 31
0.0
  0
LINE
  5
B5C
330
BD3
100
AcDbEntity
  8
LED Strip
100
AcDbLine
 10
419.0324010914052
 20
33.27762619372442
 30
0.0
 11
419.0324010914052
 21
35.27762619372442
 31
0.0
  0
LINE
  5
B84
330
BD3
100
AcDbEntity
  8
LED Strip
100
AcDbLine
 10
419.0324010914052
 20
113.2776261937244
 30
0.0
 11
419.0324010914052
 21
115.2776261937244
 31
0.0
  0
LINE
  5
5DC
330
BD3
100
AcDbEntity
  8
LED Strip
100
AcDbLine
 10
120.5
 20
40.5
 30
0.0
 11
259.5
 21
40.5
 31
0.0
  0
LINE
  5
B5D
330
BD3
100
AcDbEntity
  8
LED Strip
100
AcDbLine
 10
419.0324010914052
 20
35.27762619372442
 30
0.0
 11
558.0324010914052
 21
35.27762619372442
 31
0.0
  0
LINE
  5
B85
330
BD3
100
AcDbEntity
  8
LED Strip
100
AcDbLine
 10
419.0324010914052
 20
115.2776261937244
 30
0.0
 11
558.0324010914052
 21
115.2776261937244
 31
0.0
  0
LINE
  5
5DD
330
BD3
100
AcDbEntity
  8
LED Strip
100
AcDbLine
 10
259.5
 20
40.5
 30
0.0
 11
259.5
 21
39.0
 31
0.0
  0
LINE
  5
B5E
330
BD3
100
AcDbEntity
  8
LED Strip
100
AcDbLine
 10
558.0324010914052
 20
35.27762619372442
 30
0.0
 11
558.0324010914052
 21
33.77762619372442
 31
0.0
  0
LINE
  5
B86
330
BD3
100
AcDbEntity
  8
LED Strip
100
AcDbLine
 10
558.0324010914052
 20
115.2776261937244
 30
0.0
 11
558.0324010914052
 21
113.7776261937244
 31
0.0
  0
LINE
  5
5E2
330
BD3
100
AcDbEntity
  8
LED Strip ... LED Wires
100
AcDbLine
 10
120.5
 20
38.99999999999999
 30
0.0
 11
117.5
 21
38.99999999999999
 31
0.0
  0
LINE
  5
B5F
330
BD3
100
AcDbEntity
  8
LED Strip ... LED Wires
100
AcDbLine
 10
419.0324010914052
 20
33.77762619372442
 30
0.0
 11
416.0324010914052
 21
33.77762619372442
 31
0.0
  0
LINE
  5
B87
330
BD3
100
AcDbEntity
  8
LED Strip ... LED Wires
100
AcDbLine
 10
419.0324010914052
 20
113.7776261937244
 30
0.0
 11
416.0324010914052
 21
113.7776261937244
 31
0.0
  0
LINE
  5
5E3
330
BD3
100
AcDbEntity
  8
LED Strip ... LED Wires
100
AcDbLine
 10
117.5
 20
38.99999999999999
 30
0.0
 11
117.5
 21
38.49999999999999
 31
0.0
  0
LINE
  5
B60
330
BD3
100
AcDbEntity
  8
LED Strip ... LED Wires
100
AcDbLine
 10
416.0324010914052
 20
33.77762619372442
 30
0.0
 11
416.0324010914052
 21
33.27762619372442
 31
0.0
  0
LINE
  5
B88
330
BD3
100
AcDbEntity
  8
LED Strip ... LED Wires
100
AcDbLine
 10
416.0324010914052
 20
113.7776261937244
 30
0.0
 11
416.0324010914052
 21
113.2776261937244
 31
0.0
  0
LINE
  5
5E6
330
BD3
100
AcDbEntity
  8
LED Strip ... LED Wires
100
AcDbLine
 10
120.5000000000022
 20
38.50000000000001
 30
0.0
 11
120.5
 21
38.99999999999999
 31
0.0
  0
LINE
  5
B61
330
BD3
100
AcDbEntity
  8
LED Strip ... LED Wires
100
AcDbLine
 10
419.0324010914074
 20
33.27762619372443
 30
0.0
 11
419.0324010914052
 21
33.77762619372442
 31
0.0
  0
LINE
  5
B89
330
BD3
100
AcDbEntity
  8
LED Strip ... LED Wires
100
AcDbLine
 10
419.0324010914074
 20
113.2776261937244
 30
0.0
 11
419.0324010914052
 21
113.7776261937244
 31
0.0
  0
LINE
  5
879
330
BD3
100
AcDbEntity
  8
Hidden
 48
0.5
100
AcDbLine
 10
127.0
 20
107.0
 30
0.0
 11
127.0
 21
104.0
 31
0.0
  0
LINE
  5
951
330
BD3
100
AcDbEntity
  8
LED Strip
100
AcDbLine
 10
120.5
 20
115.5
 30
0.0
 11
120.5
 21
104.5
 31
0.0
  0
LINE
  5
952
330
BD3
100
AcDbEntity
  8
LED Strip
100
AcDbLine
 10
120.5
 20
115.5
 30
0.0
 11
259.5
 21
115.5
 31
0.0
  0
LINE
  5
953
330
BD3
100
AcDbEntity
  8
LED Strip
100
AcDbLine
 10
120.5
 20
104.5
 30
0.0
 11
259.5
 21
104.5
 31
0.0
  0
LINE
  5
954
330
BD3
100
AcDbEntity
  8
LED Strip
100
AcDbLine
 10
253.5
 20
115.5
 30
0.0
 11
253.5
 21
104.5
 31
0.0
  0
LINE
  5
955
330
BD3
100
AcDbEntity
  8
LED Strip ... LED Wires
100
AcDbLine
 10
120.5
 20
108.5
 30
0.0
 11
118.0
 21
108.5
 31
0.0
  0
LINE
  5
956
330
BD3
100
AcDbEntity
  8
LED Strip ... LED Wires
100
AcDbLine
 10
120.5
 20
109.0
 30
0.0
 11
117.5
 21
109.0
 31
0.0
  0
LINE
  5
957
330
BD3
100
AcDbEntity
  8
Hidden
 48
0.5
100
AcDbLine
 10
117.0
 20
104.0
 30
0.0
 11
117.0
 21
99.0
 31
0.0
  0
LINE
  5
958
330
BD3
100
AcDbEntity
  8
Hidden
 48
0.5
100
AcDbLine
 10
127.0
 20
104.0
 30
0.0
 11
127.0
 21
99.0
 31
0.0
  0
LINE
  5
959
330
BD3
100
AcDbEntity
  8
LED Strip ... LED Wires
100
AcDbLine
 10
117.5
 20
109.0
 30
0.0
 11
117.5
 21
93.99999999999999
 31
0.0
  0
LINE
  5
95A
330
BD3
100
AcDbEntity
  8
LED Strip ... LED Wires
100
AcDbLine
 10
118.0
 20
108.5
 30
0.0
 11
118.0
 21
94.0
 31
0.0
  0
LINE
  5
95B
330
BD3
100
AcDbEntity
  8
LED Strip ... LED Wires
100
AcDbLine
 10
118.0
 20
94.0
 30
0.0
 11
117.5
 21
93.99999999999999
 31
0.0
  0
LINE
  5
95C
330
BD3
100
AcDbEntity
  8
LED Strip ... LED Wires
100
AcDbLine
 10
120.5
 20
109.0
 30
0.0
 11
120.5
 21
108.5
 31
0.0
  0
HATCH
  5
977
330
BD3
100
AcDbEntity
  8
LED Strip ... LED Wires
440
 33554687
100
AcDbHatch
 10
0.0
 20
0.0
 30
0.0
210
0.0
220
0.0
230
1.0
  2
HEX
 70
     0
 71
     0
 91
        1
 92
        0
 93
        6
 72
     1
 10
118.0
 20
94.0
 11
117.5
 21
93.99999999999999
 72
     1
 10
117.5
 20
93.99999999999999
 11
117.5
 21
109.0
 72
     1
 10
117.5
 20
109.0
 11
120.5
 21
109.0
 72
     1
 10
120.5
 20
109.0
 11
120.5
 21
108.5
 72
     1
 10
120.5
 20
108.5
 11
118.0
 21
108.5
 72
     1
 10
118.0
 20
108.5
 11
118.0
 21
94.0
 97
        0
 75
     0
 76
     0
 52
0.0
 41
0.01
 77
     0
 78
     3
 53
0.0
 43
0.0
 44
0.0
 45
0.0
 46
0.054992613154
 79
     2
 49
0.03175
 49
-0.0635
 53
120.0
 43
0.0
 44
0.0
 45
-0.0476250000118543
 46
-0.027496306577
 79
     2
 49
0.03175
 49
-0.0635
 53
60.0
 43
0.03175
 44
0.0
 45
-0.0476250000118543
 46
0.027496306577
 79
     2
 49
0.03175
 49
-0.0635
 98
        0
1001
ACAD
1010
0.0
1020
0.0
1030
0.0
  0
LINE
  5
961
330
BD3
100
AcDbEntity
  8
LED Strip ... LED Wires
100
AcDbLine
 10
117.5
 20
38.49999999999999
 30
0.0
 11
120.5000000000022
 21
38.50000000000002
 31
0.0
  0
LINE
  5
B62
330
BD3
100
AcDbEntity
  8
LED Strip ... LED Wires
100
AcDbLine
 10
416.0324010914052
 20
33.27762619372442
 30
0.0
 11
419.0324010914074
 21
33.27762619372444
 31
0.0
  0
LINE
  5
B8A
330
BD3
100
AcDbEntity
  8
LED Strip ... LED Wires
100
AcDbLine
 10
416.0324010914052
 20
113.2776261937244
 30
0.0
 11
419.0324010914074
 21
113.2776261937244
 31
0.0
  0
HATCH
  5
978
330
BD3
100
AcDbEntity
  8
LED Strip ... LED Wires
440
 33554687
100
AcDbHatch
 10
0.0
 20
0.0
 30
0.0
210
0.0
220
0.0
230
1.0
  2
HEX
 70
     0
 71
     0
 91
        1
 92
        0
 93
        4
 72
     1
 10
120.5000000000022
 20
38.50000000000001
 11
120.5
 21
38.99999999999999
 72
     1
 10
120.5
 20
38.99999999999999
 11
117.5
 21
38.99999999999999
 72
     1
 10
117.5
 20
38.99999999999999
 11
117.5
 21
38.49999999999999
 72
     1
 10
117.5
 20
38.49999999999999
 11
120.5000000000022
 21
38.50000000000001
 97
        0
 75
     0
 76
     0
 52
0.0
 41
0.01
 77
     0
 78
     3
 53
0.0
 43
0.0
 44
0.0
 45
0.0
 46
0.054992613154
 79
     2
 49
0.03175
 49
-0.0635
 53
120.0
 43
0.0
 44
0.0
 45
-0.0476250000118543
 46
-0.027496306577
 79
     2
 49
0.03175
 49
-0.0635
 53
60.0
 43
0.03175
 44
0.0
 45
-0.0476250000118543
 46
0.027496306577
 79
     2
 49
0.03175
 49
-0.0635
 98
        0
1001
ACAD
1010
0.0
1020
0.0
1030
0.0
  0
HATCH
  5
B6D
330
BD3
100
AcDbEntity
  8
LED Strip ... LED Wires
440
 33554687
100
AcDbHatch
 10
0.0
 20
0.0
 30
0.0
210
0.0
220
0.0
230
1.0
  2
HEX
 70
     0
 71
     0
 91
        1
 92
        0
 93
        4
 72
     1
 10
419.0324010914074
 20
33.27762619372443
 11
419.0324010914052
 21
33.77762619372442
 72
     1
 10
419.0324010914052
 20
33.77762619372442
 11
416.0324010914052
 21
33.77762619372442
 72
     1
 10
416.0324010914052
 20
33.77762619372442
 11
416.0324010914052
 21
33.27762619372442
 72
     1
 10
416.0324010914052
 20
33.27762619372442
 11
419.0324010914074
 21
33.27762619372443
 97
        0
 75
     0
 76
     0
 52
0.0
 41
0.01
 77
     0
 78
     3
 53
0.0
 43
0.0
 44
0.0
 45
0.0
 46
0.054992613154
 79
     2
 49
0.03175
 49
-0.0635
 53
120.0
 43
0.0
 44
0.0
 45
-0.0476250000118543
 46
-0.027496306577
 79
     2
 49
0.03175
 49
-0.0635
 53
60.0
 43
0.03175
 44
0.0
 45
-0.0476250000118543
 46
0.027496306577
 79
     2
 49
0.03175
 49
-0.0635
 98
        0
1001
ACAD
1010
0.0
1020
0.0
1030
0.0
  0
HATCH
  5
B8B
330
BD3
100
AcDbEntity
  8
LED Strip ... LED Wires
440
 33554687
100
AcDbHatch
 10
0.0
 20
0.0
 30
0.0
210
0.0
220
0.0
230
1.0
  2
HEX
 70
     0
 71
     0
 91
        1
 92
        0
 93
        4
 72
     1
 10
419.0324010914074
 20
113.2776261937244
 11
419.0324010914052
 21
113.7776261937244
 72
     1
 10
419.0324010914052
 20
113.7776261937244
 11
416.0324010914052
 21
113.7776261937244
 72
     1
 10
416.0324010914052
 20
113.7776261937244
 11
416.0324010914052
 21
113.2776261937244
 72
     1
 10
416.0324010914052
 20
113.2776261937244
 11
419.0324010914074
 21
113.2776261937244
 97
        0
 75
     0
 76
     0
 52
0.0
 41
0.01
 77
     0
 78
     3
 53
0.0
 43
0.0
 44
0.0
 45
0.0
 46
0.054992613154
 79
     2
 49
0.03175
 49
-0.0635
 53
120.0
 43
0.0
 44
0.0
 45
-0.0476250000118543
 46
-0.027496306577
 79
     2
 49
0.03175
 49
-0.0635
 53
60.0
 43
0.03175
 44
0.0
 45
-0.0476250000118543
 46
0.027496306577
 79
     2
 49
0.03175
 49
-0.0635
 98
        0
1001
ACAD
1010
0.0
1020
0.0
1030
0.0
  0
LINE
  5
963
330
BD3
100
AcDbEntity
  8
LED Strip ... LED Wires
100
AcDbLine
 10
79.5
 20
39.5
 30
0.0
 11
79.5
 21
39.0
 31
0.0
  0
HATCH
  5
979
330
BD3
100
AcDbEntity
  8
LED Strip ... LED Wires
440
 33554687
100
AcDbHatch
 10
0.0
 20
0.0
 30
0.0
210
0.0
220
0.0
230
1.0
  2
HEX
 70
     0
 71
     0
 91
        1
 92
        0
 93
        4
 72
     1
 10
86.0
 20
39.5
 11
79.5
 21
39.5
 72
     1
 10
79.5
 20
39.5
 11
79.5
 21
39.0
 72
     1
 10
79.5
 20
39.0
 11
86.0
 21
39.0
 72
     1
 10
86.0
 20
39.0
 11
86.0
 21
39.5
 97
        0
 75
     0
 76
     0
 52
0.0
 41
0.01
 77
     0
 78
     3
 53
0.0
 43
0.0
 44
0.0
 45
0.0
 46
0.054992613154
 79
     2
 49
0.03175
 49
-0.0635
 53
120.0
 43
0.0
 44
0.0
 45
-0.0476250000118543
 46
-0.027496306577
 79
     2
 49
0.03175
 49
-0.0635
 53
60.0
 43
0.03175
 44
0.0
 45
-0.0476250000118543
 46
0.027496306577
 79
     2
 49
0.03175
 49
-0.0635
 98
        0
1001
ACAD
1010
0.0
1020
0.0
1030
0.0
  0
LINE
  5
A54
330
BD3
100
AcDbEntity
  8
0
100
AcDbLine
 10
110.0
 20
121.0
 30
0.0
 11
110.0
 21
113.0
 31
0.0
  0
LINE
  5
A56
330
BD3
100
AcDbEntity
  8
0
100
AcDbLine
 10
110.0
 20
113.0
 30
0.0
 11
110.0
 21
107.0
 31
0.0
  0
LINE
  5
A57
330
BD3
100
AcDbEntity
  8
0
100
AcDbLine
 10
110.0
 20
107.0
 30
0.0
 11
110.0
 21
99.0
 31
0.0
  0
LINE
  5
A58
330
BD3
100
AcDbEntity
  8
0
100
AcDbLine
 10
270.0
 20
121.0
 30
0.0
 11
270.0
 21
113.0
 31
0.0
  0
LINE
  5
A59
330
BD3
100
AcDbEntity
  8
0
100
AcDbLine
 10
270.0
 20
113.0
 30
0.0
 11
270.0
 21
107.0
 31
0.0
  0
LINE
  5
A5A
330
BD3
100
AcDbEntity
  8
0
100
AcDbLine
 10
270.0
 20
107.0
 30
0.0
 11
270.0
 21
99.0
 31
0.0
  0
LINE
  5
A5B
330
BD3
100
AcDbEntity
  8
0
100
AcDbLine
 10
120.0
 20
113.0
 30
0.0
 11
120.0
 21
107.0
 31
0.0
  0
DIMENSION
  5
A5D
330
BD3
100
AcDbEntity
  8
Dimensions
100
AcDbDimension
280
     0
 10
60.0
 20
58.0
 30
0.0
 11
60.0
 21
43.0
 31
0.0
 70
    32
 71
     5
 42
-1.0
 73
     0
 74
     0
 75
     0
  3
QCADDimStyle
100
AcDbAlignedDimension
 13
63.0
 23
58.0
 33
0.0
 14
63.0
 24
28.0
 34
0.0
 50
90.0
100
AcDbRotatedDimension
1001
ACAD
1000
DSTYLE
1002
{
1070
   289
1070
     0
1070
    73
1070
     1
1002
}
  0
DIMENSION
  5
A5F
330
BD3
100
AcDbEntity
  8
Dimensions
100
AcDbDimension
280
     0
 10
107.0
 20
58.0
 30
0.0
 11
107.0
 21
43.0
 31
0.0
 70
    32
 71
     5
 42
-1.0
 73
     0
 74
     0
 75
     0
  3
QCADDimStyle
100
AcDbAlignedDimension
 13
110.0
 23
58.0
 33
0.0
 14
110.0
 24
28.0
 34
0.0
 50
90.0
100
AcDbRotatedDimension
1001
ACAD
1000
DSTYLE
1002
{
1070
   289
1070
     0
1070
    73
1070
     1
1002
}
  0
DIMENSION
  5
B64
330
BD3
100
AcDbEntity
  8
Dimensions
100
AcDbDimension
280
     0
 10
405.5324010914052
 20
52.77762619372437
 30
0.0
 11
405.5324010914052
 21
37.77762619372442
 31
0.0
 70
    32
 71
     5
 42
-1.0
 73
     0
 74
     0
 75
     0
  3
QCADDimStyle
100
AcDbAlignedDimension
 13
408.5324010914052
 23
52.77762619372442
 33
0.0
 14
408.5324010914052
 24
22.77762619372443
 34
0.0
 50
90.0
100
AcDbRotatedDimension
1001
ACAD
1000
DSTYLE
1002
{
1070
   289
1070
     0
1070
    73
1070
     1
1002
}
  0
DIMENSION
  5
B8C
330
BD3
100
AcDbEntity
  8
Dimensions
100
AcDbDimension
280
     0
 10
405.5324010914052
 20
132.7776261937239
 30
0.0
 11
405.5324010914052
 21
117.7776261937243
 31
0.0
 70
    32
 71
     5
 42
-1.0
 73
     0
 74
     0
 75
     0
  3
QCADDimStyle
100
AcDbAlignedDimension
 13
408.5324010914052
 23
132.777626193724
 33
0.0
 14
408.5324010914052
 24
102.7776261937245
 34
0.0
 50
90.0
100
AcDbRotatedDimension
1001
ACAD
1000
DSTYLE
1002
{
1070
   289
1070
     0
1070
    73
1070
     1
1002
}
  0
DIMENSION
  5
A60
330
BD3
100
AcDbEntity
  8
Dimensions
100
AcDbDimension
280
     0
 10
273.0
 20
58.0
 30
0.0
 11
276.0
 21
53.0
 31
0.0
 70
   160
 71
     5
 42
-1.0
 73
     0
 74
     0
 75
     0
  3
QCADDimStyle
100
AcDbAlignedDimension
 13
270.0
 23
58.0
 33
0.0
 14
270.0
 24
48.0
 34
0.0
 50
90.0
100
AcDbRotatedDimension
1001
ACAD
1000
DSTYLE
1002
{
1070
   289
1070
     0
1070
    73
1070
     1
1002
}
  0
DIMENSION
  5
B65
330
BD3
100
AcDbEntity
  8
Dimensions
100
AcDbDimension
280
     0
 10
571.5324010914052
 20
52.77762619372452
 30
0.0
 11
574.5324010914052
 21
47.77762619372431
 31
0.0
 70
   160
 71
     5
 42
-1.0
 73
     0
 74
     0
 75
     0
  3
QCADDimStyle
100
AcDbAlignedDimension
 13
568.5324010914052
 23
52.77762619372449
 33
0.0
 14
568.5324010914052
 24
42.77762619372432
 34
0.0
 50
90.0
100
AcDbRotatedDimension
1001
ACAD
1000
DSTYLE
1002
{
1070
   289
1070
     0
1070
    73
1070
     1
1002
}
  0
DIMENSION
  5
B8D
330
BD3
100
AcDbEntity
  8
Dimensions
100
AcDbDimension
280
     0
 10
571.5324010914052
 20
132.7776261937239
 30
0.0
 11
574.5324010914052
 21
127.7776261937249
 31
0.0
 70
   160
 71
     5
 42
-1.0
 73
     0
 74
     0
 75
     0
  3
QCADDimStyle
100
AcDbAlignedDimension
 13
568.5324010914052
 23
132.7776261937244
 33
0.0
 14
568.5324010914052
 24
122.7776261937237
 34
0.0
 50
90.0
100
AcDbRotatedDimension
1001
ACAD
1000
DSTYLE
1002
{
1070
   289
1070
     0
1070
    73
1070
     1
1002
}
  0
DIMENSION
  5
A61
330
BD3
100
AcDbEntity
  8
Dimensions
100
AcDbDimension
280
     0
 10
273.0
 20
48.0
 30
0.0
 11
276.0
 21
43.0
 31
0.0
 70
   160
 71
     5
 42
-1.0
 73
     0
 74
     0
 75
     0
  3
QCADDimStyle
100
AcDbAlignedDimension
 13
270.0
 23
48.0
 33
0.0
 14
270.0
 24
38.0
 34
0.0
 50
90.0
100
AcDbRotatedDimension
1001
ACAD
1000
DSTYLE
1002
{
1070
   289
1070
     0
1070
    73
1070
     1
1002
}
  0
DIMENSION
  5
B66
330
BD3
100
AcDbEntity
  8
Dimensions
100
AcDbDimension
280
     0
 10
571.5324010914052
 20
42.77762619372457
 30
0.0
 11
574.5324010914052
 21
37.77762619372432
 31
0.0
 70
   160
 71
     5
 42
-1.0
 73
     0
 74
     0
 75
     0
  3
QCADDimStyle
100
AcDbAlignedDimension
 13
568.5324010914052
 23
42.77762619372432
 33
0.0
 14
568.5324010914052
 24
32.77762619372432
 34
0.0
 50
90.0
100
AcDbRotatedDimension
1001
ACAD
1000
DSTYLE
1002
{
1070
   289
1070
     0
1070
    73
1070
     1
1002
}
  0
DIMENSION
  5
B8E
330
BD3
100
AcDbEntity
  8
Dimensions
100
AcDbDimension
280
     0
 10
571.5324010914052
 20
122.7776261937253
 30
0.0
 11
574.5324010914052
 21
117.777626193724
 31
0.0
 70
   160
 71
     5
 42
-1.0
 73
     0
 74
     0
 75
     0
  3
QCADDimStyle
100
AcDbAlignedDimension
 13
568.5324010914052
 23
122.7776261937237
 33
0.0
 14
568.5324010914052
 24
112.7776261937251
 34
0.0
 50
90.0
100
AcDbRotatedDimension
1001
ACAD
1000
DSTYLE
1002
{
1070
   289
1070
     0
1070
    73
1070
     1
1002
}
  0
DIMENSION
  5
A62
330
BD3
100
AcDbEntity
  8
Dimensions
100
AcDbDimension
280
     0
 10
273.0
 20
38.0
 30
0.0
 11
276.0
 21
33.0
 31
0.0
 70
   160
 71
     5
 42
-1.0
 73
     0
 74
     0
 75
     0
  3
QCADDimStyle
100
AcDbAlignedDimension
 13
270.0
 23
38.0
 33
0.0
 14
270.0
 24
28.0
 34
0.0
 50
90.0
100
AcDbRotatedDimension
1001
ACAD
1000
DSTYLE
1002
{
1070
   289
1070
     0
1070
    73
1070
     1
1002
}
  0
DIMENSION
  5
B67
330
BD3
100
AcDbEntity
  8
Dimensions
100
AcDbDimension
280
     0
 10
571.5324010914052
 20
32.77762619372457
 30
0.0
 11
574.5324010914052
 21
27.77762619372436
 31
0.0
 70
   160
 71
     5
 42
-1.0
 73
     0
 74
     0
 75
     0
  3
QCADDimStyle
100
AcDbAlignedDimension
 13
568.5324010914052
 23
32.77762619372432
 33
0.0
 14
568.5324010914052
 24
22.77762619372426
 34
0.0
 50
90.0
100
AcDbRotatedDimension
1001
ACAD
1000
DSTYLE
1002
{
1070
   289
1070
     0
1070
    73
1070
     1
1002
}
  0
DIMENSION
  5
B8F
330
BD3
100
AcDbEntity
  8
Dimensions
100
AcDbDimension
280
     0
 10
571.5324010914052
 20
112.7776261937238
 30
0.0
 11
574.5324010914052
 21
107.7776261937233
 31
0.0
 70
   160
 71
     5
 42
-1.0
 73
     0
 74
     0
 75
     0
  3
QCADDimStyle
100
AcDbAlignedDimension
 13
568.5324010914052
 23
112.7776261937251
 33
0.0
 14
568.5324010914052
 24
102.7776261937253
 34
0.0
 50
90.0
100
AcDbRotatedDimension
1001
ACAD
1000
DSTYLE
1002
{
1070
   289
1070
     0
1070
    73
1070
     1
1002
}
  0
DIMENSION
  5
A63
330
BD3
100
AcDbEntity
  8
Dimensions
100
AcDbDimension
280
     0
 10
107.0
 20
121.0
 30
0.0
 11
105.0
 21
117.0
 31
0.0
 70
   160
 71
     5
 42
-1.0
 73
     0
 74
     0
 75
     0
  3
QCADDimStyle
100
AcDbAlignedDimension
 13
110.0
 23
121.0
 33
0.0
 14
110.0
 24
113.0
 34
0.0
 50
90.0
100
AcDbRotatedDimension
1001
ACAD
1000
DSTYLE
1002
{
1070
    41
1040
1.5
1070
   289
1070
     0
1070
   147
1040
0.5
1070
    73
1070
     1
1002
}
  0
DIMENSION
  5
A64
330
BD3
100
AcDbEntity
  8
Dimensions
100
AcDbDimension
280
     0
 10
107.0
 20
113.0
 30
0.0
 11
105.0
 21
110.0
 31
0.0
 70
   160
 71
     5
 42
-1.0
 73
     0
 74
     0
 75
     0
  3
QCADDimStyle
100
AcDbAlignedDimension
 13
110.0
 23
113.0
 33
0.0
 14
110.0
 24
107.0
 34
0.0
 50
90.0
100
AcDbRotatedDimension
1001
ACAD
1000
DSTYLE
1002
{
1070
    41
1040
1.5
1070
   289
1070
     0
1070
    73
1070
     1
1002
}
  0
DIMENSION
  5
A65
330
BD3
100
AcDbEntity
  8
Dimensions
100
AcDbDimension
280
     0
 10
107.0
 20
107.0
 30
0.0
 11
105.0
 21
103.0
 31
0.0
 70
   160
 71
     5
 42
-1.0
 73
     0
 74
     0
 75
     0
  3
QCADDimStyle
100
AcDbAlignedDimension
 13
110.0
 23
107.0
 33
0.0
 14
110.0
 24
99.0
 34
0.0
 50
90.0
100
AcDbRotatedDimension
1001
ACAD
1000
DSTYLE
1002
{
1070
    41
1040
1.5
1070
   289
1070
     0
1070
    73
1070
     1
1002
}
  0
DIMENSION
  5
A67
330
BD3
100
AcDbEntity
  8
Dimensions
100
AcDbDimension
280
     0
 10
117.0
 20
50.0
 30
0.0
 11
122.0
 21
52.0
 31
0.0
 70
    32
 71
     5
 42
-1.0
 73
     0
 74
     0
 75
     0
  3
QCADDimStyle
100
AcDbAlignedDimension
 13
117.0
 23
48.0
 33
0.0
 14
127.0
 24
48.0
 34
0.0
100
AcDbRotatedDimension
1001
ACAD
1000
DSTYLE
1002
{
1070
   289
1070
     0
1002
}
  0
DIMENSION
  5
B68
330
BD3
100
AcDbEntity
  8
Dimensions
100
AcDbDimension
280
     0
 10
415.5324010914052
 20
44.77762619372442
 30
0.0
 11
420.5324010914052
 21
46.77762619372442
 31
0.0
 70
    32
 71
     5
 42
-1.0
 73
     0
 74
     0
 75
     0
  3
QCADDimStyle
100
AcDbAlignedDimension
 13
415.5324010914052
 23
42.77762619372439
 33
0.0
 14
425.5324010914052
 24
42.77762619372444
 34
0.0
100
AcDbRotatedDimension
1001
ACAD
1000
DSTYLE
1002
{
1070
   289
1070
     0
1002
}
  0
DIMENSION
  5
B90
330
BD3
100
AcDbEntity
  8
Dimensions
100
AcDbDimension
280
     0
 10
415.5324010914052
 20
124.7776261937243
 30
0.0
 11
420.5324010914052
 21
126.7776261937243
 31
0.0
 70
    32
 71
     5
 42
-1.0
 73
     0
 74
     0
 75
     0
  3
QCADDimStyle
100
AcDbAlignedDimension
 13
415.5324010914052
 23
122.7776261937242
 33
0.0
 14
425.5324010914052
 24
122.7776261937242
 34
0.0
100
AcDbRotatedDimension
1001
ACAD
1000
DSTYLE
1002
{
1070
   289
1070
     0
1002
}
  0
DIMENSION
  5
A68
330
BD3
100
AcDbEntity
  8
Dimensions
100
AcDbDimension
280
     0
 10
117.0
 20
50.0
 30
0.0
 11
113.5
 21
52.0
 31
0.0
 70
    32
 71
     5
 42
-1.0
 73
     0
 74
     0
 75
     0
  3
QCADDimStyle
100
AcDbAlignedDimension
 13
117.0
 23
48.0
 33
0.0
 14
110.0
 24
48.0
 34
0.0
100
AcDbRotatedDimension
1001
ACAD
1000
DSTYLE
1002
{
1070
   289
1070
     0
1002
}
  0
DIMENSION
  5
B69
330
BD3
100
AcDbEntity
  8
Dimensions
100
AcDbDimension
280
     0
 10
415.5324010914052
 20
44.77762619372442
 30
0.0
 11
412.0324010914052
 21
46.77762619372442
 31
0.0
 70
    32
 71
     5
 42
-1.0
 73
     0
 74
     0
 75
     0
  3
QCADDimStyle
100
AcDbAlignedDimension
 13
415.5324010914052
 23
42.77762619372439
 33
0.0
 14
408.5324010914052
 24
42.77762619372439
 34
0.0
100
AcDbRotatedDimension
1001
ACAD
1000
DSTYLE
1002
{
1070
   289
1070
     0
1002
}
  0
DIMENSION
  5
B91
330
BD3
100
AcDbEntity
  8
Dimensions
100
AcDbDimension
280
     0
 10
415.5324010914052
 20
124.7776261937243
 30
0.0
 11
412.0324010914052
 21
126.7776261937243
 31
0.0
 70
    32
 71
     5
 42
-1.0
 73
     0
 74
     0
 75
     0
  3
QCADDimStyle
100
AcDbAlignedDimension
 13
415.5324010914052
 23
122.7776261937242
 33
0.0
 14
408.5324010914052
 24
122.7776261937243
 34
0.0
100
AcDbRotatedDimension
1001
ACAD
1000
DSTYLE
1002
{
1070
   289
1070
     0
1002
}
  0
DIMENSION
  5
A69
330
BD3
100
AcDbEntity
  8
Dimensions
100
AcDbDimension
280
     0
 10
113.5
 20
116.0
 30
0.0
 11
113.5
 21
118.0
 31
0.0
 70
    32
 71
     5
 42
-1.0
 73
     0
 74
     0
 75
     0
  3
QCADDimStyle
100
AcDbAlignedDimension
 13
117.0
 23
116.0
 33
0.0
 14
110.0
 24
116.0
 34
0.0
100
AcDbRotatedDimension
1001
ACAD
1000
DSTYLE
1002
{
1070
   289
1070
     0
1002
}
  0
VIEWPORT
  5
C91
330
BCF
100
AcDbEntity
 67
     1
  8
0
100
AcDbViewport
 10
128.5
 20
97.5
 30
0.0
 40
314.226
 41
222.18
 68
     1
 69
     1
 12
128.5
 22
97.5
 13
0.0
 23
0.0
 14
10.0
 24
10.0
 15
10.0
 25
10.0
 16
0.0
 26
0.0
 36
1.0
 17
0.0
 27
0.0
 37
0.0
 42
50.0
 43
0.0
 44
0.0
 45
222.18
 50
0.0
 51
0.0
 72
   100
 90
   557152
  1

281
     0
 71
     1
 74
     0
110
0.0
120
0.0
130
0.0
111
1.0
121
0.0
131
0.0
112
0.0
122
1.0
132
0.0
 79
     0
146
0.0
170
     0
 61
     5
348
BE3
292
     1
282
     1
141
0.0
142
0.0
 63
   256
361
C92
  0
ENDSEC
  0
SECTION
  2
OBJECTS
  0
DICTIONARY
  5
BC1
330
0
100
AcDbDictionary
281
     1
  3
ACAD_DETAILVIEWSTYLE
350
CCB
  3
ACAD_GROUP
350
BC2
  3
ACAD_LAYOUT
350
BCE
  3
ACAD_MATERIAL
350
BF7
  3
ACAD_MLEADERSTYLE
350
C0F
  3
ACAD_MLINESTYLE
350
BCB
  3
ACAD_PLOTSETTINGS
350
BCD
  3
ACAD_PLOTSTYLENAME
350
BC3
  3
ACAD_SCALELIST
350
BFB
  3
ACAD_SECTIONVIEWSTYLE
350
CCC
  3
ACAD_TABLESTYLE
350
C0D
  3
ACAD_VISUALSTYLE
350
BDE
  3
AcDbVariableDictionary
350
C94
  3
ACDB_RECOMPOSE_DATA
350
CC8
  3
QCAD_OBJECTS
350
C13
  0
SUN
  5
C11
330
BDD
100
AcDbSun
 90
        1
290
     0
 63
     7
421
 16777215
 40
1.0
291
     1
 91
  2455826
 92
 54000000
292
     0
 70
     2
 71
   256
280
     1
  0
SUN
  5
C92
330
C91
100
AcDbSun
 90
        1
290
     0
 63
     7
421
 16777215
 40
1.0
291
     1
 91
  2455826
 92
 54000000
292
     0
 70
     2
 71
   256
280
     1
  0
DICTIONARY
  5
CCB
102
{ACAD_REACTORS
330
BC1
102
}
330
BC1
100
AcDbDictionary
281
     1
  0
DICTIONARY
  5
BC2
102
{ACAD_REACTORS
330
BC1
102
}
330
BC1
100
AcDbDictionary
281
     1
  0
DICTIONARY
  5
BCE
102
{ACAD_REACTORS
330
BC1
102
}
330
BC1
100
AcDbDictionary
281
     1
  3
Layout1
350
BD2
  3
Model
350
BD6
  0
DICTIONARY
  5
BF7
102
{ACAD_REACTORS
330
BC1
102
}
330
BC1
100
AcDbDictionary
281
     1
  3
ByBlock
350
BF9
  3
ByLayer
350
BF8
  3
Global
350
BFA
  0
DICTIONARY
  5
C0F
102
{ACAD_REACTORS
330
BC1
102
}
330
BC1
100
AcDbDictionary
281
     1
  3
Standard
350
C10
  0
DICTIONARY
  5
BCB
102
{ACAD_REACTORS
330
BC1
102
}
330
BC1
100
AcDbDictionary
281
     1
  3
Standard
350
BCC
  0
DICTIONARY
  5
BCD
102
{ACAD_REACTORS
330
BC1
102
}
330
BC1
100
AcDbDictionary
281
     1
  0
ACDBDICTIONARYWDFLT
  5
BC3
102
{ACAD_REACTORS
330
BC1
102
}
330
BC1
100
AcDbDictionary
281
     1
  3
Normal
350
BC4
100
AcDbDictionaryWithDefault
340
BC4
  0
DICTIONARY
  5
BFB
102
{ACAD_REACTORS
330
BC1
102
}
330
BC1
100
AcDbDictionary
281
     1
  3
A0
350
BFC
  3
A1
350
BFD
  3
A2
350
BFE
  3
A3
350
BFF
  3
A4
350
C00
  3
A5
350
C01
  3
A6
350
C02
  3
A7
350
C03
  3
A8
350
C04
  3
A9
350
C05
  3
B1
350
C06
  3
B2
350
C07
  3
B3
350
C08
  3
B4
350
C09
  3
B5
350
C0A
  3
B6
350
C0B
  3
B7
350
C0C
  0
DICTIONARY
  5
CCC
102
{ACAD_REACTORS
330
BC1
102
}
330
BC1
100
AcDbDictionary
281
     1
  0
DICTIONARY
  5
C0D
102
{ACAD_REACTORS
330
BC1
102
}
330
BC1
100
AcDbDictionary
281
     1
  3
Standard
350
C0E
  0
DICTIONARY
  5
BDE
102
{ACAD_REACTORS
330
BC1
102
}
330
BC1
100
AcDbDictionary
281
     1
  3
2dWireframe
350
BE3
  3
Basic
350
BE6
  3
Brighten
350
BEA
  3
ColorChange
350
BEE
  3
Conceptual
350
BE8
  3
Dim
350
BE9
  3
EdgeColorOff
350
BF1
  3
Facepattern
350
BED
  3
Flat
350
BDF
  3
FlatWithEdges
350
BE0
  3
Gouraud
350
BE1
  3
GouraudWithEdges
350
BE2
  3
Hidden
350
BE5
  3
JitterOff
350
BEF
  3
Linepattern
350
BEC
  3
OverhangOff
350
BF0
  3
Realistic
350
BE7
  3
Shaded
350
BF6
  3
Shaded with edges
350
BF5
  3
Shades of Gray
350
BF2
  3
Sketchy
350
BF3
  3
Thicken
350
BEB
  3
Wireframe
350
BE4
  3
X-Ray
350
BF4
  0
DICTIONARY
  5
C94
102
{ACAD_REACTORS
330
BC1
102
}
330
BC1
100
AcDbDictionary
281
     1
  3
CANNOSCALE
350
C95
  3
CMLEADERSTYLE
350
CCA
  3
CTABLESTYLE
350
CC9
  0
XRECORD
  5
CC8
102
{ACAD_REACTORS
330
BC1
102
}
330
BC1
100
AcDbXrecord
280
     1
 90
        1
330
C0E
  0
DICTIONARY
  5
C13
102
{ACAD_REACTORS
330
BC1
102
}
330
BC1
100
AcDbDictionary
281
     1
  3
ColorSettings/BackgroundColor
350
C15
  3
ColorSettings/ColorMode
350
C16
  3
DimensionSettings/AngularFormat
350
C17
  3
DimensionSettings/AngularPrecision
350
C18
  3
DimensionSettings/DecimalPoint
350
C19
  3
DimensionSettings/DimensionFont
350
C1A
  3
DimensionSettings/DimensionTextColor
350
C1B
  3
DimensionSettings/KeepProportions
350
C1C
  3
DimensionSettings/LinearFormat
350
C1D
  3
DimensionSettings/LinearPrecision
350
C1E
  3
Grid/DisplayGrid00
350
C1F
  3
Grid/DisplayGrid01
350
C20
  3
Grid/DisplayGrid02
350
C21
  3
Grid/DisplayGrid03
350
C22
  3
Grid/GridSpacingX00
350
C23
  3
Grid/GridSpacingX01
350
C24
  3
Grid/GridSpacingX02
350
C25
  3
Grid/GridSpacingX03
350
C26
  3
Grid/GridSpacingY00
350
C27
  3
Grid/GridSpacingY01
350
C28
  3
Grid/GridSpacingY02
350
C29
  3
Grid/GridSpacingY03
350
C2A
  3
Grid/IsometricGrid00
350
C2B
  3
Grid/IsometricGrid01
350
C2C
  3
Grid/IsometricGrid02
350
C2D
  3
Grid/IsometricGrid03
350
C2E
  3
Grid/IsometricProjection00
350
C2F
  3
Grid/IsometricProjection01
350
C30
  3
Grid/IsometricProjection02
350
C31
  3
Grid/IsometricProjection03
350
C32
  3
Grid/MetaGridSpacingX00
350
C33
  3
Grid/MetaGridSpacingX01
350
C34
  3
Grid/MetaGridSpacingX02
350
C35
  3
Grid/MetaGridSpacingX03
350
C36
  3
Grid/MetaGridSpacingY00
350
C37
  3
Grid/MetaGridSpacingY01
350
C38
  3
Grid/MetaGridSpacingY02
350
C39
  3
Grid/MetaGridSpacingY03
350
C3A
  3
MultiPageSettings/Columns
350
C3B
  3
MultiPageSettings/GlueMarginsBottom
350
C3C
  3
MultiPageSettings/GlueMarginsLeft
350
C3D
  3
MultiPageSettings/GlueMarginsRight
350
C3E
  3
MultiPageSettings/GlueMarginsTop
350
C3F
  3
MultiPageSettings/PrintCropMarks
350
C40
  3
MultiPageSettings/Rows
350
C41
  3
PageSettings/OffsetX
350
C42
  3
PageSettings/OffsetY
350
C43
  3
PageSettings/PageOrientation
350
C44
  3
PageSettings/PaperHeight
350
C45
  3
PageSettings/PaperSizeName
350
C46
  3
PageSettings/PaperWidth
350
C47
  3
PageSettings/PointSize
350
C48
  3
PageSettings/PositionAccepted
350
C49
  3
PageSettings/Scale
350
C4A
  3
PageSettings/ShowPaperBorders
350
C4B
  3
PageTagSettings/EnablePageTags
350
C4C
  3
PageTagSettings/TagAlignment
350
C4D
  3
PageTagSettings/TagFont
350
C4E
  3
PageTagSettings/TagPosition
350
C4F
  3
Print/HairlineMode
350
C50
  3
QCADVersion
350
C51
  3
UnitSettings/PaperUnit
350
C52
  3
ViewportCenter
350
C53
  3
ViewportHeight
350
C54
  3
ViewportWidth
350
C55
  0
LAYOUT
  5
BD2
102
{ACAD_REACTORS
330
BCE
102
}
330
BCE
100
AcDbPlotSettings
  1

  2
none_device
  4
ISO_A4_(210.00_x_297.00_MM)
  6

 40
7.5
 41
20.0
 42
7.5
 43
20.0
 44
210.0
 45
297.0
 46
0.0
 47
0.0
 48
0.0
 49
0.0
140
0.0
141
0.0
142
1.0
143
1.0
 70
   688
 72
     1
 73
     1
 74
     5
  7

 75
    16
 76
     0
 77
     2
 78
   300
147
1.0
148
0.0
149
0.0
100
AcDbLayout
  1
Layout1
 70
     1
 71
     1
 10
-20.0
 20
-7.5
 11
277.0
 21
202.5
 12
0.0
 22
0.0
 32
0.0
 14
0.0
 24
0.0
 34
0.0
 15
0.0
 25
0.0
 35
0.0
146
0.0
 13
0.0
 23
0.0
 33
0.0
 16
1.0
 26
0.0
 36
0.0
 17
0.0
 27
1.0
 37
0.0
 76
     0
330
BCF
331
C91
  0
LAYOUT
  5
BD6
102
{ACAD_REACTORS
330
BCE
102
}
330
BCE
100
AcDbPlotSettings
  1

  2
none_device
  4
Letter_(8.50_x_11.00_Inches)
  6

 40
6.35
 41
6.35
 42
6.35000508
 43
6.35000508
 44
215.9
 45
279.4
 46
0.0
 47
0.0
 48
0.0
 49
0.0
140
0.0
141
0.0
142
1.0
143
1.0
 70
  1712
 72
     0
 73
     0
 74
     0
  7

 75
     0
 76
     0
 77
     2
 78
   300
147
1.0
148
0.0
149
0.0
100
AcDbLayout
  1
Model
 70
     1
 71
     0
 10
0.0
 20
0.0
 11
12.0
 21
9.0
 12
0.0
 22
0.0
 32
0.0
 14
57.99604365620737
 24
-23.45818422588983
 34
0.0
 15
576.2245975443383
 25
132.7776261937244
 35
0.0
146
0.0
 13
0.0
 23
0.0
 33
0.0
 16
1.0
 26
0.0
 36
0.0
 17
0.0
 27
1.0
 37
0.0
 76
     0
330
BD3
331
BDD
  0
MATERIAL
  5
BF9
102
{ACAD_REACTORS
330
BF7
102
}
330
BF7
100
AcDbMaterial
  1
ByBlock
 72
     1
 94
      127
  0
MATERIAL
  5
BF8
102
{ACAD_REACTORS
330
BF7
102
}
330
BF7
100
AcDbMaterial
  1
ByLayer
 72
     1
 94
      127
  0
MATERIAL
  5
BFA
102
{ACAD_REACTORS
330
BF7
102
}
330
BF7
100
AcDbMaterial
  1
Global
 72
     1
 94
      127
  0
MLEADERSTYLE
  5
C10
102
{ACAD_REACTORS
330
C0F
102
}
330
C0F
100
AcDbMLeaderStyle
179
     2
170
     2
171
     1
172
     0
 90
        2
 40
0.0
 41
0.0
173
     1
 91
-1056964608
340
BC8
 92
       -2
290
     1
 42
0.09
291
     1
 43
0.36
  3
Standard
341
0
 44
0.18
300

342
BC6
174
     1
178
     6
175
     1
176
     0
 93
-1056964608
 45
0.18
292
     0
297
     0
 46
0.18
343
0
 94
-1056964608
 47
1.0
 49
1.0
140
1.0
293
     1
141
0.0
294
     1
177
     0
142
1.0
295
     0
296
     0
143
0.125
271
     0
272
     9
273
     9
  0
MLINESTYLE
  5
BCC
102
{ACAD_REACTORS
330
BCB
102
}
330
BCB
100
AcDbMlineStyle
  2
Standard
 70
     0
  3

 62
   256
 51
90.0
 52
90.0
 71
     2
 49
0.5
 62
   256
  6
BYLAYER
 49
-0.5
 62
   256
  6
BYLAYER
  0
ACDBPLACEHOLDER
  5
BC4
102
{ACAD_REACTORS
330
BC3
102
}
330
BC3
  0
SCALE
  5
BFC
102
{ACAD_REACTORS
330
BFB
102
}
330
BFB
100
AcDbScale
 70
     0
300
1:1
140
1.0
141
1.0
290
     1
  0
SCALE
  5
BFD
102
{ACAD_REACTORS
330
BFB
102
}
330
BFB
100
AcDbScale
 70
     0
300
1/128" = 1'-0"
140
0.0078125
141
12.0
290
     0
  0
SCALE
  5
BFE
102
{ACAD_REACTORS
330
BFB
102
}
330
BFB
100
AcDbScale
 70
     0
300
1/64" = 1'-0"
140
0.015625
141
12.0
290
     0
  0
SCALE
  5
BFF
102
{ACAD_REACTORS
330
BFB
102
}
330
BFB
100
AcDbScale
 70
     0
300
1/32" = 1'-0"
140
0.03125
141
12.0
290
     0
  0
SCALE
  5
C00
102
{ACAD_REACTORS
330
BFB
102
}
330
BFB
100
AcDbScale
 70
     0
300
1/16" = 1'-0"
140
0.0625
141
12.0
290
     0
  0
SCALE
  5
C01
102
{ACAD_REACTORS
330
BFB
102
}
330
BFB
100
AcDbScale
 70
     0
300
3/32" = 1'-0"
140
0.09375
141
12.0
290
     0
  0
SCALE
  5
C02
102
{ACAD_REACTORS
330
BFB
102
}
330
BFB
100
AcDbScale
 70
     0
300
1/8" = 1'-0"
140
0.125
141
12.0
290
     0
  0
SCALE
  5
C03
102
{ACAD_REACTORS
330
BFB
102
}
330
BFB
100
AcDbScale
 70
     0
300
3/16" = 1'-0"
140
0.1875
141
12.0
290
     0
  0
SCALE
  5
C04
102
{ACAD_REACTORS
330
BFB
102
}
330
BFB
100
AcDbScale
 70
     0
300
1/4" = 1'-0"
140
0.25
141
12.0
290
     0
  0
SCALE
  5
C05
102
{ACAD_REACTORS
330
BFB
102
}
330
BFB
100
AcDbScale
 70
     0
300
3/8" = 1'-0"
140
0.375
141
12.0
290
     0
  0
SCALE
  5
C06
102
{ACAD_REACTORS
330
BFB
102
}
330
BFB
100
AcDbScale
 70
     0
300
1/2" = 1'-0"
140
0.5
141
12.0
290
     0
  0
SCALE
  5
C07
102
{ACAD_REACTORS
330
BFB
102
}
330
BFB
100
AcDbScale
 70
     0
300
3/4" = 1'-0"
140
0.75
141
12.0
290
     0
  0
SCALE
  5
C08
102
{ACAD_REACTORS
330
BFB
102
}
330
BFB
100
AcDbScale
 70
     0
300
1" = 1'-0"
140
1.0
141
12.0
290
     0
  0
SCALE
  5
C09
102
{ACAD_REACTORS
330
BFB
102
}
330
BFB
100
AcDbScale
 70
     0
300
1-1/2" = 1'-0"
140
1.5
141
12.0
290
     0
  0
SCALE
  5
C0A
102
{ACAD_REACTORS
330
BFB
102
}
330
BFB
100
AcDbScale
 70
     0
300
3" = 1'-0"
140
3.0
141
12.0
290
     0
  0
SCALE
  5
C0B
102
{ACAD_REACTORS
330
BFB
102
}
330
BFB
100
AcDbScale
 70
     0
300
6" = 1'-0"
140
6.0
141
12.0
290
     0
  0
SCALE
  5
C0C
102
{ACAD_REACTORS
330
BFB
102
}
330
BFB
100
AcDbScale
 70
     0
300
1'-0" = 1'-0"
140
12.0
141
12.0
290
     0
  0
TABLESTYLE
  5
C0E
102
{ACAD_REACTORS
330
C0D
102
}
102
{ACAD_XDICTIONARY
360
CC6
102
}
330
C0D
100
AcDbTableStyle
  3
Standard
 70
     0
 71
     0
 40
0.06
 41
0.06
280
     0
281
     0
  7
Standard
140
0.18
170
     2
 62
     0
 63
   257
283
     0
 90
        4
 91
        0
  1

274
    -2
284
     1
 64
     0
275
    -2
285
     1
 65
     0
276
    -2
286
     1
 66
     0
277
    -2
287
     1
 67
     0
278
    -2
288
     1
 68
     0
279
    -2
289
     1
 69
     0
  7
Standard
140
0.25
170
     5
 62
     0
 63
   257
283
     0
 90
        4
 91
        0
  1

274
    -2
284
     1
 64
     0
275
    -2
285
     1
 65
     0
276
    -2
286
     1
 66
     0
277
    -2
287
     1
 67
     0
278
    -2
288
     1
 68
     0
279
    -2
289
     1
 69
     0
  7
Standard
140
0.18
170
     5
 62
     0
 63
   257
283
     0
 90
        4
 91
        0
  1

274
    -2
284
     1
 64
     0
275
    -2
285
     1
 65
     0
276
    -2
286
     1
 66
     0
277
    -2
287
     1
 67
     0
278
    -2
288
     1
 68
     0
279
    -2
289
     1
 69
     0
  0
VISUALSTYLE
  5
BE3
102
{ACAD_REACTORS
330
BDE
102
}
102
{ACAD_XDICTIONARY
360
C9E
102
}
330
BDE
100
AcDbVisualStyle
  2
2dWireframe
 70
     4
177
     2
291
     0
 71
     0
176
     1
 72
     2
176
     1
 73
     0
176
     1
 90
        0
176
     1
 40
0.6
176
     1
 41
30.0
176
     1
 62
     5
 63
     7
421
 16777215
176
     1
 74
     1
176
     1
 91
        4
176
     1
 64
     7
176
     1
 65
   257
176
     1
 75
     1
176
     1
175
     1
176
     1
 42
1.0
176
     1
 92
        0
176
     1
 66
   257
176
     1
 43
1.0
176
     1
 76
     1
176
     1
 77
     6
176
     1
 78
     2
176
     1
 67
     7
176
     1
 79
     5
176
     1
170
     0
176
     1
171
     0
176
     1
290
     0
176
     1
 93
        1
176
     1
 44
0.0
176
     1
173
     0
176
     1
  0
VISUALSTYLE
  5
BE6
102
{ACAD_REACTORS
330
BDE
102
}
102
{ACAD_XDICTIONARY
360
CA4
102
}
330
BDE
100
AcDbVisualStyle
  2
Basic
 70
     7
177
     2
291
     1
 71
     1
176
     1
 72
     0
176
     1
 73
     1
176
     1
 90
        0
176
     1
 40
0.6
176
     1
 41
30.0
176
     1
 62
     5
 63
     7
421
 16777215
176
     1
 74
     0
176
     1
 91
        4
176
     1
 64
     7
176
     1
 65
   257
176
     1
 75
     1
176
     1
175
     1
176
     1
 42
1.0
176
     1
 92
        8
176
     1
 66
     7
176
     1
 43
1.0
176
     1
 76
     1
176
     1
 77
     6
176
     1
 78
     2
176
     1
 67
     7
176
     1
 79
     5
176
     1
170
     0
176
     1
171
     0
176
     1
290
     0
176
     1
 93
        1
176
     1
 44
0.0
176
     1
173
     0
176
     1
  0
VISUALSTYLE
  5
BEA
102
{ACAD_REACTORS
330
BDE
102
}
102
{ACAD_XDICTIONARY
360
CAC
102
}
330
BDE
100
AcDbVisualStyle
  2
Brighten
 70
    12
177
     2
291
     1
 71
     2
176
     1
 72
     2
176
     1
 73
     0
176
     1
 90
        0
176
     1
 40
0.6
176
     1
 41
30.0
176
     1
 62
     5
 63
     7
421
 16777215
176
     1
 74
     1
176
     1
 91
        4
176
     1
 64
     7
176
     1
 65
   257
176
     1
 75
     1
176
     1
175
     1
176
     1
 42
1.0
176
     1
 92
        8
176
     1
 66
     7
176
     1
 43
1.0
176
     1
 76
     1
176
     1
 77
     6
176
     1
 78
     2
176
     1
 67
     7
176
     1
 79
     5
176
     1
170
     0
176
     1
171
     0
176
     1
290
     0
176
     1
 93
        1
176
     1
 44
50.0
176
     1
173
     0
176
     1
  0
VISUALSTYLE
  5
BEE
102
{ACAD_REACTORS
330
BDE
102
}
102
{ACAD_XDICTIONARY
360
CB4
102
}
330
BDE
100
AcDbVisualStyle
  2
ColorChange
 70
    16
177
     2
291
     1
 71
     2
176
     1
 72
     2
176
     1
 73
     3
176
     1
 90
        0
176
     1
 40
0.6
176
     1
 41
30.0
176
     1
 62
     5
 63
     8
421
  8421504
176
     1
 74
     1
176
     1
 91
        4
176
     1
 64
     7
176
     1
 65
   257
176
     1
 75
     1
176
     1
175
     1
176
     1
 42
1.0
176
     1
 92
        8
176
     1
 66
     8
424
  8421504
176
     1
 43
1.0
176
     1
 76
     1
176
     1
 77
     6
176
     1
 78
     2
176
     1
 67
     7
176
     1
 79
     5
176
     1
170
     0
176
     1
171
     0
176
     1
290
     0
176
     1
 93
        1
176
     1
 44
0.0
176
     1
173
     0
176
     1
  0
VISUALSTYLE
  5
BE8
102
{ACAD_REACTORS
330
BDE
102
}
102
{ACAD_XDICTIONARY
360
CA8
102
}
330
BDE
100
AcDbVisualStyle
  2
Conceptual
 70
     9
177
     2
291
     0
 71
     3
176
     1
 72
     2
176
     1
 73
     0
176
     1
 90
        0
176
     1
 40
0.6
176
     1
 41
30.0
176
     1
 62
     5
 63
     7
421
 16777215
176
     1
 74
     2
176
     1
 91
        2
176
     1
 64
     7
176
     1
 65
   257
176
     1
 75
     1
176
     1
175
     1
176
     1
 42
179.0
176
     1
 92
        8
176
     1
 66
     7
176
     1
 43
1.0
176
     1
 76
     1
176
     1
 77
     6
176
     1
 78
     2
176
     1
 67
     7
176
     1
 79
     3
176
     1
170
     0
176
     1
171
     0
176
     1
290
     0
176
     1
 93
        1
176
     1
 44
0.0
176
     1
173
     0
176
     1
  0
VISUALSTYLE
  5
BE9
102
{ACAD_REACTORS
330
BDE
102
}
102
{ACAD_XDICTIONARY
360
CAA
102
}
330
BDE
100
AcDbVisualStyle
  2
Dim
 70
    11
177
     2
291
     1
 71
     2
176
     1
 72
     2
176
     1
 73
     0
176
     1
 90
        0
176
     1
 40
0.6
176
     1
 41
30.0
176
     1
 62
     5
 63
     7
421
 16777215
176
     1
 74
     1
176
     1
 91
        4
176
     1
 64
     7
176
     1
 65
   257
176
     1
 75
     1
176
     1
175
     1
176
     1
 42
1.0
176
     1
 92
        8
176
     1
 66
     7
176
     1
 43
1.0
176
     1
 76
     1
176
     1
 77
     6
176
     1
 78
     2
176
     1
 67
     7
176
     1
 79
     5
176
     1
170
     0
176
     1
171
     0
176
     1
290
     0
176
     1
 93
        1
176
     1
 44
-50.0
176
     1
173
     0
176
     1
  0
VISUALSTYLE
  5
BF1
102
{ACAD_REACTORS
330
BDE
102
}
102
{ACAD_XDICTIONARY
360
CBA
102
}
330
BDE
100
AcDbVisualStyle
  2
EdgeColorOff
 70
    22
177
     2
291
     1
 71
     2
176
     0
 72
     2
176
     0
 73
     0
176
     0
 90
        0
176
     0
 40
0.6
176
     0
 41
30.0
176
     0
 62
     5
 63
     7
421
 16777215
176
     0
 74
     1
176
     0
 91
        4
176
     0
 64
     7
176
     0
 65
   257
176
     0
 75
     1
176
     0
175
     1
176
     0
 42
1.0
176
     0
 92
        8
176
     2
 66
     7
176
     0
 43
1.0
176
     0
 76
     1
176
     0
 77
     6
176
     0
 78
     2
176
     0
 67
     7
176
     0
 79
     5
176
     0
170
     0
176
     0
171
     0
176
     0
290
     0
176
     0
 93
        1
176
     0
 44
0.0
176
     0
173
     0
176
     0
  0
VISUALSTYLE
  5
BED
102
{ACAD_REACTORS
330
BDE
102
}
102
{ACAD_XDICTIONARY
360
CB2
102
}
330
BDE
100
AcDbVisualStyle
  2
Facepattern
 70
    15
177
     2
291
     1
 71
     2
176
     1
 72
     2
176
     1
 73
     0
176
     1
 90
        0
176
     1
 40
0.6
176
     1
 41
30.0
176
     1
 62
     5
 63
     7
421
 16777215
176
     1
 74
     1
176
     1
 91
        4
176
     1
 64
     7
176
     1
 65
   257
176
     1
 75
     1
176
     1
175
     1
176
     1
 42
1.0
176
     1
 92
        8
176
     1
 66
     7
176
     1
 43
1.0
176
     1
 76
     1
176
     1
 77
     6
176
     1
 78
     2
176
     1
 67
     7
176
     1
 79
     5
176
     1
170
     0
176
     1
171
     0
176
     1
290
     0
176
     1
 93
        1
176
     1
 44
0.0
176
     1
173
     0
176
     1
  0
VISUALSTYLE
  5
BDF
102
{ACAD_REACTORS
330
BDE
102
}
102
{ACAD_XDICTIONARY
360
C96
102
}
330
BDE
100
AcDbVisualStyle
  2
Flat
 70
     0
177
     2
291
     1
 71
     2
176
     1
 72
     1
176
     1
 73
     1
176
     1
 90
        2
176
     1
 40
0.6
176
     1
 41
30.0
176
     1
 62
     5
 63
     7
421
 16777215
176
     1
 74
     0
176
     1
 91
        0
176
     1
 64
     7
176
     1
 65
   257
176
     1
 75
     1
176
     1
175
     1
176
     1
 42
1.0
176
     1
 92
        8
176
     1
 66
     7
176
     1
 43
1.0
176
     1
 76
     1
176
     1
 77
     6
176
     1
 78
     2
176
     1
 67
     7
176
     1
 79
     5
176
     1
170
     0
176
     1
171
     0
176
     1
290
     0
176
     1
 93
       13
176
     1
 44
0.0
176
     1
173
     0
176
     1
  0
VISUALSTYLE
  5
BE0
102
{ACAD_REACTORS
330
BDE
102
}
102
{ACAD_XDICTIONARY
360
C98
102
}
330
BDE
100
AcDbVisualStyle
  2
FlatWithEdges
 70
     1
177
     2
291
     1
 71
     2
176
     1
 72
     1
176
     1
 73
     1
176
     1
 90
        2
176
     1
 40
0.6
176
     1
 41
30.0
176
     1
 62
     5
 63
     7
421
 16777215
176
     1
 74
     1
176
     1
 91
        0
176
     1
 64
     7
176
     1
 65
   257
176
     1
 75
     1
176
     1
175
     1
176
     1
 42
1.0
176
     1
 92
        0
176
     1
 66
   257
176
     1
 43
1.0
176
     1
 76
     1
176
     1
 77
     6
176
     1
 78
     2
176
     1
 67
     7
176
     1
 79
     5
176
     1
170
     0
176
     1
171
     0
176
     1
290
     0
176
     1
 93
       13
176
     1
 44
0.0
176
     1
173
     0
176
     1
  0
VISUALSTYLE
  5
BE1
102
{ACAD_REACTORS
330
BDE
102
}
102
{ACAD_XDICTIONARY
360
C9A
102
}
330
BDE
100
AcDbVisualStyle
  2
Gouraud
 70
     2
177
     2
291
     1
 71
     2
176
     1
 72
     2
176
     1
 73
     1
176
     1
 90
        2
176
     1
 40
0.6
176
     1
 41
30.0
176
     1
 62
     5
 63
     7
421
 16777215
176
     1
 74
     0
176
     1
 91
        0
176
     1
 64
     7
176
     1
 65
   257
176
     1
 75
     1
176
     1
175
     1
176
     1
 42
1.0
176
     1
 92
        0
176
     1
 66
     7
176
     1
 43
1.0
176
     1
 76
     1
176
     1
 77
     6
176
     1
 78
     2
176
     1
 67
     7
176
     1
 79
     5
176
     1
170
     0
176
     1
171
     0
176
     1
290
     0
176
     1
 93
       13
176
     1
 44
0.0
176
     1
173
     0
176
     1
  0
VISUALSTYLE
  5
BE2
102
{ACAD_REACTORS
330
BDE
102
}
102
{ACAD_XDICTIONARY
360
C9C
102
}
330
BDE
100
AcDbVisualStyle
  2
GouraudWithEdges
 70
     3
177
     2
291
     1
 71
     2
176
     1
 72
     2
176
     1
 73
     1
176
     1
 90
        2
176
     1
 40
0.6
176
     1
 41
30.0
176
     1
 62
     5
 63
     7
421
 16777215
176
     1
 74
     1
176
     1
 91
        0
176
     1
 64
     7
176
     1
 65
   257
176
     1
 75
     1
176
     1
175
     1
176
     1
 42
1.0
176
     1
 92
        0
176
     1
 66
   257
176
     1
 43
1.0
176
     1
 76
     1
176
     1
 77
     6
176
     1
 78
     2
176
     1
 67
     7
176
     1
 79
     5
176
     1
170
     0
176
     1
171
     0
176
     1
290
     0
176
     1
 93
       13
176
     1
 44
0.0
176
     1
173
     0
176
     1
  0
VISUALSTYLE
  5
BE5
102
{ACAD_REACTORS
330
BDE
102
}
102
{ACAD_XDICTIONARY
360
CA2
102
}
330
BDE
100
AcDbVisualStyle
  2
Hidden
 70
     6
177
     2
291
     0
 71
     1
176
     1
 72
     2
176
     1
 73
     2
176
     1
 90
        0
176
     1
 40
0.6
176
     1
 41
30.0
176
     1
 62
     5
 63
     7
421
 16777215
176
     1
 74
     2
176
     1
 91
        2
176
     1
 64
     7
176
     1
 65
   257
176
     1
 75
     2
176
     1
175
     1
176
     1
 42
40.0
176
     1
 92
        0
176
     1
 66
   257
176
     1
 43
1.0
176
     1
 76
     1
176
     1
 77
     6
176
     1
 78
     2
176
     1
 67
     7
176
     1
 79
     3
176
     1
170
     0
176
     1
171
     0
176
     1
290
     0
176
     1
 93
        1
176
     1
 44
0.0
176
     1
173
     0
176
     1
  0
VISUALSTYLE
  5
BEF
102
{ACAD_REACTORS
330
BDE
102
}
102
{ACAD_XDICTIONARY
360
CB6
102
}
330
BDE
100
AcDbVisualStyle
  2
JitterOff
 70
    20
177
     2
291
     1
 71
     2
176
     0
 72
     2
176
     0
 73
     0
176
     0
 90
        0
176
     0
 40
0.6
176
     0
 41
30.0
176
     0
 62
     5
 63
     7
421
 16777215
176
     0
 74
     1
176
     0
 91
        4
176
     0
 64
     7
176
     0
 65
   257
176
     0
 75
     1
176
     0
175
     1
176
     0
 42
1.0
176
     0
 92
       10
176
     2
 66
     7
176
     0
 43
1.0
176
     0
 76
     1
176
     0
 77
     6
176
     0
 78
     2
176
     0
 67
     7
176
     0
 79
     5
176
     0
170
     0
176
     0
171
     0
176
     0
290
     0
176
     0
 93
        1
176
     0
 44
0.0
176
     0
173
     0
176
     0
  0
VISUALSTYLE
  5
BEC
102
{ACAD_REACTORS
330
BDE
102
}
102
{ACAD_XDICTIONARY
360
CB0
102
}
330
BDE
100
AcDbVisualStyle
  2
Linepattern
 70
    14
177
     2
291
     1
 71
     2
176
     1
 72
     2
176
     1
 73
     0
176
     1
 90
        0
176
     1
 40
0.6
176
     1
 41
30.0
176
     1
 62
     5
 63
     7
421
 16777215
176
     1
 74
     1
176
     1
 91
        4
176
     1
 64
     7
176
     1
 65
   257
176
     1
 75
     7
176
     1
175
     7
176
     1
 42
1.0
176
     1
 92
        8
176
     1
 66
     7
176
     1
 43
1.0
176
     1
 76
     1
176
     1
 77
     6
176
     1
 78
     2
176
     1
 67
     7
176
     1
 79
     5
176
     1
170
     0
176
     1
171
     0
176
     1
290
     0
176
     1
 93
        1
176
     1
 44
0.0
176
     1
173
     0
176
     1
  0
VISUALSTYLE
  5
BF0
102
{ACAD_REACTORS
330
BDE
102
}
102
{ACAD_XDICTIONARY
360
CB8
102
}
330
BDE
100
AcDbVisualStyle
  2
OverhangOff
 70
    21
177
     2
291
     1
 71
     2
176
     0
 72
     2
176
     0
 73
     0
176
     0
 90
        0
176
     0
 40
0.6
176
     0
 41
30.0
176
     0
 62
     5
 63
     7
421
 16777215
176
     0
 74
     1
176
     0
 91
        4
176
     0
 64
     7
176
     0
 65
   257
176
     0
 75
     1
176
     0
175
     1
176
     0
 42
1.0
176
     0
 92
        9
176
     2
 66
     7
176
     0
 43
1.0
176
     0
 76
     1
176
     0
 77
     6
176
     0
 78
     2
176
     0
 67
     7
176
     0
 79
     5
176
     0
170
     0
176
     0
171
     0
176
     0
290
     0
176
     0
 93
        1
176
     0
 44
0.0
176
     0
173
     0
176
     0
  0
VISUALSTYLE
  5
BE7
102
{ACAD_REACTORS
330
BDE
102
}
102
{ACAD_XDICTIONARY
360
CA6
102
}
330
BDE
100
AcDbVisualStyle
  2
Realistic
 70
     8
177
     2
291
     0
 71
     2
176
     1
 72
     3
176
     1
 73
     0
176
     1
 90
        2
176
     1
 40
0.6
176
     1
 41
30.0
176
     1
 62
     5
 63
     7
421
 16777215
176
     1
 74
     0
176
     1
 91
        0
176
     1
 64
     7
176
     1
 65
   257
176
     1
 75
     1
176
     1
175
     1
176
     1
 42
1.0
176
     1
 92
        8
176
     1
 66
   257
176
     1
 43
1.0
176
     1
 76
     1
176
     1
 77
     6
176
     1
 78
     2
176
     1
 67
     7
176
     1
 79
     3
176
     1
170
     0
176
     1
171
     0
176
     1
290
     0
176
     1
 93
       13
176
     1
 44
0.0
176
     1
173
     0
176
     1
  0
VISUALSTYLE
  5
BF6
102
{ACAD_REACTORS
330
BDE
102
}
102
{ACAD_XDICTIONARY
360
CC4
102
}
330
BDE
100
AcDbVisualStyle
  2
Shaded
 70
    27
177
     2
291
     0
 71
     2
176
     1
 72
     2
176
     1
 73
     1
176
     1
 90
        2
176
     1
 40
0.6
176
     1
 41
30.0
176
     1
 62
     5
 63
     7
421
 16777215
176
     1
 74
     0
176
     1
 91
        4
176
     1
 64
     7
176
     1
 65
   257
176
     1
 75
     1
176
     1
175
     1
176
     1
 42
1.0
176
     1
 92
        8
176
     1
 66
   257
176
     1
 43
1.0
176
     1
 76
     1
176
     1
 77
     6
176
     1
 78
     2
176
     1
 67
     8
425
  7895160
176
     1
 79
     3
176
     1
170
     0
176
     1
171
     0
176
     1
290
     0
176
     1
 93
        5
176
     1
 44
0.0
176
     1
173
     0
176
     1
  0
VISUALSTYLE
  5
BF5
102
{ACAD_REACTORS
330
BDE
102
}
102
{ACAD_XDICTIONARY
360
CC2
102
}
330
BDE
100
AcDbVisualStyle
  2
Shaded with edges
 70
    26
177
     2
291
     0
 71
     2
176
     1
 72
     2
176
     1
 73
     1
176
     1
 90
        2
176
     1
 40
0.6
176
     1
 41
30.0
176
     1
 62
     5
 63
     7
421
 16777215
176
     1
 74
     1
176
     1
 91
       10
176
     1
 64
     7
176
     1
 65
   257
176
     1
 75
     2
176
     1
175
     1
176
     1
 42
1.0
176
     1
 92
        8
176
     1
 66
   257
176
     1
 43
1.0
176
     1
 76
     1
176
     1
 77
     6
176
     1
 78
     2
176
     1
 67
     7
176
     1
 79
     3
176
     1
170
     0
176
     1
171
     0
176
     1
290
     0
176
     1
 93
        5
176
     1
 44
0.0
176
     1
173
     0
176
     1
  0
VISUALSTYLE
  5
BF2
102
{ACAD_REACTORS
330
BDE
102
}
102
{ACAD_XDICTIONARY
360
CBC
102
}
330
BDE
100
AcDbVisualStyle
  2
Shades of Gray
 70
    23
177
     2
291
     0
 71
     2
176
     1
 72
     2
176
     1
 73
     3
176
     1
 90
        0
176
     1
 40
0.6
176
     1
 41
30.0
176
     1
 62
     5
 63
     7
421
 16777215
176
     1
 74
     2
176
     1
 91
        2
176
     1
 64
     7
176
     1
 65
     7
176
     1
 75
     1
176
     1
175
     1
176
     1
 42
40.0
176
     1
 92
        8
176
     1
 66
     7
176
     1
 43
1.0
176
     1
 76
     1
176
     1
 77
     6
176
     1
 78
     2
176
     1
 67
     7
176
     1
 79
     3
176
     1
170
     0
176
     1
171
     0
176
     1
290
     0
176
     1
 93
        1
176
     1
 44
0.0
176
     1
173
     0
176
     1
  0
VISUALSTYLE
  5
BF3
102
{ACAD_REACTORS
330
BDE
102
}
102
{ACAD_XDICTIONARY
360
CBE
102
}
330
BDE
100
AcDbVisualStyle
  2
Sketchy
 70
    24
177
     2
291
     0
 71
     1
176
     1
 72
     2
176
     1
 73
     2
176
     1
 90
        0
176
     1
 40
0.6
176
     1
 41
30.0
176
     1
 62
     5
 63
     7
421
 16777215
176
     1
 74
     2
176
     1
 91
        2
176
     1
 64
     7
176
     1
 65
     7
176
     1
 75
     1
176
     1
175
     1
176
     1
 42
40.0
176
     1
 92
       11
176
     1
 66
     7
176
     1
 43
1.0
176
     1
 76
     1
176
     1
 77
     6
176
     1
 78
     2
176
     1
 67
     7
176
     1
 79
     6
176
     1
170
     0
176
     1
171
     0
176
     1
290
     0
176
     1
 93
        1
176
     1
 44
0.0
176
     1
173
     0
176
     1
  0
VISUALSTYLE
  5
BEB
102
{ACAD_REACTORS
330
BDE
102
}
102
{ACAD_XDICTIONARY
360
CAE
102
}
330
BDE
100
AcDbVisualStyle
  2
Thicken
 70
    13
177
     2
291
     1
 71
     2
176
     1
 72
     2
176
     1
 73
     0
176
     1
 90
        0
176
     1
 40
0.6
176
     1
 41
30.0
176
     1
 62
     5
 63
     7
421
 16777215
176
     1
 74
     1
176
     1
 91
        4
176
     1
 64
     7
176
     1
 65
   257
176
     1
 75
     1
176
     1
175
     1
176
     1
 42
1.0
176
     1
 92
       12
176
     1
 66
     7
176
     1
 43
1.0
176
     1
 76
     1
176
     1
 77
     6
176
     1
 78
     2
176
     1
 67
     7
176
     1
 79
     5
176
     1
170
     0
176
     1
171
     0
176
     1
290
     0
176
     1
 93
        1
176
     1
 44
0.0
176
     1
173
     0
176
     1
  0
VISUALSTYLE
  5
BE4
102
{ACAD_REACTORS
330
BDE
102
}
102
{ACAD_XDICTIONARY
360
CA0
102
}
330
BDE
100
AcDbVisualStyle
  2
Wireframe
 70
     5
177
     2
291
     0
 71
     0
176
     1
 72
     2
176
     1
 73
     0
176
     1
 90
        0
176
     1
 40
0.6
176
     1
 41
30.0
176
     1
 62
     5
 63
     7
421
 16777215
176
     1
 74
     1
176
     1
 91
        4
176
     1
 64
     7
176
     1
 65
   257
176
     1
 75
     1
176
     1
175
     1
176
     1
 42
1.0
176
     1
 92
        0
176
     1
 66
   257
176
     1
 43
1.0
176
     1
 76
     1
176
     1
 77
     6
176
     1
 78
     2
176
     1
 67
     7
176
     1
 79
     3
176
     1
170
     0
176
     1
171
     0
176
     1
290
     0
176
     1
 93
        1
176
     1
 44
0.0
176
     1
173
     0
176
     1
  0
VISUALSTYLE
  5
BF4
102
{ACAD_REACTORS
330
BDE
102
}
102
{ACAD_XDICTIONARY
360
CC0
102
}
330
BDE
100
AcDbVisualStyle
  2
X-Ray
 70
    25
177
     2
291
     0
 71
     2
176
     1
 72
     2
176
     1
 73
     1
176
     1
 90
        1
176
     1
 40
0.5
176
     1
 41
30.0
176
     1
 62
     5
 63
     7
421
 16777215
176
     1
 74
     1
176
     1
 91
        0
176
     1
 64
     7
176
     1
 65
   257
176
     1
 75
     1
176
     1
175
     1
176
     1
 42
1.0
176
     1
 92
        8
176
     1
 66
     7
176
     1
 43
1.0
176
     1
 76
     1
176
     1
 77
     6
176
     1
 78
     2
176
     1
 67
     7
176
     1
 79
     3
176
     1
170
     0
176
     1
171
     0
176
     1
290
     0
176
     1
 93
       13
176
     1
 44
0.0
176
     1
173
     0
176
     1
  0
DICTIONARYVAR
  5
C95
102
{ACAD_REACTORS
330
C94
102
}
330
C94
100
DictionaryVariables
280
     0
  1
1:1
  0
DICTIONARYVAR
  5
CCA
102
{ACAD_REACTORS
330
C94
102
}
330
C94
100
DictionaryVariables
280
     0
  1
Standard
  0
DICTIONARYVAR
  5
CC9
102
{ACAD_REACTORS
330
C94
102
}
330
C94
100
DictionaryVariables
280
     0
  1
Standard
  0
XRECORD
  5
C15
102
{ACAD_REACTORS
330
C13
102
}
330
C13
100
AcDbXrecord
280
     1
1000
#ffffff
  0
XRECORD
  5
C16
102
{ACAD_REACTORS
330
C13
102
}
330
C13
100
AcDbXrecord
280
     1
1000
FullColor
  0
XRECORD
  5
C17
102
{ACAD_REACTORS
330
C13
102
}
330
C13
100
AcDbXrecord
280
     1
 90
        0
  0
XRECORD
  5
C18
102
{ACAD_REACTORS
330
C13
102
}
330
C13
100
AcDbXrecord
280
     1
 90
        0
  0
XRECORD
  5
C19
102
{ACAD_REACTORS
330
C13
102
}
330
C13
100
AcDbXrecord
280
     1
 90
       46
  0
XRECORD
  5
C1A
102
{ACAD_REACTORS
330
C13
102
}
330
C13
100
AcDbXrecord
280
     1
1000
Arial Black
  0
XRECORD
  5
C1B
102
{ACAD_REACTORS
330
C13
102
}
330
C13
100
AcDbXrecord
280
     1
1000
#000000
  0
XRECORD
  5
C1C
102
{ACAD_REACTORS
330
C13
102
}
330
C13
100
AcDbXrecord
280
     1
290
     0
  0
XRECORD
  5
C1D
102
{ACAD_REACTORS
330
C13
102
}
330
C13
100
AcDbXrecord
280
     1
 90
        2
  0
XRECORD
  5
C1E
102
{ACAD_REACTORS
330
C13
102
}
330
C13
100
AcDbXrecord
280
     1
 90
        4
  0
XRECORD
  5
C1F
102
{ACAD_REACTORS
330
C13
102
}
330
C13
100
AcDbXrecord
280
     1
290
     1
  0
XRECORD
  5
C20
102
{ACAD_REACTORS
330
C13
102
}
330
C13
100
AcDbXrecord
280
     1
290
     1
  0
XRECORD
  5
C21
102
{ACAD_REACTORS
330
C13
102
}
330
C13
100
AcDbXrecord
280
     1
290
     1
  0
XRECORD
  5
C22
102
{ACAD_REACTORS
330
C13
102
}
330
C13
100
AcDbXrecord
280
     1
290
     1
  0
XRECORD
  5
C23
102
{ACAD_REACTORS
330
C13
102
}
330
C13
100
AcDbXrecord
280
     1
1000
auto
  0
XRECORD
  5
C24
102
{ACAD_REACTORS
330
C13
102
}
330
C13
100
AcDbXrecord
280
     1
1000
auto
  0
XRECORD
  5
C25
102
{ACAD_REACTORS
330
C13
102
}
330
C13
100
AcDbXrecord
280
     1
1000
auto
  0
XRECORD
  5
C26
102
{ACAD_REACTORS
330
C13
102
}
330
C13
100
AcDbXrecord
280
     1
1000
auto
  0
XRECORD
  5
C27
102
{ACAD_REACTORS
330
C13
102
}
330
C13
100
AcDbXrecord
280
     1
1000
auto
  0
XRECORD
  5
C28
102
{ACAD_REACTORS
330
C13
102
}
330
C13
100
AcDbXrecord
280
     1
1000
auto
  0
XRECORD
  5
C29
102
{ACAD_REACTORS
330
C13
102
}
330
C13
100
AcDbXrecord
280
     1
1000
auto
  0
XRECORD
  5
C2A
102
{ACAD_REACTORS
330
C13
102
}
330
C13
100
AcDbXrecord
280
     1
1000
auto
  0
XRECORD
  5
C2B
102
{ACAD_REACTORS
330
C13
102
}
330
C13
100
AcDbXrecord
280
     1
290
     0
  0
XRECORD
  5
C2C
102
{ACAD_REACTORS
330
C13
102
}
330
C13
100
AcDbXrecord
280
     1
290
     0
  0
XRECORD
  5
C2D
102
{ACAD_REACTORS
330
C13
102
}
330
C13
100
AcDbXrecord
280
     1
290
     0
  0
XRECORD
  5
C2E
102
{ACAD_REACTORS
330
C13
102
}
330
C13
100
AcDbXrecord
280
     1
290
     0
  0
XRECORD
  5
C2F
102
{ACAD_REACTORS
330
C13
102
}
330
C13
100
AcDbXrecord
280
     1
 90
    65540
  0
XRECORD
  5
C30
102
{ACAD_REACTORS
330
C13
102
}
330
C13
100
AcDbXrecord
280
     1
 90
    65537
  0
XRECORD
  5
C31
102
{ACAD_REACTORS
330
C13
102
}
330
C13
100
AcDbXrecord
280
     1
 90
    65537
  0
XRECORD
  5
C32
102
{ACAD_REACTORS
330
C13
102
}
330
C13
100
AcDbXrecord
280
     1
 90
    65537
  0
XRECORD
  5
C33
102
{ACAD_REACTORS
330
C13
102
}
330
C13
100
AcDbXrecord
280
     1
1000
auto
  0
XRECORD
  5
C34
102
{ACAD_REACTORS
330
C13
102
}
330
C13
100
AcDbXrecord
280
     1
1000
auto
  0
XRECORD
  5
C35
102
{ACAD_REACTORS
330
C13
102
}
330
C13
100
AcDbXrecord
280
     1
1000
auto
  0
XRECORD
  5
C36
102
{ACAD_REACTORS
330
C13
102
}
330
C13
100
AcDbXrecord
280
     1
1000
auto
  0
XRECORD
  5
C37
102
{ACAD_REACTORS
330
C13
102
}
330
C13
100
AcDbXrecord
280
     1
1000
auto
  0
XRECORD
  5
C38
102
{ACAD_REACTORS
330
C13
102
}
330
C13
100
AcDbXrecord
280
     1
1000
auto
  0
XRECORD
  5
C39
102
{ACAD_REACTORS
330
C13
102
}
330
C13
100
AcDbXrecord
280
     1
1000
auto
  0
XRECORD
  5
C3A
102
{ACAD_REACTORS
330
C13
102
}
330
C13
100
AcDbXrecord
280
     1
1000
auto
  0
XRECORD
  5
C3B
102
{ACAD_REACTORS
330
C13
102
}
330
C13
100
AcDbXrecord
280
     1
 90
        1
  0
XRECORD
  5
C3C
102
{ACAD_REACTORS
330
C13
102
}
330
C13
100
AcDbXrecord
280
     1
 40
10.0
  0
XRECORD
  5
C3D
102
{ACAD_REACTORS
330
C13
102
}
330
C13
100
AcDbXrecord
280
     1
 40
10.0
  0
XRECORD
  5
C3E
102
{ACAD_REACTORS
330
C13
102
}
330
C13
100
AcDbXrecord
280
     1
 40
10.0
  0
XRECORD
  5
C3F
102
{ACAD_REACTORS
330
C13
102
}
330
C13
100
AcDbXrecord
280
     1
 40
10.0
  0
XRECORD
  5
C40
102
{ACAD_REACTORS
330
C13
102
}
330
C13
100
AcDbXrecord
280
     1
290
     0
  0
XRECORD
  5
C41
102
{ACAD_REACTORS
330
C13
102
}
330
C13
100
AcDbXrecord
280
     1
 90
        1
  0
XRECORD
  5
C42
102
{ACAD_REACTORS
330
C13
102
}
330
C13
100
AcDbXrecord
280
     1
 40
26.7652813417463
  0
XRECORD
  5
C43
102
{ACAD_REACTORS
330
C13
102
}
330
C13
100
AcDbXrecord
280
     1
 40
-42.16272103518229
  0
XRECORD
  5
C44
102
{ACAD_REACTORS
330
C13
102
}
330
C13
100
AcDbXrecord
280
     1
1000
Landscape
  0
XRECORD
  5
C45
102
{ACAD_REACTORS
330
C13
102
}
330
C13
100
AcDbXrecord
280
     1
 40
279.4
  0
XRECORD
  5
C46
102
{ACAD_REACTORS
330
C13
102
}
330
C13
100
AcDbXrecord
280
     1
1000
ANSI A (Letter)
  0
XRECORD
  5
C47
102
{ACAD_REACTORS
330
C13
102
}
330
C13
100
AcDbXrecord
280
     1
 40
215.9
  0
XRECORD
  5
C48
102
{ACAD_REACTORS
330
C13
102
}
330
C13
100
AcDbXrecord
280
     1
1000
0.5
  0
XRECORD
  5
C49
102
{ACAD_REACTORS
330
C13
102
}
330
C13
100
AcDbXrecord
280
     1
290
     1
  0
XRECORD
  5
C4A
102
{ACAD_REACTORS
330
C13
102
}
330
C13
100
AcDbXrecord
280
     1
 90
        1
  0
XRECORD
  5
C4B
102
{ACAD_REACTORS
330
C13
102
}
330
C13
100
AcDbXrecord
280
     1
290
     1
  0
XRECORD
  5
C4C
102
{ACAD_REACTORS
330
C13
102
}
330
C13
100
AcDbXrecord
280
     1
290
     0
  0
XRECORD
  5
C4D
102
{ACAD_REACTORS
330
C13
102
}
330
C13
100
AcDbXrecord
280
     1
1000
Inside
  0
XRECORD
  5
C4E
102
{ACAD_REACTORS
330
C13
102
}
330
C13
100
AcDbXrecord
280
     1
1000
Arial,10,-1,5,50,0,0,0,0,0
  0
XRECORD
  5
C4F
102
{ACAD_REACTORS
330
C13
102
}
330
C13
100
AcDbXrecord
280
     1
1000
TopLeft
  0
XRECORD
  5
C50
102
{ACAD_REACTORS
330
C13
102
}
330
C13
100
AcDbXrecord
280
     1
290
     0
  0
XRECORD
  5
C51
102
{ACAD_REACTORS
330
C13
102
}
330
C13
100
AcDbXrecord
280
     1
1000
3.27.6
  0
XRECORD
  5
C52
102
{ACAD_REACTORS
330
C13
102
}
330
C13
100
AcDbXrecord
280
     1
 90
        4
  0
XRECORD
  5
C53
102
{ACAD_REACTORS
330
C13
102
}
330
C13
100
AcDbXrecord
280
     1
  0
XRECORD
  5
C54
102
{ACAD_REACTORS
330
C13
102
}
330
C13
100
AcDbXrecord
280
     1
 40
225.9468707190137
  0
XRECORD
  5
C55
102
{ACAD_REACTORS
330
C13
102
}
330
C13
100
AcDbXrecord
280
     1
 40
325.5332805012379
  0
DICTIONARY
  5
CC6
330
C0E
100
AcDbDictionary
280
     1
281
     1
  3
ACAD_ROUNDTRIP_2008_TABLESTYLE_CELLSTYLEMAP
360
CC7
  0
DICTIONARY
  5
C9E
330
BE3
100
AcDbDictionary
280
     1
281
     1
  3
ACAD_XREC_ROUNDTRIP
360
C9F
  0
DICTIONARY
  5
CA4
330
BE6
100
AcDbDictionary
280
     1
281
     1
  3
ACAD_XREC_ROUNDTRIP
360
CA5
  0
DICTIONARY
  5
CAC
330
BEA
100
AcDbDictionary
280
     1
281
     1
  3
ACAD_XREC_ROUNDTRIP
360
CAD
  0
DICTIONARY
  5
CB4
330
BEE
100
AcDbDictionary
280
     1
281
     1
  3
ACAD_XREC_ROUNDTRIP
360
CB5
  0
DICTIONARY
  5
CA8
330
BE8
100
AcDbDictionary
280
     1
281
     1
  3
ACAD_XREC_ROUNDTRIP
360
CA9
  0
DICTIONARY
  5
CAA
330
BE9
100
AcDbDictionary
280
     1
281
     1
  3
ACAD_XREC_ROUNDTRIP
360
CAB
  0
DICTIONARY
  5
CBA
330
BF1
100
AcDbDictionary
280
     1
281
     1
  3
ACAD_XREC_ROUNDTRIP
360
CBB
  0
DICTIONARY
  5
CB2
330
BED
100
AcDbDictionary
280
     1
281
     1
  3
ACAD_XREC_ROUNDTRIP
360
CB3
  0
DICTIONARY
  5
C96
330
BDF
100
AcDbDictionary
280
     1
281
     1
  3
ACAD_XREC_ROUNDTRIP
360
C97
  0
DICTIONARY
  5
C98
330
BE0
100
AcDbDictionary
280
     1
281
     1
  3
ACAD_XREC_ROUNDTRIP
360
C99
  0
DICTIONARY
  5
C9A
330
BE1
100
AcDbDictionary
280
     1
281
     1
  3
ACAD_XREC_ROUNDTRIP
360
C9B
  0
DICTIONARY
  5
C9C
330
BE2
100
AcDbDictionary
280
     1
281
     1
  3
ACAD_XREC_ROUNDTRIP
360
C9D
  0
DICTIONARY
  5
CA2
330
BE5
100
AcDbDictionary
280
     1
281
     1
  3
ACAD_XREC_ROUNDTRIP
360
CA3
  0
DICTIONARY
  5
CB6
330
BEF
100
AcDbDictionary
280
     1
281
     1
  3
ACAD_XREC_ROUNDTRIP
360
CB7
  0
DICTIONARY
  5
CB0
330
BEC
100
AcDbDictionary
280
     1
281
     1
  3
ACAD_XREC_ROUNDTRIP
360
CB1
  0
DICTIONARY
  5
CB8
330
BF0
100
AcDbDictionary
280
     1
281
     1
  3
ACAD_XREC_ROUNDTRIP
360
CB9
  0
DICTIONARY
  5
CA6
330
BE7
100
AcDbDictionary
280
     1
281
     1
  3
ACAD_XREC_ROUNDTRIP
360
CA7
  0
DICTIONARY
  5
CC4
330
BF6
100
AcDbDictionary
280
     1
281
     1
  3
ACAD_XREC_ROUNDTRIP
360
CC5
  0
DICTIONARY
  5
CC2
330
BF5
100
AcDbDictionary
280
     1
281
     1
  3
ACAD_XREC_ROUNDTRIP
360
CC3
  0
DICTIONARY
  5
CBC
330
BF2
100
AcDbDictionary
280
     1
281
     1
  3
ACAD_XREC_ROUNDTRIP
360
CBD
  0
DICTIONARY
  5
CBE
330
BF3
100
AcDbDictionary
280
     1
281
     1
  3
ACAD_XREC_ROUNDTRIP
360
CBF
  0
DICTIONARY
  5
CAE
330
BEB
100
AcDbDictionary
280
     1
281
     1
  3
ACAD_XREC_ROUNDTRIP
360
CAF
  0
DICTIONARY
  5
CA0
330
BE4
100
AcDbDictionary
280
     1
281
     1
  3
ACAD_XREC_ROUNDTRIP
360
CA1
  0
DICTIONARY
  5
CC0
330
BF4
100
AcDbDictionary
280
     1
281
     1
  3
ACAD_XREC_ROUNDTRIP
360
CC1
  0
CELLSTYLEMAP
  5
CC7
102
{ACAD_REACTORS
330
CC6
102
}
330
CC6
100
AcDbCellStyleMap
 90
        3
300
CELLSTYLE
  1
TABLEFORMAT_BEGIN
 90
        5
170
     1
 91
        0
 92
    32768
 62
   257
 93
        1
300
CONTENTFORMAT
  1
CONTENTFORMAT_BEGIN
 90
        0
 91
        0
 92
        4
 93
        0
300

 40
0.0
140
1.0
 94
        5
 62
     0
340
BC6
144
0.25
309
CONTENTFORMAT_END
171
     1
301
MARGIN
  1
CELLMARGIN_BEGIN
 40
0.06
 40
0.06
 40
0.06
 40
0.06
 40
0.06
 40
0.06
309
CELLMARGIN_END
 94
        6
 95
        1
302
GRIDFORMAT
  1
GRIDFORMAT_BEGIN
 90
        0
 91
        1
 62
     0
 92
       -2
340
BC8
 93
        0
 40
0.045
309
GRIDFORMAT_END
 95
        2
302
GRIDFORMAT
  1
GRIDFORMAT_BEGIN
 90
        0
 91
        1
 62
     0
 92
       -2
340
BC8
 93
        0
 40
0.045
309
GRIDFORMAT_END
 95
        4
302
GRIDFORMAT
  1
GRIDFORMAT_BEGIN
 90
        0
 91
        1
 62
     0
 92
       -2
340
BC8
 93
        0
 40
0.045
309
GRIDFORMAT_END
 95
        8
302
GRIDFORMAT
  1
GRIDFORMAT_BEGIN
 90
        0
 91
        1
 62
     0
 92
       -2
340
BC8
 93
        0
 40
0.045
309
GRIDFORMAT_END
 95
       16
302
GRIDFORMAT
  1
GRIDFORMAT_BEGIN
 90
        0
 91
        1
 62
     0
 92
       -2
340
BC8
 93
        0
 40
0.045
309
GRIDFORMAT_END
 95
       32
302
GRIDFORMAT
  1
GRIDFORMAT_BEGIN
 90
        0
 91
        1
 62
     0
 92
       -2
340
BC8
 93
        0
 40
0.045
309
GRIDFORMAT_END
309
TABLEFORMAT_END
  1
CELLSTYLE_BEGIN
 90
        1
 91
        1
300
_TITLE
309
CELLSTYLE_END
300
CELLSTYLE
  1
TABLEFORMAT_BEGIN
 90
        5
170
     1
 91
        0
 92
        0
 62
   257
 93
        1
300
CONTENTFORMAT
  1
CONTENTFORMAT_BEGIN
 90
        0
 91
        0
 92
        4
 93
        0
300

 40
0.0
140
1.0
 94
        5
 62
     0
340
BC6
144
0.18
309
CONTENTFORMAT_END
171
     1
301
MARGIN
  1
CELLMARGIN_BEGIN
 40
0.06
 40
0.06
 40
0.06
 40
0.06
 40
0.06
 40
0.06
309
CELLMARGIN_END
 94
        6
 95
        1
302
GRIDFORMAT
  1
GRIDFORMAT_BEGIN
 90
        0
 91
        1
 62
     0
 92
       -2
340
BC8
 93
        0
 40
0.045
309
GRIDFORMAT_END
 95
        2
302
GRIDFORMAT
  1
GRIDFORMAT_BEGIN
 90
        0
 91
        1
 62
     0
 92
       -2
340
BC8
 93
        0
 40
0.045
309
GRIDFORMAT_END
 95
        4
302
GRIDFORMAT
  1
GRIDFORMAT_BEGIN
 90
        0
 91
        1
 62
     0
 92
       -2
340
BC8
 93
        0
 40
0.045
309
GRIDFORMAT_END
 95
        8
302
GRIDFORMAT
  1
GRIDFORMAT_BEGIN
 90
        0
 91
        1
 62
     0
 92
       -2
340
BC8
 93
        0
 40
0.045
309
GRIDFORMAT_END
 95
       16
302
GRIDFORMAT
  1
GRIDFORMAT_BEGIN
 90
        0
 91
        1
 62
     0
 92
       -2
340
BC8
 93
        0
 40
0.045
309
GRIDFORMAT_END
 95
       32
302
GRIDFORMAT
  1
GRIDFORMAT_BEGIN
 90
        0
 91
        1
 62
     0
 92
       -2
340
BC8
 93
        0
 40
0.045
309
GRIDFORMAT_END
309
TABLEFORMAT_END
  1
CELLSTYLE_BEGIN
 90
        2
 91
        1
300
_HEADER
309
CELLSTYLE_END
300
CELLSTYLE
  1
TABLEFORMAT_BEGIN
 90
        5
170
     1
 91
        0
 92
        0
 62
   257
 93
        1
300
CONTENTFORMAT
  1
CONTENTFORMAT_BEGIN
 90
        0
 91
        0
 92
        4
 93
        0
300

 40
0.0
140
1.0
 94
        2
 62
     0
340
BC6
144
0.18
309
CONTENTFORMAT_END
171
     1
301
MARGIN
  1
CELLMARGIN_BEGIN
 40
0.06
 40
0.06
 40
0.06
 40
0.06
 40
0.06
 40
0.06
309
CELLMARGIN_END
 94
        6
 95
        1
302
GRIDFORMAT
  1
GRIDFORMAT_BEGIN
 90
        0
 91
        1
 62
     0
 92
       -2
340
BC8
 93
        0
 40
0.045
309
GRIDFORMAT_END
 95
        2
302
GRIDFORMAT
  1
GRIDFORMAT_BEGIN
 90
        0
 91
        1
 62
     0
 92
       -2
340
BC8
 93
        0
 40
0.045
309
GRIDFORMAT_END
 95
        4
302
GRIDFORMAT
  1
GRIDFORMAT_BEGIN
 90
        0
 91
        1
 62
     0
 92
       -2
340
BC8
 93
        0
 40
0.045
309
GRIDFORMAT_END
 95
        8
302
GRIDFORMAT
  1
GRIDFORMAT_BEGIN
 90
        0
 91
        1
 62
     0
 92
       -2
340
BC8
 93
        0
 40
0.045
309
GRIDFORMAT_END
 95
       16
302
GRIDFORMAT
  1
GRIDFORMAT_BEGIN
 90
        0
 91
        1
 62
     0
 92
       -2
340
BC8
 93
        0
 40
0.045
309
GRIDFORMAT_END
 95
       32
302
GRIDFORMAT
  1
GRIDFORMAT_BEGIN
 90
        0
 91
        1
 62
     0
 92
       -2
340
BC8
 93
        0
 40
0.045
309
GRIDFORMAT_END
309
TABLEFORMAT_END
  1
CELLSTYLE_BEGIN
 90
        3
 91
        2
300
_DATA
309
CELLSTYLE_END
  0
XRECORD
  5
C9F
102
{ACAD_REACTORS
330
C9E
102
}
330
C9E
100
AcDbXrecord
280
     1
102
RTVSPost2010Prop28
280
     1
102
RTVSPost2010PropOp28
 70
     1
102
RTVSPost2010Prop29
280
     1
102
RTVSPost2010PropOp29
 70
     1
102
RTVSPost2010Prop30
280
     0
102
RTVSPost2010PropOp30
 70
     1
102
RTVSPost2010Prop31
280
     0
102
RTVSPost2010PropOp31
 70
     1
102
RTVSPost2010Prop32
280
     0
102
RTVSPost2010PropOp32
 70
     1
102
RTVSPost2010Prop33
280
     0
102
RTVSPost2010PropOp33
 70
     1
102
RTVSPost2010Prop34
280
     0
102
RTVSPost2010PropOp34
 70
     1
102
RTVSPost2010Prop35
280
     0
102
RTVSPost2010PropOp35
 70
     1
102
RTVSPost2010Prop36
280
     0
102
RTVSPost2010PropOp36
 70
     1
102
RTVSPost2010Prop37
 90
       50
102
RTVSPost2010PropOp37
 70
     1
102
RTVSPost2010Prop38
140
0.0
102
RTVSPost2010PropOp38
 70
     1
102
RTVSPost2010Prop39
140
1.0
102
RTVSPost2010PropOp39
 70
     1
102
RTVSPost2010Prop40
 90
        0
102
RTVSPost2010PropOp40
 70
     1
102
RTVSPost2010Prop41ColorIndex
 90
       18
102
RTVSPost2010Prop41ColorRGB
 90
        0
102
RTVSPost2010PropOp41
 70
     1
102
RTVSPost2010Prop42
 90
       50
102
RTVSPost2010PropOp42
 70
     1
102
RTVSPost2010Prop43
 90
        3
102
RTVSPost2010PropOp43
 70
     1
102
RTVSPost2010Prop44ColorIndex
 90
        5
102
RTVSPost2010Prop44ColorRGB
 90
      255
102
RTVSPost2010PropOp44
 70
     1
102
RTVSPost2010Prop45
280
     0
102
RTVSPost2010PropOp45
 70
     1
102
RTVSPost2010Prop46
 90
       50
102
RTVSPost2010PropOp46
 70
     1
102
RTVSPost2010Prop47
 90
       50
102
RTVSPost2010PropOp47
 70
     1
102
RTVSPost2010Prop48
 90
       50
102
RTVSPost2010PropOp48
 70
     1
102
RTVSPost2010Prop49
280
     0
102
RTVSPost2010PropOp49
 70
     1
102
RTVSPost2010Prop50
 90
       50
102
RTVSPost2010PropOp50
 70
     1
102
RTVSPost2010Prop51ColorIndex
 90
      256
102
RTVSPost2010Prop51ColorRGB
 90
-16777216
102
RTVSPost2010PropOp51
 70
     0
102
RTVSPost2010Prop52
140
1.0
102
RTVSPost2010PropOp52
 70
     0
102
RTVSPost2010Prop53
 90
        2
102
RTVSPost2010PropOp53
 70
     1
102
RTVSPost2010Prop54
  1
strokes_ogs.tif
102
RTVSPost2010PropOp54
 70
     1
102
RTVSPost2010Prop55
280
     0
102
RTVSPost2010PropOp55
 70
     1
102
RTVSPost2010Prop56
140
1.0
102
RTVSPost2010PropOp56
 70
     1
102
RTVSPost2010Prop57
140
1.0
102
RTVSPost2010PropOp57
 70
     1
  0
XRECORD
  5
CA5
102
{ACAD_REACTORS
330
CA4
102
}
330
CA4
100
AcDbXrecord
280
     1
102
RTVSPost2010Prop28
280
     0
102
RTVSPost2010PropOp28
 70
     1
102
RTVSPost2010Prop29
280
     1
102
RTVSPost2010PropOp29
 70
     1
102
RTVSPost2010Prop30
280
     1
102
RTVSPost2010PropOp30
 70
     1
102
RTVSPost2010Prop31
280
     0
102
RTVSPost2010PropOp31
 70
     1
102
RTVSPost2010Prop32
280
     0
102
RTVSPost2010PropOp32
 70
     1
102
RTVSPost2010Prop33
280
     0
102
RTVSPost2010PropOp33
 70
     1
102
RTVSPost2010Prop34
280
     0
102
RTVSPost2010PropOp34
 70
     1
102
RTVSPost2010Prop35
280
     0
102
RTVSPost2010PropOp35
 70
     1
102
RTVSPost2010Prop36
280
     0
102
RTVSPost2010PropOp36
 70
     1
102
RTVSPost2010Prop37
 90
       50
102
RTVSPost2010PropOp37
 70
     1
102
RTVSPost2010Prop38
140
0.0
102
RTVSPost2010PropOp38
 70
     1
102
RTVSPost2010Prop39
140
1.0
102
RTVSPost2010PropOp39
 70
     1
102
RTVSPost2010Prop40
 90
        0
102
RTVSPost2010PropOp40
 70
     1
102
RTVSPost2010Prop41ColorIndex
 90
       18
102
RTVSPost2010Prop41ColorRGB
 90
        0
102
RTVSPost2010PropOp41
 70
     1
102
RTVSPost2010Prop42
 90
       50
102
RTVSPost2010PropOp42
 70
     1
102
RTVSPost2010Prop43
 90
        3
102
RTVSPost2010PropOp43
 70
     1
102
RTVSPost2010Prop44ColorIndex
 90
        5
102
RTVSPost2010Prop44ColorRGB
 90
      255
102
RTVSPost2010PropOp44
 70
     1
102
RTVSPost2010Prop45
280
     0
102
RTVSPost2010PropOp45
 70
     1
102
RTVSPost2010Prop46
 90
       50
102
RTVSPost2010PropOp46
 70
     1
102
RTVSPost2010Prop47
 90
       50
102
RTVSPost2010PropOp47
 70
     1
102
RTVSPost2010Prop48
 90
       50
102
RTVSPost2010PropOp48
 70
     1
102
RTVSPost2010Prop49
280
     0
102
RTVSPost2010PropOp49
 70
     1
102
RTVSPost2010Prop50
 90
       50
102
RTVSPost2010PropOp50
 70
     1
102
RTVSPost2010Prop51ColorIndex
 90
      256
102
RTVSPost2010Prop51ColorRGB
 90
-16777216
102
RTVSPost2010PropOp51
 70
     0
102
RTVSPost2010Prop52
140
1.0
102
RTVSPost2010PropOp52
 70
     0
102
RTVSPost2010Prop53
 90
        2
102
RTVSPost2010PropOp53
 70
     1
102
RTVSPost2010Prop54
  1
strokes_ogs.tif
102
RTVSPost2010PropOp54
 70
     1
102
RTVSPost2010Prop55
280
     0
102
RTVSPost2010PropOp55
 70
     1
102
RTVSPost2010Prop56
140
1.0
102
RTVSPost2010PropOp56
 70
     1
102
RTVSPost2010Prop57
140
1.0
102
RTVSPost2010PropOp57
 70
     1
  0
XRECORD
  5
CAD
102
{ACAD_REACTORS
330
CAC
102
}
330
CAC
100
AcDbXrecord
280
     1
102
RTVSPost2010Prop28
280
     0
102
RTVSPost2010PropOp28
 70
     1
102
RTVSPost2010Prop29
280
     1
102
RTVSPost2010PropOp29
 70
     1
102
RTVSPost2010Prop30
280
     1
102
RTVSPost2010PropOp30
 70
     1
102
RTVSPost2010Prop31
280
     0
102
RTVSPost2010PropOp31
 70
     1
102
RTVSPost2010Prop32
280
     0
102
RTVSPost2010PropOp32
 70
     1
102
RTVSPost2010Prop33
280
     0
102
RTVSPost2010PropOp33
 70
     1
102
RTVSPost2010Prop34
280
     0
102
RTVSPost2010PropOp34
 70
     1
102
RTVSPost2010Prop35
280
     0
102
RTVSPost2010PropOp35
 70
     1
102
RTVSPost2010Prop36
280
     0
102
RTVSPost2010PropOp36
 70
     1
102
RTVSPost2010Prop37
 90
       50
102
RTVSPost2010PropOp37
 70
     1
102
RTVSPost2010Prop38
140
0.0
102
RTVSPost2010PropOp38
 70
     1
102
RTVSPost2010Prop39
140
1.0
102
RTVSPost2010PropOp39
 70
     1
102
RTVSPost2010Prop40
 90
        0
102
RTVSPost2010PropOp40
 70
     1
102
RTVSPost2010Prop41ColorIndex
 90
       18
102
RTVSPost2010Prop41ColorRGB
 90
        0
102
RTVSPost2010PropOp41
 70
     1
102
RTVSPost2010Prop42
 90
       50
102
RTVSPost2010PropOp42
 70
     1
102
RTVSPost2010Prop43
 90
        3
102
RTVSPost2010PropOp43
 70
     1
102
RTVSPost2010Prop44ColorIndex
 90
        5
102
RTVSPost2010Prop44ColorRGB
 90
      255
102
RTVSPost2010PropOp44
 70
     1
102
RTVSPost2010Prop45
280
     0
102
RTVSPost2010PropOp45
 70
     1
102
RTVSPost2010Prop46
 90
       50
102
RTVSPost2010PropOp46
 70
     1
102
RTVSPost2010Prop47
 90
       50
102
RTVSPost2010PropOp47
 70
     1
102
RTVSPost2010Prop48
 90
       50
102
RTVSPost2010PropOp48
 70
     1
102
RTVSPost2010Prop49
280
     0
102
RTVSPost2010PropOp49
 70
     1
102
RTVSPost2010Prop50
 90
       50
102
RTVSPost2010PropOp50
 70
     1
102
RTVSPost2010Prop51ColorIndex
 90
      256
102
RTVSPost2010Prop51ColorRGB
 90
-16777216
102
RTVSPost2010PropOp51
 70
     0
102
RTVSPost2010Prop52
140
1.0
102
RTVSPost2010PropOp52
 70
     0
102
RTVSPost2010Prop53
 90
        2
102
RTVSPost2010PropOp53
 70
     1
102
RTVSPost2010Prop54
  1
strokes_ogs.tif
102
RTVSPost2010PropOp54
 70
     1
102
RTVSPost2010Prop55
280
     0
102
RTVSPost2010PropOp55
 70
     1
102
RTVSPost2010Prop56
140
1.0
102
RTVSPost2010PropOp56
 70
     1
102
RTVSPost2010Prop57
140
1.0
102
RTVSPost2010PropOp57
 70
     1
  0
XRECORD
  5
CB5
102
{ACAD_REACTORS
330
CB4
102
}
330
CB4
100
AcDbXrecord
280
     1
102
RTVSPost2010Prop28
280
     0
102
RTVSPost2010PropOp28
 70
     1
102
RTVSPost2010Prop29
280
     1
102
RTVSPost2010PropOp29
 70
     1
102
RTVSPost2010Prop30
280
     1
102
RTVSPost2010PropOp30
 70
     1
102
RTVSPost2010Prop31
280
     0
102
RTVSPost2010PropOp31
 70
     1
102
RTVSPost2010Prop32
280
     0
102
RTVSPost2010PropOp32
 70
     1
102
RTVSPost2010Prop33
280
     0
102
RTVSPost2010PropOp33
 70
     1
102
RTVSPost2010Prop34
280
     0
102
RTVSPost2010PropOp34
 70
     1
102
RTVSPost2010Prop35
280
     0
102
RTVSPost2010PropOp35
 70
     1
102
RTVSPost2010Prop36
280
     0
102
RTVSPost2010PropOp36
 70
     1
102
RTVSPost2010Prop37
 90
       50
102
RTVSPost2010PropOp37
 70
     1
102
RTVSPost2010Prop38
140
0.0
102
RTVSPost2010PropOp38
 70
     1
102
RTVSPost2010Prop39
140
1.0
102
RTVSPost2010PropOp39
 70
     1
102
RTVSPost2010Prop40
 90
        0
102
RTVSPost2010PropOp40
 70
     1
102
RTVSPost2010Prop41ColorIndex
 90
       18
102
RTVSPost2010Prop41ColorRGB
 90
        0
102
RTVSPost2010PropOp41
 70
     1
102
RTVSPost2010Prop42
 90
       50
102
RTVSPost2010PropOp42
 70
     1
102
RTVSPost2010Prop43
 90
        3
102
RTVSPost2010PropOp43
 70
     1
102
RTVSPost2010Prop44ColorIndex
 90
        5
102
RTVSPost2010Prop44ColorRGB
 90
      255
102
RTVSPost2010PropOp44
 70
     1
102
RTVSPost2010Prop45
280
     0
102
RTVSPost2010PropOp45
 70
     1
102
RTVSPost2010Prop46
 90
       50
102
RTVSPost2010PropOp46
 70
     1
102
RTVSPost2010Prop47
 90
       50
102
RTVSPost2010PropOp47
 70
     1
102
RTVSPost2010Prop48
 90
       50
102
RTVSPost2010PropOp48
 70
     1
102
RTVSPost2010Prop49
280
     0
102
RTVSPost2010PropOp49
 70
     1
102
RTVSPost2010Prop50
 90
       50
102
RTVSPost2010PropOp50
 70
     1
102
RTVSPost2010Prop51ColorIndex
 90
      256
102
RTVSPost2010Prop51ColorRGB
 90
-16777216
102
RTVSPost2010PropOp51
 70
     0
102
RTVSPost2010Prop52
140
1.0
102
RTVSPost2010PropOp52
 70
     0
102
RTVSPost2010Prop53
 90
        2
102
RTVSPost2010PropOp53
 70
     1
102
RTVSPost2010Prop54
  1
strokes_ogs.tif
102
RTVSPost2010PropOp54
 70
     1
102
RTVSPost2010Prop55
280
     0
102
RTVSPost2010PropOp55
 70
     1
102
RTVSPost2010Prop56
140
1.0
102
RTVSPost2010PropOp56
 70
     1
102
RTVSPost2010Prop57
140
1.0
102
RTVSPost2010PropOp57
 70
     1
  0
XRECORD
  5
CA9
102
{ACAD_REACTORS
330
CA8
102
}
330
CA8
100
AcDbXrecord
280
     1
102
RTVSPost2010Prop28
280
     0
102
RTVSPost2010PropOp28
 70
     1
102
RTVSPost2010Prop29
280
     1
102
RTVSPost2010PropOp29
 70
     1
102
RTVSPost2010Prop30
280
     1
102
RTVSPost2010PropOp30
 70
     1
102
RTVSPost2010Prop31
280
     0
102
RTVSPost2010PropOp31
 70
     1
102
RTVSPost2010Prop32
280
     0
102
RTVSPost2010PropOp32
 70
     1
102
RTVSPost2010Prop33
280
     0
102
RTVSPost2010PropOp33
 70
     1
102
RTVSPost2010Prop34
280
     0
102
RTVSPost2010PropOp34
 70
     1
102
RTVSPost2010Prop35
280
     0
102
RTVSPost2010PropOp35
 70
     1
102
RTVSPost2010Prop36
280
     0
102
RTVSPost2010PropOp36
 70
     1
102
RTVSPost2010Prop37
 90
       50
102
RTVSPost2010PropOp37
 70
     1
102
RTVSPost2010Prop38
140
0.0
102
RTVSPost2010PropOp38
 70
     1
102
RTVSPost2010Prop39
140
1.0
102
RTVSPost2010PropOp39
 70
     1
102
RTVSPost2010Prop40
 90
        0
102
RTVSPost2010PropOp40
 70
     1
102
RTVSPost2010Prop41ColorIndex
 90
       18
102
RTVSPost2010Prop41ColorRGB
 90
        0
102
RTVSPost2010PropOp41
 70
     1
102
RTVSPost2010Prop42
 90
       50
102
RTVSPost2010PropOp42
 70
     1
102
RTVSPost2010Prop43
 90
        3
102
RTVSPost2010PropOp43
 70
     1
102
RTVSPost2010Prop44ColorIndex
 90
        5
102
RTVSPost2010Prop44ColorRGB
 90
      255
102
RTVSPost2010PropOp44
 70
     1
102
RTVSPost2010Prop45
280
     0
102
RTVSPost2010PropOp45
 70
     1
102
RTVSPost2010Prop46
 90
       50
102
RTVSPost2010PropOp46
 70
     1
102
RTVSPost2010Prop47
 90
       50
102
RTVSPost2010PropOp47
 70
     1
102
RTVSPost2010Prop48
 90
       50
102
RTVSPost2010PropOp48
 70
     1
102
RTVSPost2010Prop49
280
     0
102
RTVSPost2010PropOp49
 70
     1
102
RTVSPost2010Prop50
 90
       50
102
RTVSPost2010PropOp50
 70
     1
102
RTVSPost2010Prop51ColorIndex
 90
      256
102
RTVSPost2010Prop51ColorRGB
 90
-16777216
102
RTVSPost2010PropOp51
 70
     0
102
RTVSPost2010Prop52
140
1.0
102
RTVSPost2010PropOp52
 70
     0
102
RTVSPost2010Prop53
 90
        2
102
RTVSPost2010PropOp53
 70
     1
102
RTVSPost2010Prop54
  1
strokes_ogs.tif
102
RTVSPost2010PropOp54
 70
     1
102
RTVSPost2010Prop55
280
     0
102
RTVSPost2010PropOp55
 70
     1
102
RTVSPost2010Prop56
140
1.0
102
RTVSPost2010PropOp56
 70
     1
102
RTVSPost2010Prop57
140
1.0
102
RTVSPost2010PropOp57
 70
     1
  0
XRECORD
  5
CAB
102
{ACAD_REACTORS
330
CAA
102
}
330
CAA
100
AcDbXrecord
280
     1
102
RTVSPost2010Prop28
280
     0
102
RTVSPost2010PropOp28
 70
     1
102
RTVSPost2010Prop29
280
     1
102
RTVSPost2010PropOp29
 70
     1
102
RTVSPost2010Prop30
280
     1
102
RTVSPost2010PropOp30
 70
     1
102
RTVSPost2010Prop31
280
     0
102
RTVSPost2010PropOp31
 70
     1
102
RTVSPost2010Prop32
280
     0
102
RTVSPost2010PropOp32
 70
     1
102
RTVSPost2010Prop33
280
     0
102
RTVSPost2010PropOp33
 70
     1
102
RTVSPost2010Prop34
280
     0
102
RTVSPost2010PropOp34
 70
     1
102
RTVSPost2010Prop35
280
     0
102
RTVSPost2010PropOp35
 70
     1
102
RTVSPost2010Prop36
280
     0
102
RTVSPost2010PropOp36
 70
     1
102
RTVSPost2010Prop37
 90
       50
102
RTVSPost2010PropOp37
 70
     1
102
RTVSPost2010Prop38
140
0.0
102
RTVSPost2010PropOp38
 70
     1
102
RTVSPost2010Prop39
140
1.0
102
RTVSPost2010PropOp39
 70
     1
102
RTVSPost2010Prop40
 90
        0
102
RTVSPost2010PropOp40
 70
     1
102
RTVSPost2010Prop41ColorIndex
 90
       18
102
RTVSPost2010Prop41ColorRGB
 90
        0
102
RTVSPost2010PropOp41
 70
     1
102
RTVSPost2010Prop42
 90
       50
102
RTVSPost2010PropOp42
 70
     1
102
RTVSPost2010Prop43
 90
        3
102
RTVSPost2010PropOp43
 70
     1
102
RTVSPost2010Prop44ColorIndex
 90
        5
102
RTVSPost2010Prop44ColorRGB
 90
      255
102
RTVSPost2010PropOp44
 70
     1
102
RTVSPost2010Prop45
280
     0
102
RTVSPost2010PropOp45
 70
     1
102
RTVSPost2010Prop46
 90
       50
102
RTVSPost2010PropOp46
 70
     1
102
RTVSPost2010Prop47
 90
       50
102
RTVSPost2010PropOp47
 70
     1
102
RTVSPost2010Prop48
 90
       50
102
RTVSPost2010PropOp48
 70
     1
102
RTVSPost2010Prop49
280
     0
102
RTVSPost2010PropOp49
 70
     1
102
RTVSPost2010Prop50
 90
       50
102
RTVSPost2010PropOp50
 70
     1
102
RTVSPost2010Prop51ColorIndex
 90
      256
102
RTVSPost2010Prop51ColorRGB
 90
-16777216
102
RTVSPost2010PropOp51
 70
     0
102
RTVSPost2010Prop52
140
1.0
102
RTVSPost2010PropOp52
 70
     0
102
RTVSPost2010Prop53
 90
        2
102
RTVSPost2010PropOp53
 70
     1
102
RTVSPost2010Prop54
  1
strokes_ogs.tif
102
RTVSPost2010PropOp54
 70
     1
102
RTVSPost2010Prop55
280
     0
102
RTVSPost2010PropOp55
 70
     1
102
RTVSPost2010Prop56
140
1.0
102
RTVSPost2010PropOp56
 70
     1
102
RTVSPost2010Prop57
140
1.0
102
RTVSPost2010PropOp57
 70
     1
  0
XRECORD
  5
CBB
102
{ACAD_REACTORS
330
CBA
102
}
330
CBA
100
AcDbXrecord
280
     1
102
RTVSPost2010Prop28
280
     0
102
RTVSPost2010PropOp28
 70
     0
102
RTVSPost2010Prop29
280
     1
102
RTVSPost2010PropOp29
 70
     0
102
RTVSPost2010Prop30
280
     1
102
RTVSPost2010PropOp30
 70
     0
102
RTVSPost2010Prop31
280
     0
102
RTVSPost2010PropOp31
 70
     0
102
RTVSPost2010Prop32
280
     0
102
RTVSPost2010PropOp32
 70
     0
102
RTVSPost2010Prop33
280
     0
102
RTVSPost2010PropOp33
 70
     0
102
RTVSPost2010Prop34
280
     0
102
RTVSPost2010PropOp34
 70
     0
102
RTVSPost2010Prop35
280
     0
102
RTVSPost2010PropOp35
 70
     0
102
RTVSPost2010Prop36
280
     0
102
RTVSPost2010PropOp36
 70
     0
102
RTVSPost2010Prop37
 90
       50
102
RTVSPost2010PropOp37
 70
     0
102
RTVSPost2010Prop38
140
0.0
102
RTVSPost2010PropOp38
 70
     0
102
RTVSPost2010Prop39
140
1.0
102
RTVSPost2010PropOp39
 70
     0
102
RTVSPost2010Prop40
 90
        0
102
RTVSPost2010PropOp40
 70
     0
102
RTVSPost2010Prop41ColorIndex
 90
       18
102
RTVSPost2010Prop41ColorRGB
 90
        0
102
RTVSPost2010PropOp41
 70
     0
102
RTVSPost2010Prop42
 90
       50
102
RTVSPost2010PropOp42
 70
     0
102
RTVSPost2010Prop43
 90
        3
102
RTVSPost2010PropOp43
 70
     0
102
RTVSPost2010Prop44ColorIndex
 90
        5
102
RTVSPost2010Prop44ColorRGB
 90
      255
102
RTVSPost2010PropOp44
 70
     0
102
RTVSPost2010Prop45
280
     0
102
RTVSPost2010PropOp45
 70
     0
102
RTVSPost2010Prop46
 90
       50
102
RTVSPost2010PropOp46
 70
     0
102
RTVSPost2010Prop47
 90
       50
102
RTVSPost2010PropOp47
 70
     0
102
RTVSPost2010Prop48
 90
       50
102
RTVSPost2010PropOp48
 70
     0
102
RTVSPost2010Prop49
280
     0
102
RTVSPost2010PropOp49
 70
     0
102
RTVSPost2010Prop50
 90
       50
102
RTVSPost2010PropOp50
 70
     0
102
RTVSPost2010Prop51ColorIndex
 90
      256
102
RTVSPost2010Prop51ColorRGB
 90
-16777216
102
RTVSPost2010PropOp51
 70
     0
102
RTVSPost2010Prop52
140
1.0
102
RTVSPost2010PropOp52
 70
     0
102
RTVSPost2010Prop53
 90
        2
102
RTVSPost2010PropOp53
 70
     0
102
RTVSPost2010Prop54
  1
strokes_ogs.tif
102
RTVSPost2010PropOp54
 70
     0
102
RTVSPost2010Prop55
280
     0
102
RTVSPost2010PropOp55
 70
     0
102
RTVSPost2010Prop56
140
1.0
102
RTVSPost2010PropOp56
 70
     0
102
RTVSPost2010Prop57
140
1.0
102
RTVSPost2010PropOp57
 70
     0
  0
XRECORD
  5
CB3
102
{ACAD_REACTORS
330
CB2
102
}
330
CB2
100
AcDbXrecord
280
     1
102
RTVSPost2010Prop28
280
     0
102
RTVSPost2010PropOp28
 70
     1
102
RTVSPost2010Prop29
280
     1
102
RTVSPost2010PropOp29
 70
     1
102
RTVSPost2010Prop30
280
     1
102
RTVSPost2010PropOp30
 70
     1
102
RTVSPost2010Prop31
280
     0
102
RTVSPost2010PropOp31
 70
     1
102
RTVSPost2010Prop32
280
     0
102
RTVSPost2010PropOp32
 70
     1
102
RTVSPost2010Prop33
280
     0
102
RTVSPost2010PropOp33
 70
     1
102
RTVSPost2010Prop34
280
     0
102
RTVSPost2010PropOp34
 70
     1
102
RTVSPost2010Prop35
280
     0
102
RTVSPost2010PropOp35
 70
     1
102
RTVSPost2010Prop36
280
     0
102
RTVSPost2010PropOp36
 70
     1
102
RTVSPost2010Prop37
 90
       50
102
RTVSPost2010PropOp37
 70
     1
102
RTVSPost2010Prop38
140
0.0
102
RTVSPost2010PropOp38
 70
     1
102
RTVSPost2010Prop39
140
1.0
102
RTVSPost2010PropOp39
 70
     1
102
RTVSPost2010Prop40
 90
        0
102
RTVSPost2010PropOp40
 70
     1
102
RTVSPost2010Prop41ColorIndex
 90
       18
102
RTVSPost2010Prop41ColorRGB
 90
        0
102
RTVSPost2010PropOp41
 70
     1
102
RTVSPost2010Prop42
 90
       50
102
RTVSPost2010PropOp42
 70
     1
102
RTVSPost2010Prop43
 90
        3
102
RTVSPost2010PropOp43
 70
     1
102
RTVSPost2010Prop44ColorIndex
 90
        5
102
RTVSPost2010Prop44ColorRGB
 90
      255
102
RTVSPost2010PropOp44
 70
     1
102
RTVSPost2010Prop45
280
     0
102
RTVSPost2010PropOp45
 70
     1
102
RTVSPost2010Prop46
 90
       50
102
RTVSPost2010PropOp46
 70
     1
102
RTVSPost2010Prop47
 90
       50
102
RTVSPost2010PropOp47
 70
     1
102
RTVSPost2010Prop48
 90
       50
102
RTVSPost2010PropOp48
 70
     1
102
RTVSPost2010Prop49
280
     0
102
RTVSPost2010PropOp49
 70
     1
102
RTVSPost2010Prop50
 90
       50
102
RTVSPost2010PropOp50
 70
     1
102
RTVSPost2010Prop51ColorIndex
 90
      256
102
RTVSPost2010Prop51ColorRGB
 90
-16777216
102
RTVSPost2010PropOp51
 70
     0
102
RTVSPost2010Prop52
140
1.0
102
RTVSPost2010PropOp52
 70
     0
102
RTVSPost2010Prop53
 90
        2
102
RTVSPost2010PropOp53
 70
     1
102
RTVSPost2010Prop54
  1
strokes_ogs.tif
102
RTVSPost2010PropOp54
 70
     1
102
RTVSPost2010Prop55
280
     0
102
RTVSPost2010PropOp55
 70
     1
102
RTVSPost2010Prop56
140
1.0
102
RTVSPost2010PropOp56
 70
     1
102
RTVSPost2010Prop57
140
1.0
102
RTVSPost2010PropOp57
 70
     1
  0
XRECORD
  5
C97
102
{ACAD_REACTORS
330
C96
102
}
330
C96
100
AcDbXrecord
280
     1
102
RTVSPost2010Prop28
280
     0
102
RTVSPost2010PropOp28
 70
     1
102
RTVSPost2010Prop29
280
     1
102
RTVSPost2010PropOp29
 70
     1
102
RTVSPost2010Prop30
280
     1
102
RTVSPost2010PropOp30
 70
     1
102
RTVSPost2010Prop31
280
     0
102
RTVSPost2010PropOp31
 70
     1
102
RTVSPost2010Prop32
280
     0
102
RTVSPost2010PropOp32
 70
     1
102
RTVSPost2010Prop33
280
     0
102
RTVSPost2010PropOp33
 70
     1
102
RTVSPost2010Prop34
280
     0
102
RTVSPost2010PropOp34
 70
     1
102
RTVSPost2010Prop35
280
     0
102
RTVSPost2010PropOp35
 70
     1
102
RTVSPost2010Prop36
280
     0
102
RTVSPost2010PropOp36
 70
     1
102
RTVSPost2010Prop37
 90
       50
102
RTVSPost2010PropOp37
 70
     1
102
RTVSPost2010Prop38
140
0.0
102
RTVSPost2010PropOp38
 70
     1
102
RTVSPost2010Prop39
140
1.0
102
RTVSPost2010PropOp39
 70
     1
102
RTVSPost2010Prop40
 90
        0
102
RTVSPost2010PropOp40
 70
     1
102
RTVSPost2010Prop41ColorIndex
 90
       18
102
RTVSPost2010Prop41ColorRGB
 90
        0
102
RTVSPost2010PropOp41
 70
     1
102
RTVSPost2010Prop42
 90
       50
102
RTVSPost2010PropOp42
 70
     1
102
RTVSPost2010Prop43
 90
        3
102
RTVSPost2010PropOp43
 70
     1
102
RTVSPost2010Prop44ColorIndex
 90
        5
102
RTVSPost2010Prop44ColorRGB
 90
      255
102
RTVSPost2010PropOp44
 70
     1
102
RTVSPost2010Prop45
280
     0
102
RTVSPost2010PropOp45
 70
     1
102
RTVSPost2010Prop46
 90
       50
102
RTVSPost2010PropOp46
 70
     1
102
RTVSPost2010Prop47
 90
       50
102
RTVSPost2010PropOp47
 70
     1
102
RTVSPost2010Prop48
 90
       50
102
RTVSPost2010PropOp48
 70
     1
102
RTVSPost2010Prop49
280
     0
102
RTVSPost2010PropOp49
 70
     1
102
RTVSPost2010Prop50
 90
       50
102
RTVSPost2010PropOp50
 70
     1
102
RTVSPost2010Prop51ColorIndex
 90
      256
102
RTVSPost2010Prop51ColorRGB
 90
-16777216
102
RTVSPost2010PropOp51
 70
     0
102
RTVSPost2010Prop52
140
1.0
102
RTVSPost2010PropOp52
 70
     0
102
RTVSPost2010Prop53
 90
        2
102
RTVSPost2010PropOp53
 70
     1
102
RTVSPost2010Prop54
  1
strokes_ogs.tif
102
RTVSPost2010PropOp54
 70
     1
102
RTVSPost2010Prop55
280
     0
102
RTVSPost2010PropOp55
 70
     1
102
RTVSPost2010Prop56
140
1.0
102
RTVSPost2010PropOp56
 70
     1
102
RTVSPost2010Prop57
140
1.0
102
RTVSPost2010PropOp57
 70
     1
  0
XRECORD
  5
C99
102
{ACAD_REACTORS
330
C98
102
}
330
C98
100
AcDbXrecord
280
     1
102
RTVSPost2010Prop28
280
     0
102
RTVSPost2010PropOp28
 70
     1
102
RTVSPost2010Prop29
280
     1
102
RTVSPost2010PropOp29
 70
     1
102
RTVSPost2010Prop30
280
     1
102
RTVSPost2010PropOp30
 70
     1
102
RTVSPost2010Prop31
280
     0
102
RTVSPost2010PropOp31
 70
     1
102
RTVSPost2010Prop32
280
     0
102
RTVSPost2010PropOp32
 70
     1
102
RTVSPost2010Prop33
280
     0
102
RTVSPost2010PropOp33
 70
     1
102
RTVSPost2010Prop34
280
     0
102
RTVSPost2010PropOp34
 70
     1
102
RTVSPost2010Prop35
280
     0
102
RTVSPost2010PropOp35
 70
     1
102
RTVSPost2010Prop36
280
     0
102
RTVSPost2010PropOp36
 70
     1
102
RTVSPost2010Prop37
 90
       50
102
RTVSPost2010PropOp37
 70
     1
102
RTVSPost2010Prop38
140
0.0
102
RTVSPost2010PropOp38
 70
     1
102
RTVSPost2010Prop39
140
1.0
102
RTVSPost2010PropOp39
 70
     1
102
RTVSPost2010Prop40
 90
        0
102
RTVSPost2010PropOp40
 70
     1
102
RTVSPost2010Prop41ColorIndex
 90
       18
102
RTVSPost2010Prop41ColorRGB
 90
        0
102
RTVSPost2010PropOp41
 70
     1
102
RTVSPost2010Prop42
 90
       50
102
RTVSPost2010PropOp42
 70
     1
102
RTVSPost2010Prop43
 90
        3
102
RTVSPost2010PropOp43
 70
     1
102
RTVSPost2010Prop44ColorIndex
 90
        5
102
RTVSPost2010Prop44ColorRGB
 90
      255
102
RTVSPost2010PropOp44
 70
     1
102
RTVSPost2010Prop45
280
     0
102
RTVSPost2010PropOp45
 70
     1
102
RTVSPost2010Prop46
 90
       50
102
RTVSPost2010PropOp46
 70
     1
102
RTVSPost2010Prop47
 90
       50
102
RTVSPost2010PropOp47
 70
     1
102
RTVSPost2010Prop48
 90
       50
102
RTVSPost2010PropOp48
 70
     1
102
RTVSPost2010Prop49
280
     0
102
RTVSPost2010PropOp49
 70
     1
102
RTVSPost2010Prop50
 90
       50
102
RTVSPost2010PropOp50
 70
     1
102
RTVSPost2010Prop51ColorIndex
 90
      256
102
RTVSPost2010Prop51ColorRGB
 90
-16777216
102
RTVSPost2010PropOp51
 70
     0
102
RTVSPost2010Prop52
140
1.0
102
RTVSPost2010PropOp52
 70
     0
102
RTVSPost2010Prop53
 90
        2
102
RTVSPost2010PropOp53
 70
     1
102
RTVSPost2010Prop54
  1
strokes_ogs.tif
102
RTVSPost2010PropOp54
 70
     1
102
RTVSPost2010Prop55
280
     0
102
RTVSPost2010PropOp55
 70
     1
102
RTVSPost2010Prop56
140
1.0
102
RTVSPost2010PropOp56
 70
     1
102
RTVSPost2010Prop57
140
1.0
102
RTVSPost2010PropOp57
 70
     1
  0
XRECORD
  5
C9B
102
{ACAD_REACTORS
330
C9A
102
}
330
C9A
100
AcDbXrecord
280
     1
102
RTVSPost2010Prop28
280
     0
102
RTVSPost2010PropOp28
 70
     1
102
RTVSPost2010Prop29
280
     1
102
RTVSPost2010PropOp29
 70
     1
102
RTVSPost2010Prop30
280
     1
102
RTVSPost2010PropOp30
 70
     1
102
RTVSPost2010Prop31
280
     0
102
RTVSPost2010PropOp31
 70
     1
102
RTVSPost2010Prop32
280
     0
102
RTVSPost2010PropOp32
 70
     1
102
RTVSPost2010Prop33
280
     0
102
RTVSPost2010PropOp33
 70
     1
102
RTVSPost2010Prop34
280
     0
102
RTVSPost2010PropOp34
 70
     1
102
RTVSPost2010Prop35
280
     0
102
RTVSPost2010PropOp35
 70
     1
102
RTVSPost2010Prop36
280
     0
102
RTVSPost2010PropOp36
 70
     1
102
RTVSPost2010Prop37
 90
       50
102
RTVSPost2010PropOp37
 70
     1
102
RTVSPost2010Prop38
140
0.0
102
RTVSPost2010PropOp38
 70
     1
102
RTVSPost2010Prop39
140
1.0
102
RTVSPost2010PropOp39
 70
     1
102
RTVSPost2010Prop40
 90
        0
102
RTVSPost2010PropOp40
 70
     1
102
RTVSPost2010Prop41ColorIndex
 90
       18
102
RTVSPost2010Prop41ColorRGB
 90
        0
102
RTVSPost2010PropOp41
 70
     1
102
RTVSPost2010Prop42
 90
       50
102
RTVSPost2010PropOp42
 70
     1
102
RTVSPost2010Prop43
 90
        3
102
RTVSPost2010PropOp43
 70
     1
102
RTVSPost2010Prop44ColorIndex
 90
        5
102
RTVSPost2010Prop44ColorRGB
 90
      255
102
RTVSPost2010PropOp44
 70
     1
102
RTVSPost2010Prop45
280
     0
102
RTVSPost2010PropOp45
 70
     1
102
RTVSPost2010Prop46
 90
       50
102
RTVSPost2010PropOp46
 70
     1
102
RTVSPost2010Prop47
 90
       50
102
RTVSPost2010PropOp47
 70
     1
102
RTVSPost2010Prop48
 90
       50
102
RTVSPost2010PropOp48
 70
     1
102
RTVSPost2010Prop49
280
     0
102
RTVSPost2010PropOp49
 70
     1
102
RTVSPost2010Prop50
 90
       50
102
RTVSPost2010PropOp50
 70
     1
102
RTVSPost2010Prop51ColorIndex
 90
      256
102
RTVSPost2010Prop51ColorRGB
 90
-16777216
102
RTVSPost2010PropOp51
 70
     0
102
RTVSPost2010Prop52
140
1.0
102
RTVSPost2010PropOp52
 70
     0
102
RTVSPost2010Prop53
 90
        2
102
RTVSPost2010PropOp53
 70
     1
102
RTVSPost2010Prop54
  1
strokes_ogs.tif
102
RTVSPost2010PropOp54
 70
     1
102
RTVSPost2010Prop55
280
     0
102
RTVSPost2010PropOp55
 70
     1
102
RTVSPost2010Prop56
140
1.0
102
RTVSPost2010PropOp56
 70
     1
102
RTVSPost2010Prop57
140
1.0
102
RTVSPost2010PropOp57
 70
     1
  0
XRECORD
  5
C9D
102
{ACAD_REACTORS
330
C9C
102
}
330
C9C
100
AcDbXrecord
280
     1
102
RTVSPost2010Prop28
280
     0
102
RTVSPost2010PropOp28
 70
     1
102
RTVSPost2010Prop29
280
     1
102
RTVSPost2010PropOp29
 70
     1
102
RTVSPost2010Prop30
280
     1
102
RTVSPost2010PropOp30
 70
     1
102
RTVSPost2010Prop31
280
     0
102
RTVSPost2010PropOp31
 70
     1
102
RTVSPost2010Prop32
280
     0
102
RTVSPost2010PropOp32
 70
     1
102
RTVSPost2010Prop33
280
     0
102
RTVSPost2010PropOp33
 70
     1
102
RTVSPost2010Prop34
280
     0
102
RTVSPost2010PropOp34
 70
     1
102
RTVSPost2010Prop35
280
     0
102
RTVSPost2010PropOp35
 70
     1
102
RTVSPost2010Prop36
280
     0
102
RTVSPost2010PropOp36
 70
     1
102
RTVSPost2010Prop37
 90
       50
102
RTVSPost2010PropOp37
 70
     1
102
RTVSPost2010Prop38
140
0.0
102
RTVSPost2010PropOp38
 70
     1
102
RTVSPost2010Prop39
140
1.0
102
RTVSPost2010PropOp39
 70
     1
102
RTVSPost2010Prop40
 90
        0
102
RTVSPost2010PropOp40
 70
     1
102
RTVSPost2010Prop41ColorIndex
 90
       18
102
RTVSPost2010Prop41ColorRGB
 90
        0
102
RTVSPost2010PropOp41
 70
     1
102
RTVSPost2010Prop42
 90
       50
102
RTVSPost2010PropOp42
 70
     1
102
RTVSPost2010Prop43
 90
        3
102
RTVSPost2010PropOp43
 70
     1
102
RTVSPost2010Prop44ColorIndex
 90
        5
102
RTVSPost2010Prop44ColorRGB
 90
      255
102
RTVSPost2010PropOp44
 70
     1
102
RTVSPost2010Prop45
280
     0
102
RTVSPost2010PropOp45
 70
     1
102
RTVSPost2010Prop46
 90
       50
102
RTVSPost2010PropOp46
 70
     1
102
RTVSPost2010Prop47
 90
       50
102
RTVSPost2010PropOp47
 70
     1
102
RTVSPost2010Prop48
 90
       50
102
RTVSPost2010PropOp48
 70
     1
102
RTVSPost2010Prop49
280
     0
102
RTVSPost2010PropOp49
 70
     1
102
RTVSPost2010Prop50
 90
       50
102
RTVSPost2010PropOp50
 70
     1
102
RTVSPost2010Prop51ColorIndex
 90
      256
102
RTVSPost2010Prop51ColorRGB
 90
-16777216
102
RTVSPost2010PropOp51
 70
     0
102
RTVSPost2010Prop52
140
1.0
102
RTVSPost2010PropOp52
 70
     0
102
RTVSPost2010Prop53
 90
        2
102
RTVSPost2010PropOp53
 70
     1
102
RTVSPost2010Prop54
  1
strokes_ogs.tif
102
RTVSPost2010PropOp54
 70
     1
102
RTVSPost2010Prop55
280
     0
102
RTVSPost2010PropOp55
 70
     1
102
RTVSPost2010Prop56
140
1.0
102
RTVSPost2010PropOp56
 70
     1
102
RTVSPost2010Prop57
140
1.0
102
RTVSPost2010PropOp57
 70
     1
  0
XRECORD
  5
CA3
102
{ACAD_REACTORS
330
CA2
102
}
330
CA2
100
AcDbXrecord
280
     1
102
RTVSPost2010Prop28
280
     0
102
RTVSPost2010PropOp28
 70
     1
102
RTVSPost2010Prop29
280
     1
102
RTVSPost2010PropOp29
 70
     1
102
RTVSPost2010Prop30
280
     1
102
RTVSPost2010PropOp30
 70
     1
102
RTVSPost2010Prop31
280
     0
102
RTVSPost2010PropOp31
 70
     1
102
RTVSPost2010Prop32
280
     0
102
RTVSPost2010PropOp32
 70
     1
102
RTVSPost2010Prop33
280
     0
102
RTVSPost2010PropOp33
 70
     1
102
RTVSPost2010Prop34
280
     0
102
RTVSPost2010PropOp34
 70
     1
102
RTVSPost2010Prop35
280
     0
102
RTVSPost2010PropOp35
 70
     1
102
RTVSPost2010Prop36
280
     0
102
RTVSPost2010PropOp36
 70
     1
102
RTVSPost2010Prop37
 90
       50
102
RTVSPost2010PropOp37
 70
     1
102
RTVSPost2010Prop38
140
0.0
102
RTVSPost2010PropOp38
 70
     1
102
RTVSPost2010Prop39
140
1.0
102
RTVSPost2010PropOp39
 70
     1
102
RTVSPost2010Prop40
 90
        0
102
RTVSPost2010PropOp40
 70
     1
102
RTVSPost2010Prop41ColorIndex
 90
       18
102
RTVSPost2010Prop41ColorRGB
 90
        0
102
RTVSPost2010PropOp41
 70
     1
102
RTVSPost2010Prop42
 90
       50
102
RTVSPost2010PropOp42
 70
     1
102
RTVSPost2010Prop43
 90
        3
102
RTVSPost2010PropOp43
 70
     1
102
RTVSPost2010Prop44ColorIndex
 90
        5
102
RTVSPost2010Prop44ColorRGB
 90
      255
102
RTVSPost2010PropOp44
 70
     1
102
RTVSPost2010Prop45
280
     0
102
RTVSPost2010PropOp45
 70
     1
102
RTVSPost2010Prop46
 90
       50
102
RTVSPost2010PropOp46
 70
     1
102
RTVSPost2010Prop47
 90
       50
102
RTVSPost2010PropOp47
 70
     1
102
RTVSPost2010Prop48
 90
       50
102
RTVSPost2010PropOp48
 70
     1
102
RTVSPost2010Prop49
280
     0
102
RTVSPost2010PropOp49
 70
     1
102
RTVSPost2010Prop50
 90
       50
102
RTVSPost2010PropOp50
 70
     1
102
RTVSPost2010Prop51ColorIndex
 90
      256
102
RTVSPost2010Prop51ColorRGB
 90
-16777216
102
RTVSPost2010PropOp51
 70
     0
102
RTVSPost2010Prop52
140
1.0
102
RTVSPost2010PropOp52
 70
     0
102
RTVSPost2010Prop53
 90
        2
102
RTVSPost2010PropOp53
 70
     1
102
RTVSPost2010Prop54
  1
strokes_ogs.tif
102
RTVSPost2010PropOp54
 70
     1
102
RTVSPost2010Prop55
280
     0
102
RTVSPost2010PropOp55
 70
     1
102
RTVSPost2010Prop56
140
1.0
102
RTVSPost2010PropOp56
 70
     1
102
RTVSPost2010Prop57
140
1.0
102
RTVSPost2010PropOp57
 70
     1
  0
XRECORD
  5
CB7
102
{ACAD_REACTORS
330
CB6
102
}
330
CB6
100
AcDbXrecord
280
     1
102
RTVSPost2010Prop28
280
     0
102
RTVSPost2010PropOp28
 70
     0
102
RTVSPost2010Prop29
280
     1
102
RTVSPost2010PropOp29
 70
     0
102
RTVSPost2010Prop30
280
     1
102
RTVSPost2010PropOp30
 70
     0
102
RTVSPost2010Prop31
280
     0
102
RTVSPost2010PropOp31
 70
     0
102
RTVSPost2010Prop32
280
     0
102
RTVSPost2010PropOp32
 70
     0
102
RTVSPost2010Prop33
280
     0
102
RTVSPost2010PropOp33
 70
     0
102
RTVSPost2010Prop34
280
     0
102
RTVSPost2010PropOp34
 70
     0
102
RTVSPost2010Prop35
280
     0
102
RTVSPost2010PropOp35
 70
     0
102
RTVSPost2010Prop36
280
     0
102
RTVSPost2010PropOp36
 70
     0
102
RTVSPost2010Prop37
 90
       50
102
RTVSPost2010PropOp37
 70
     0
102
RTVSPost2010Prop38
140
0.0
102
RTVSPost2010PropOp38
 70
     0
102
RTVSPost2010Prop39
140
1.0
102
RTVSPost2010PropOp39
 70
     0
102
RTVSPost2010Prop40
 90
        0
102
RTVSPost2010PropOp40
 70
     0
102
RTVSPost2010Prop41ColorIndex
 90
       18
102
RTVSPost2010Prop41ColorRGB
 90
        0
102
RTVSPost2010PropOp41
 70
     0
102
RTVSPost2010Prop42
 90
       50
102
RTVSPost2010PropOp42
 70
     0
102
RTVSPost2010Prop43
 90
        3
102
RTVSPost2010PropOp43
 70
     0
102
RTVSPost2010Prop44ColorIndex
 90
        5
102
RTVSPost2010Prop44ColorRGB
 90
      255
102
RTVSPost2010PropOp44
 70
     0
102
RTVSPost2010Prop45
280
     0
102
RTVSPost2010PropOp45
 70
     0
102
RTVSPost2010Prop46
 90
       50
102
RTVSPost2010PropOp46
 70
     0
102
RTVSPost2010Prop47
 90
       50
102
RTVSPost2010PropOp47
 70
     0
102
RTVSPost2010Prop48
 90
       50
102
RTVSPost2010PropOp48
 70
     0
102
RTVSPost2010Prop49
280
     0
102
RTVSPost2010PropOp49
 70
     0
102
RTVSPost2010Prop50
 90
       50
102
RTVSPost2010PropOp50
 70
     0
102
RTVSPost2010Prop51ColorIndex
 90
      256
102
RTVSPost2010Prop51ColorRGB
 90
-16777216
102
RTVSPost2010PropOp51
 70
     0
102
RTVSPost2010Prop52
140
1.0
102
RTVSPost2010PropOp52
 70
     0
102
RTVSPost2010Prop53
 90
        2
102
RTVSPost2010PropOp53
 70
     0
102
RTVSPost2010Prop54
  1
strokes_ogs.tif
102
RTVSPost2010PropOp54
 70
     0
102
RTVSPost2010Prop55
280
     0
102
RTVSPost2010PropOp55
 70
     0
102
RTVSPost2010Prop56
140
1.0
102
RTVSPost2010PropOp56
 70
     0
102
RTVSPost2010Prop57
140
1.0
102
RTVSPost2010PropOp57
 70
     0
  0
XRECORD
  5
CB1
102
{ACAD_REACTORS
330
CB0
102
}
330
CB0
100
AcDbXrecord
280
     1
102
RTVSPost2010Prop28
280
     0
102
RTVSPost2010PropOp28
 70
     1
102
RTVSPost2010Prop29
280
     1
102
RTVSPost2010PropOp29
 70
     1
102
RTVSPost2010Prop30
280
     1
102
RTVSPost2010PropOp30
 70
     1
102
RTVSPost2010Prop31
280
     0
102
RTVSPost2010PropOp31
 70
     1
102
RTVSPost2010Prop32
280
     0
102
RTVSPost2010PropOp32
 70
     1
102
RTVSPost2010Prop33
280
     0
102
RTVSPost2010PropOp33
 70
     1
102
RTVSPost2010Prop34
280
     0
102
RTVSPost2010PropOp34
 70
     1
102
RTVSPost2010Prop35
280
     0
102
RTVSPost2010PropOp35
 70
     1
102
RTVSPost2010Prop36
280
     0
102
RTVSPost2010PropOp36
 70
     1
102
RTVSPost2010Prop37
 90
       50
102
RTVSPost2010PropOp37
 70
     1
102
RTVSPost2010Prop38
140
0.0
102
RTVSPost2010PropOp38
 70
     1
102
RTVSPost2010Prop39
140
1.0
102
RTVSPost2010PropOp39
 70
     1
102
RTVSPost2010Prop40
 90
        0
102
RTVSPost2010PropOp40
 70
     1
102
RTVSPost2010Prop41ColorIndex
 90
       18
102
RTVSPost2010Prop41ColorRGB
 90
        0
102
RTVSPost2010PropOp41
 70
     1
102
RTVSPost2010Prop42
 90
       50
102
RTVSPost2010PropOp42
 70
     1
102
RTVSPost2010Prop43
 90
        3
102
RTVSPost2010PropOp43
 70
     1
102
RTVSPost2010Prop44ColorIndex
 90
        5
102
RTVSPost2010Prop44ColorRGB
 90
      255
102
RTVSPost2010PropOp44
 70
     1
102
RTVSPost2010Prop45
280
     0
102
RTVSPost2010PropOp45
 70
     1
102
RTVSPost2010Prop46
 90
       50
102
RTVSPost2010PropOp46
 70
     1
102
RTVSPost2010Prop47
 90
       50
102
RTVSPost2010PropOp47
 70
     1
102
RTVSPost2010Prop48
 90
       50
102
RTVSPost2010PropOp48
 70
     1
102
RTVSPost2010Prop49
280
     0
102
RTVSPost2010PropOp49
 70
     1
102
RTVSPost2010Prop50
 90
       50
102
RTVSPost2010PropOp50
 70
     1
102
RTVSPost2010Prop51ColorIndex
 90
      256
102
RTVSPost2010Prop51ColorRGB
 90
-16777216
102
RTVSPost2010PropOp51
 70
     0
102
RTVSPost2010Prop52
140
1.0
102
RTVSPost2010PropOp52
 70
     0
102
RTVSPost2010Prop53
 90
        2
102
RTVSPost2010PropOp53
 70
     1
102
RTVSPost2010Prop54
  1
strokes_ogs.tif
102
RTVSPost2010PropOp54
 70
     1
102
RTVSPost2010Prop55
280
     0
102
RTVSPost2010PropOp55
 70
     1
102
RTVSPost2010Prop56
140
1.0
102
RTVSPost2010PropOp56
 70
     1
102
RTVSPost2010Prop57
140
1.0
102
RTVSPost2010PropOp57
 70
     1
  0
XRECORD
  5
CB9
102
{ACAD_REACTORS
330
CB8
102
}
330
CB8
100
AcDbXrecord
280
     1
102
RTVSPost2010Prop28
280
     0
102
RTVSPost2010PropOp28
 70
     0
102
RTVSPost2010Prop29
280
     1
102
RTVSPost2010PropOp29
 70
     0
102
RTVSPost2010Prop30
280
     1
102
RTVSPost2010PropOp30
 70
     0
102
RTVSPost2010Prop31
280
     0
102
RTVSPost2010PropOp31
 70
     0
102
RTVSPost2010Prop32
280
     0
102
RTVSPost2010PropOp32
 70
     0
102
RTVSPost2010Prop33
280
     0
102
RTVSPost2010PropOp33
 70
     0
102
RTVSPost2010Prop34
280
     0
102
RTVSPost2010PropOp34
 70
     0
102
RTVSPost2010Prop35
280
     0
102
RTVSPost2010PropOp35
 70
     0
102
RTVSPost2010Prop36
280
     0
102
RTVSPost2010PropOp36
 70
     0
102
RTVSPost2010Prop37
 90
       50
102
RTVSPost2010PropOp37
 70
     0
102
RTVSPost2010Prop38
140
0.0
102
RTVSPost2010PropOp38
 70
     0
102
RTVSPost2010Prop39
140
1.0
102
RTVSPost2010PropOp39
 70
     0
102
RTVSPost2010Prop40
 90
        0
102
RTVSPost2010PropOp40
 70
     0
102
RTVSPost2010Prop41ColorIndex
 90
       18
102
RTVSPost2010Prop41ColorRGB
 90
        0
102
RTVSPost2010PropOp41
 70
     0
102
RTVSPost2010Prop42
 90
       50
102
RTVSPost2010PropOp42
 70
     0
102
RTVSPost2010Prop43
 90
        3
102
RTVSPost2010PropOp43
 70
     0
102
RTVSPost2010Prop44ColorIndex
 90
        5
102
RTVSPost2010Prop44ColorRGB
 90
      255
102
RTVSPost2010PropOp44
 70
     0
102
RTVSPost2010Prop45
280
     0
102
RTVSPost2010PropOp45
 70
     0
102
RTVSPost2010Prop46
 90
       50
102
RTVSPost2010PropOp46
 70
     0
102
RTVSPost2010Prop47
 90
       50
102
RTVSPost2010PropOp47
 70
     0
102
RTVSPost2010Prop48
 90
       50
102
RTVSPost2010PropOp48
 70
     0
102
RTVSPost2010Prop49
280
     0
102
RTVSPost2010PropOp49
 70
     0
102
RTVSPost2010Prop50
 90
       50
102
RTVSPost2010PropOp50
 70
     0
102
RTVSPost2010Prop51ColorIndex
 90
      256
102
RTVSPost2010Prop51ColorRGB
 90
-16777216
102
RTVSPost2010PropOp51
 70
     0
102
RTVSPost2010Prop52
140
1.0
102
RTVSPost2010PropOp52
 70
     0
102
RTVSPost2010Prop53
 90
        2
102
RTVSPost2010PropOp53
 70
     0
102
RTVSPost2010Prop54
  1
strokes_ogs.tif
102
RTVSPost2010PropOp54
 70
     0
102
RTVSPost2010Prop55
280
     0
102
RTVSPost2010PropOp55
 70
     0
102
RTVSPost2010Prop56
140
1.0
102
RTVSPost2010PropOp56
 70
     0
102
RTVSPost2010Prop57
140
1.0
102
RTVSPost2010PropOp57
 70
     0
  0
XRECORD
  5
CA7
102
{ACAD_REACTORS
330
CA6
102
}
330
CA6
100
AcDbXrecord
280
     1
102
RTVSPost2010Prop28
280
     0
102
RTVSPost2010PropOp28
 70
     1
102
RTVSPost2010Prop29
280
     1
102
RTVSPost2010PropOp29
 70
     1
102
RTVSPost2010Prop30
280
     1
102
RTVSPost2010PropOp30
 70
     1
102
RTVSPost2010Prop31
280
     0
102
RTVSPost2010PropOp31
 70
     1
102
RTVSPost2010Prop32
280
     0
102
RTVSPost2010PropOp32
 70
     1
102
RTVSPost2010Prop33
280
     0
102
RTVSPost2010PropOp33
 70
     1
102
RTVSPost2010Prop34
280
     0
102
RTVSPost2010PropOp34
 70
     1
102
RTVSPost2010Prop35
280
     0
102
RTVSPost2010PropOp35
 70
     1
102
RTVSPost2010Prop36
280
     0
102
RTVSPost2010PropOp36
 70
     1
102
RTVSPost2010Prop37
 90
       50
102
RTVSPost2010PropOp37
 70
     1
102
RTVSPost2010Prop38
140
0.0
102
RTVSPost2010PropOp38
 70
     1
102
RTVSPost2010Prop39
140
1.0
102
RTVSPost2010PropOp39
 70
     1
102
RTVSPost2010Prop40
 90
        0
102
RTVSPost2010PropOp40
 70
     1
102
RTVSPost2010Prop41ColorIndex
 90
       18
102
RTVSPost2010Prop41ColorRGB
 90
        0
102
RTVSPost2010PropOp41
 70
     1
102
RTVSPost2010Prop42
 90
       50
102
RTVSPost2010PropOp42
 70
     1
102
RTVSPost2010Prop43
 90
        3
102
RTVSPost2010PropOp43
 70
     1
102
RTVSPost2010Prop44ColorIndex
 90
        5
102
RTVSPost2010Prop44ColorRGB
 90
      255
102
RTVSPost2010PropOp44
 70
     1
102
RTVSPost2010Prop45
280
     0
102
RTVSPost2010PropOp45
 70
     1
102
RTVSPost2010Prop46
 90
       50
102
RTVSPost2010PropOp46
 70
     1
102
RTVSPost2010Prop47
 90
       50
102
RTVSPost2010PropOp47
 70
     1
102
RTVSPost2010Prop48
 90
       50
102
RTVSPost2010PropOp48
 70
     1
102
RTVSPost2010Prop49
280
     0
102
RTVSPost2010PropOp49
 70
     1
102
RTVSPost2010Prop50
 90
       50
102
RTVSPost2010PropOp50
 70
     1
102
RTVSPost2010Prop51ColorIndex
 90
      256
102
RTVSPost2010Prop51ColorRGB
 90
-16777216
102
RTVSPost2010PropOp51
 70
     0
102
RTVSPost2010Prop52
140
1.0
102
RTVSPost2010PropOp52
 70
     0
102
RTVSPost2010Prop53
 90
        2
102
RTVSPost2010PropOp53
 70
     1
102
RTVSPost2010Prop54
  1
strokes_ogs.tif
102
RTVSPost2010PropOp54
 70
     1
102
RTVSPost2010Prop55
280
     0
102
RTVSPost2010PropOp55
 70
     1
102
RTVSPost2010Prop56
140
1.0
102
RTVSPost2010PropOp56
 70
     1
102
RTVSPost2010Prop57
140
1.0
102
RTVSPost2010PropOp57
 70
     1
  0
XRECORD
  5
CC5
102
{ACAD_REACTORS
330
CC4
102
}
330
CC4
100
AcDbXrecord
280
     1
102
RTVSPost2010Prop28
280
     0
102
RTVSPost2010PropOp28
 70
     1
102
RTVSPost2010Prop29
280
     1
102
RTVSPost2010PropOp29
 70
     1
102
RTVSPost2010Prop30
280
     1
102
RTVSPost2010PropOp30
 70
     1
102
RTVSPost2010Prop31
280
     0
102
RTVSPost2010PropOp31
 70
     1
102
RTVSPost2010Prop32
280
     0
102
RTVSPost2010PropOp32
 70
     1
102
RTVSPost2010Prop33
280
     0
102
RTVSPost2010PropOp33
 70
     1
102
RTVSPost2010Prop34
280
     0
102
RTVSPost2010PropOp34
 70
     1
102
RTVSPost2010Prop35
280
     0
102
RTVSPost2010PropOp35
 70
     1
102
RTVSPost2010Prop36
280
     0
102
RTVSPost2010PropOp36
 70
     1
102
RTVSPost2010Prop37
 90
       50
102
RTVSPost2010PropOp37
 70
     1
102
RTVSPost2010Prop38
140
0.0
102
RTVSPost2010PropOp38
 70
     1
102
RTVSPost2010Prop39
140
1.0
102
RTVSPost2010PropOp39
 70
     1
102
RTVSPost2010Prop40
 90
        0
102
RTVSPost2010PropOp40
 70
     1
102
RTVSPost2010Prop41ColorIndex
 90
       18
102
RTVSPost2010Prop41ColorRGB
 90
        0
102
RTVSPost2010PropOp41
 70
     1
102
RTVSPost2010Prop42
 90
       50
102
RTVSPost2010PropOp42
 70
     1
102
RTVSPost2010Prop43
 90
        3
102
RTVSPost2010PropOp43
 70
     1
102
RTVSPost2010Prop44ColorIndex
 90
        5
102
RTVSPost2010Prop44ColorRGB
 90
      255
102
RTVSPost2010PropOp44
 70
     1
102
RTVSPost2010Prop45
280
     0
102
RTVSPost2010PropOp45
 70
     1
102
RTVSPost2010Prop46
 90
       50
102
RTVSPost2010PropOp46
 70
     1
102
RTVSPost2010Prop47
 90
       50
102
RTVSPost2010PropOp47
 70
     1
102
RTVSPost2010Prop48
 90
       50
102
RTVSPost2010PropOp48
 70
     1
102
RTVSPost2010Prop49
280
     0
102
RTVSPost2010PropOp49
 70
     1
102
RTVSPost2010Prop50
 90
       50
102
RTVSPost2010PropOp50
 70
     1
102
RTVSPost2010Prop51ColorIndex
 90
      256
102
RTVSPost2010Prop51ColorRGB
 90
-16777216
102
RTVSPost2010PropOp51
 70
     0
102
RTVSPost2010Prop52
140
1.0
102
RTVSPost2010PropOp52
 70
     0
102
RTVSPost2010Prop53
 90
        2
102
RTVSPost2010PropOp53
 70
     1
102
RTVSPost2010Prop54
  1
strokes_ogs.tif
102
RTVSPost2010PropOp54
 70
     1
102
RTVSPost2010Prop55
280
     0
102
RTVSPost2010PropOp55
 70
     1
102
RTVSPost2010Prop56
140
1.0
102
RTVSPost2010PropOp56
 70
     1
102
RTVSPost2010Prop57
140
1.0
102
RTVSPost2010PropOp57
 70
     1
  0
XRECORD
  5
CC3
102
{ACAD_REACTORS
330
CC2
102
}
330
CC2
100
AcDbXrecord
280
     1
102
RTVSPost2010Prop28
280
     0
102
RTVSPost2010PropOp28
 70
     1
102
RTVSPost2010Prop29
280
     1
102
RTVSPost2010PropOp29
 70
     1
102
RTVSPost2010Prop30
280
     1
102
RTVSPost2010PropOp30
 70
     1
102
RTVSPost2010Prop31
280
     0
102
RTVSPost2010PropOp31
 70
     1
102
RTVSPost2010Prop32
280
     0
102
RTVSPost2010PropOp32
 70
     1
102
RTVSPost2010Prop33
280
     0
102
RTVSPost2010PropOp33
 70
     1
102
RTVSPost2010Prop34
280
     0
102
RTVSPost2010PropOp34
 70
     1
102
RTVSPost2010Prop35
280
     0
102
RTVSPost2010PropOp35
 70
     1
102
RTVSPost2010Prop36
280
     0
102
RTVSPost2010PropOp36
 70
     1
102
RTVSPost2010Prop37
 90
       50
102
RTVSPost2010PropOp37
 70
     1
102
RTVSPost2010Prop38
140
0.0
102
RTVSPost2010PropOp38
 70
     1
102
RTVSPost2010Prop39
140
1.0
102
RTVSPost2010PropOp39
 70
     1
102
RTVSPost2010Prop40
 90
        0
102
RTVSPost2010PropOp40
 70
     1
102
RTVSPost2010Prop41ColorIndex
 90
       18
102
RTVSPost2010Prop41ColorRGB
 90
        0
102
RTVSPost2010PropOp41
 70
     1
102
RTVSPost2010Prop42
 90
       50
102
RTVSPost2010PropOp42
 70
     1
102
RTVSPost2010Prop43
 90
        3
102
RTVSPost2010PropOp43
 70
     1
102
RTVSPost2010Prop44ColorIndex
 90
        5
102
RTVSPost2010Prop44ColorRGB
 90
      255
102
RTVSPost2010PropOp44
 70
     1
102
RTVSPost2010Prop45
280
     0
102
RTVSPost2010PropOp45
 70
     1
102
RTVSPost2010Prop46
 90
       50
102
RTVSPost2010PropOp46
 70
     1
102
RTVSPost2010Prop47
 90
       50
102
RTVSPost2010PropOp47
 70
     1
102
RTVSPost2010Prop48
 90
       50
102
RTVSPost2010PropOp48
 70
     1
102
RTVSPost2010Prop49
280
     0
102
RTVSPost2010PropOp49
 70
     1
102
RTVSPost2010Prop50
 90
       50
102
RTVSPost2010PropOp50
 70
     1
102
RTVSPost2010Prop51ColorIndex
 90
      256
102
RTVSPost2010Prop51ColorRGB
 90
-16777216
102
RTVSPost2010PropOp51
 70
     0
102
RTVSPost2010Prop52
140
1.0
102
RTVSPost2010PropOp52
 70
     0
102
RTVSPost2010Prop53
 90
        2
102
RTVSPost2010PropOp53
 70
     1
102
RTVSPost2010Prop54
  1
strokes_ogs.tif
102
RTVSPost2010PropOp54
 70
     1
102
RTVSPost2010Prop55
280
     0
102
RTVSPost2010PropOp55
 70
     1
102
RTVSPost2010Prop56
140
1.0
102
RTVSPost2010PropOp56
 70
     1
102
RTVSPost2010Prop57
140
1.0
102
RTVSPost2010PropOp57
 70
     1
  0
XRECORD
  5
CBD
102
{ACAD_REACTORS
330
CBC
102
}
330
CBC
100
AcDbXrecord
280
     1
102
RTVSPost2010Prop28
280
     0
102
RTVSPost2010PropOp28
 70
     1
102
RTVSPost2010Prop29
280
     1
102
RTVSPost2010PropOp29
 70
     1
102
RTVSPost2010Prop30
280
     1
102
RTVSPost2010PropOp30
 70
     1
102
RTVSPost2010Prop31
280
     0
102
RTVSPost2010PropOp31
 70
     1
102
RTVSPost2010Prop32
280
     0
102
RTVSPost2010PropOp32
 70
     1
102
RTVSPost2010Prop33
280
     0
102
RTVSPost2010PropOp33
 70
     1
102
RTVSPost2010Prop34
280
     0
102
RTVSPost2010PropOp34
 70
     1
102
RTVSPost2010Prop35
280
     0
102
RTVSPost2010PropOp35
 70
     1
102
RTVSPost2010Prop36
280
     0
102
RTVSPost2010PropOp36
 70
     1
102
RTVSPost2010Prop37
 90
       50
102
RTVSPost2010PropOp37
 70
     1
102
RTVSPost2010Prop38
140
0.0
102
RTVSPost2010PropOp38
 70
     1
102
RTVSPost2010Prop39
140
1.0
102
RTVSPost2010PropOp39
 70
     1
102
RTVSPost2010Prop40
 90
        0
102
RTVSPost2010PropOp40
 70
     1
102
RTVSPost2010Prop41ColorIndex
 90
       18
102
RTVSPost2010Prop41ColorRGB
 90
        0
102
RTVSPost2010PropOp41
 70
     1
102
RTVSPost2010Prop42
 90
       50
102
RTVSPost2010PropOp42
 70
     1
102
RTVSPost2010Prop43
 90
        3
102
RTVSPost2010PropOp43
 70
     1
102
RTVSPost2010Prop44ColorIndex
 90
        5
102
RTVSPost2010Prop44ColorRGB
 90
      255
102
RTVSPost2010PropOp44
 70
     1
102
RTVSPost2010Prop45
280
     0
102
RTVSPost2010PropOp45
 70
     1
102
RTVSPost2010Prop46
 90
       50
102
RTVSPost2010PropOp46
 70
     1
102
RTVSPost2010Prop47
 90
       50
102
RTVSPost2010PropOp47
 70
     1
102
RTVSPost2010Prop48
 90
       50
102
RTVSPost2010PropOp48
 70
     1
102
RTVSPost2010Prop49
280
     0
102
RTVSPost2010PropOp49
 70
     1
102
RTVSPost2010Prop50
 90
       50
102
RTVSPost2010PropOp50
 70
     1
102
RTVSPost2010Prop51ColorIndex
 90
      256
102
RTVSPost2010Prop51ColorRGB
 90
-16777216
102
RTVSPost2010PropOp51
 70
     0
102
RTVSPost2010Prop52
140
1.0
102
RTVSPost2010PropOp52
 70
     0
102
RTVSPost2010Prop53
 90
        2
102
RTVSPost2010PropOp53
 70
     1
102
RTVSPost2010Prop54
  1
strokes_ogs.tif
102
RTVSPost2010PropOp54
 70
     1
102
RTVSPost2010Prop55
280
     0
102
RTVSPost2010PropOp55
 70
     1
102
RTVSPost2010Prop56
140
1.0
102
RTVSPost2010PropOp56
 70
     1
102
RTVSPost2010Prop57
140
1.0
102
RTVSPost2010PropOp57
 70
     1
  0
XRECORD
  5
CBF
102
{ACAD_REACTORS
330
CBE
102
}
330
CBE
100
AcDbXrecord
280
     1
102
RTVSPost2010Prop28
280
     0
102
RTVSPost2010PropOp28
 70
     1
102
RTVSPost2010Prop29
280
     1
102
RTVSPost2010PropOp29
 70
     1
102
RTVSPost2010Prop30
280
     1
102
RTVSPost2010PropOp30
 70
     1
102
RTVSPost2010Prop31
280
     0
102
RTVSPost2010PropOp31
 70
     1
102
RTVSPost2010Prop32
280
     0
102
RTVSPost2010PropOp32
 70
     1
102
RTVSPost2010Prop33
280
     0
102
RTVSPost2010PropOp33
 70
     1
102
RTVSPost2010Prop34
280
     0
102
RTVSPost2010PropOp34
 70
     1
102
RTVSPost2010Prop35
280
     0
102
RTVSPost2010PropOp35
 70
     1
102
RTVSPost2010Prop36
280
     0
102
RTVSPost2010PropOp36
 70
     1
102
RTVSPost2010Prop37
 90
       50
102
RTVSPost2010PropOp37
 70
     1
102
RTVSPost2010Prop38
140
0.0
102
RTVSPost2010PropOp38
 70
     1
102
RTVSPost2010Prop39
140
1.0
102
RTVSPost2010PropOp39
 70
     1
102
RTVSPost2010Prop40
 90
        0
102
RTVSPost2010PropOp40
 70
     1
102
RTVSPost2010Prop41ColorIndex
 90
       18
102
RTVSPost2010Prop41ColorRGB
 90
        0
102
RTVSPost2010PropOp41
 70
     1
102
RTVSPost2010Prop42
 90
       50
102
RTVSPost2010PropOp42
 70
     1
102
RTVSPost2010Prop43
 90
        3
102
RTVSPost2010PropOp43
 70
     1
102
RTVSPost2010Prop44ColorIndex
 90
        5
102
RTVSPost2010Prop44ColorRGB
 90
      255
102
RTVSPost2010PropOp44
 70
     1
102
RTVSPost2010Prop45
280
     0
102
RTVSPost2010PropOp45
 70
     1
102
RTVSPost2010Prop46
 90
       50
102
RTVSPost2010PropOp46
 70
     1
102
RTVSPost2010Prop47
 90
       50
102
RTVSPost2010PropOp47
 70
     1
102
RTVSPost2010Prop48
 90
       50
102
RTVSPost2010PropOp48
 70
     1
102
RTVSPost2010Prop49
280
     0
102
RTVSPost2010PropOp49
 70
     1
102
RTVSPost2010Prop50
 90
       50
102
RTVSPost2010PropOp50
 70
     1
102
RTVSPost2010Prop51ColorIndex
 90
      256
102
RTVSPost2010Prop51ColorRGB
 90
-16777216
102
RTVSPost2010PropOp51
 70
     0
102
RTVSPost2010Prop52
140
1.0
102
RTVSPost2010PropOp52
 70
     0
102
RTVSPost2010Prop53
 90
        2
102
RTVSPost2010PropOp53
 70
     1
102
RTVSPost2010Prop54
  1
strokes_ogs.tif
102
RTVSPost2010PropOp54
 70
     1
102
RTVSPost2010Prop55
280
     0
102
RTVSPost2010PropOp55
 70
     1
102
RTVSPost2010Prop56
140
1.0
102
RTVSPost2010PropOp56
 70
     1
102
RTVSPost2010Prop57
140
1.0
102
RTVSPost2010PropOp57
 70
     1
  0
XRECORD
  5
CAF
102
{ACAD_REACTORS
330
CAE
102
}
330
CAE
100
AcDbXrecord
280
     1
102
RTVSPost2010Prop28
280
     0
102
RTVSPost2010PropOp28
 70
     1
102
RTVSPost2010Prop29
280
     1
102
RTVSPost2010PropOp29
 70
     1
102
RTVSPost2010Prop30
280
     1
102
RTVSPost2010PropOp30
 70
     1
102
RTVSPost2010Prop31
280
     0
102
RTVSPost2010PropOp31
 70
     1
102
RTVSPost2010Prop32
280
     0
102
RTVSPost2010PropOp32
 70
     1
102
RTVSPost2010Prop33
280
     0
102
RTVSPost2010PropOp33
 70
     1
102
RTVSPost2010Prop34
280
     0
102
RTVSPost2010PropOp34
 70
     1
102
RTVSPost2010Prop35
280
     0
102
RTVSPost2010PropOp35
 70
     1
102
RTVSPost2010Prop36
280
     0
102
RTVSPost2010PropOp36
 70
     1
102
RTVSPost2010Prop37
 90
       50
102
RTVSPost2010PropOp37
 70
     1
102
RTVSPost2010Prop38
140
0.0
102
RTVSPost2010PropOp38
 70
     1
102
RTVSPost2010Prop39
140
1.0
102
RTVSPost2010PropOp39
 70
     1
102
RTVSPost2010Prop40
 90
        0
102
RTVSPost2010PropOp40
 70
     1
102
RTVSPost2010Prop41ColorIndex
 90
       18
102
RTVSPost2010Prop41ColorRGB
 90
        0
102
RTVSPost2010PropOp41
 70
     1
102
RTVSPost2010Prop42
 90
       50
102
RTVSPost2010PropOp42
 70
     1
102
RTVSPost2010Prop43
 90
        3
102
RTVSPost2010PropOp43
 70
     1
102
RTVSPost2010Prop44ColorIndex
 90
        5
102
RTVSPost2010Prop44ColorRGB
 90
      255
102
RTVSPost2010PropOp44
 70
     1
102
RTVSPost2010Prop45
280
     0
102
RTVSPost2010PropOp45
 70
     1
102
RTVSPost2010Prop46
 90
       50
102
RTVSPost2010PropOp46
 70
     1
102
RTVSPost2010Prop47
 90
       50
102
RTVSPost2010PropOp47
 70
     1
102
RTVSPost2010Prop48
 90
       50
102
RTVSPost2010PropOp48
 70
     1
102
RTVSPost2010Prop49
280
     0
102
RTVSPost2010PropOp49
 70
     1
102
RTVSPost2010Prop50
 90
       50
102
RTVSPost2010PropOp50
 70
     1
102
RTVSPost2010Prop51ColorIndex
 90
      256
102
RTVSPost2010Prop51ColorRGB
 90
-16777216
102
RTVSPost2010PropOp51
 70
     0
102
RTVSPost2010Prop52
140
1.0
102
RTVSPost2010PropOp52
 70
     0
102
RTVSPost2010Prop53
 90
        2
102
RTVSPost2010PropOp53
 70
     1
102
RTVSPost2010Prop54
  1
strokes_ogs.tif
102
RTVSPost2010PropOp54
 70
     1
102
RTVSPost2010Prop55
280
     0
102
RTVSPost2010PropOp55
 70
     1
102
RTVSPost2010Prop56
140
1.0
102
RTVSPost2010PropOp56
 70
     1
102
RTVSPost2010Prop57
140
1.0
102
RTVSPost2010PropOp57
 70
     1
  0
XRECORD
  5
CA1
102
{ACAD_REACTORS
330
CA0
102
}
330
CA0
100
AcDbXrecord
280
     1
102
RTVSPost2010Prop28
280
     0
102
RTVSPost2010PropOp28
 70
     1
102
RTVSPost2010Prop29
280
     1
102
RTVSPost2010PropOp29
 70
     1
102
RTVSPost2010Prop30
280
     1
102
RTVSPost2010PropOp30
 70
     1
102
RTVSPost2010Prop31
280
     0
102
RTVSPost2010PropOp31
 70
     1
102
RTVSPost2010Prop32
280
     0
102
RTVSPost2010PropOp32
 70
     1
102
RTVSPost2010Prop33
280
     0
102
RTVSPost2010PropOp33
 70
     1
102
RTVSPost2010Prop34
280
     0
102
RTVSPost2010PropOp34
 70
     1
102
RTVSPost2010Prop35
280
     0
102
RTVSPost2010PropOp35
 70
     1
102
RTVSPost2010Prop36
280
     0
102
RTVSPost2010PropOp36
 70
     1
102
RTVSPost2010Prop37
 90
       50
102
RTVSPost2010PropOp37
 70
     1
102
RTVSPost2010Prop38
140
0.0
102
RTVSPost2010PropOp38
 70
     1
102
RTVSPost2010Prop39
140
1.0
102
RTVSPost2010PropOp39
 70
     1
102
RTVSPost2010Prop40
 90
        0
102
RTVSPost2010PropOp40
 70
     1
102
RTVSPost2010Prop41ColorIndex
 90
       18
102
RTVSPost2010Prop41ColorRGB
 90
        0
102
RTVSPost2010PropOp41
 70
     1
102
RTVSPost2010Prop42
 90
       50
102
RTVSPost2010PropOp42
 70
     1
102
RTVSPost2010Prop43
 90
        3
102
RTVSPost2010PropOp43
 70
     1
102
RTVSPost2010Prop44ColorIndex
 90
        5
102
RTVSPost2010Prop44ColorRGB
 90
      255
102
RTVSPost2010PropOp44
 70
     1
102
RTVSPost2010Prop45
280
     0
102
RTVSPost2010PropOp45
 70
     1
102
RTVSPost2010Prop46
 90
       50
102
RTVSPost2010PropOp46
 70
     1
102
RTVSPost2010Prop47
 90
       50
102
RTVSPost2010PropOp47
 70
     1
102
RTVSPost2010Prop48
 90
       50
102
RTVSPost2010PropOp48
 70
     1
102
RTVSPost2010Prop49
280
     0
102
RTVSPost2010PropOp49
 70
     1
102
RTVSPost2010Prop50
 90
       50
102
RTVSPost2010PropOp50
 70
     1
102
RTVSPost2010Prop51ColorIndex
 90
      256
102
RTVSPost2010Prop51ColorRGB
 90
-16777216
102
RTVSPost2010PropOp51
 70
     0
102
RTVSPost2010Prop52
140
1.0
102
RTVSPost2010PropOp52
 70
     0
102
RTVSPost2010Prop53
 90
        2
102
RTVSPost2010PropOp53
 70
     1
102
RTVSPost2010Prop54
  1
strokes_ogs.tif
102
RTVSPost2010PropOp54
 70
     1
102
RTVSPost2010Prop55
280
     0
102
RTVSPost2010PropOp55
 70
     1
102
RTVSPost2010Prop56
140
1.0
102
RTVSPost2010PropOp56
 70
     1
102
RTVSPost2010Prop57
140
1.0
102
RTVSPost2010PropOp57
 70
     1
  0
XRECORD
  5
CC1
102
{ACAD_REACTORS
330
CC0
102
}
330
CC0
100
AcDbXrecord
280
     1
102
RTVSPost2010Prop28
280
     0
102
RTVSPost2010PropOp28
 70
     1
102
RTVSPost2010Prop29
280
     1
102
RTVSPost2010PropOp29
 70
     1
102
RTVSPost2010Prop30
280
     1
102
RTVSPost2010PropOp30
 70
     1
102
RTVSPost2010Prop31
280
     0
102
RTVSPost2010PropOp31
 70
     1
102
RTVSPost2010Prop32
280
     0
102
RTVSPost2010PropOp32
 70
     1
102
RTVSPost2010Prop33
280
     0
102
RTVSPost2010PropOp33
 70
     1
102
RTVSPost2010Prop34
280
     0
102
RTVSPost2010PropOp34
 70
     1
102
RTVSPost2010Prop35
280
     0
102
RTVSPost2010PropOp35
 70
     1
102
RTVSPost2010Prop36
280
     0
102
RTVSPost2010PropOp36
 70
     1
102
RTVSPost2010Prop37
 90
       50
102
RTVSPost2010PropOp37
 70
     1
102
RTVSPost2010Prop38
140
0.0
102
RTVSPost2010PropOp38
 70
     1
102
RTVSPost2010Prop39
140
1.0
102
RTVSPost2010PropOp39
 70
     1
102
RTVSPost2010Prop40
 90
        0
102
RTVSPost2010PropOp40
 70
     1
102
RTVSPost2010Prop41ColorIndex
 90
       18
102
RTVSPost2010Prop41ColorRGB
 90
        0
102
RTVSPost2010PropOp41
 70
     1
102
RTVSPost2010Prop42
 90
       50
102
RTVSPost2010PropOp42
 70
     1
102
RTVSPost2010Prop43
 90
        3
102
RTVSPost2010PropOp43
 70
     1
102
RTVSPost2010Prop44ColorIndex
 90
        5
102
RTVSPost2010Prop44ColorRGB
 90
      255
102
RTVSPost2010PropOp44
 70
     1
102
RTVSPost2010Prop45
280
     0
102
RTVSPost2010PropOp45
 70
     1
102
RTVSPost2010Prop46
 90
       50
102
RTVSPost2010PropOp46
 70
     1
102
RTVSPost2010Prop47
 90
       50
102
RTVSPost2010PropOp47
 70
     1
102
RTVSPost2010Prop48
 90
       50
102
RTVSPost2010PropOp48
 70
     1
102
RTVSPost2010Prop49
280
     0
102
RTVSPost2010PropOp49
 70
     1
102
RTVSPost2010Prop50
 90
       50
102
RTVSPost2010PropOp50
 70
     1
102
RTVSPost2010Prop51ColorIndex
 90
      256
102
RTVSPost2010Prop51ColorRGB
 90
-16777216
102
RTVSPost2010PropOp51
 70
     0
102
RTVSPost2010Prop52
140
1.0
102
RTVSPost2010PropOp52
 70
     0
102
RTVSPost2010Prop53
 90
        2
102
RTVSPost2010PropOp53
 70
     1
102
RTVSPost2010Prop54
  1
strokes_ogs.tif
102
RTVSPost2010PropOp54
 70
     1
102
RTVSPost2010Prop55
280
     0
102
RTVSPost2010PropOp55
 70
     1
102
RTVSPost2010Prop56
140
1.0
102
RTVSPost2010PropOp56
 70
     1
102
RTVSPost2010Prop57
140
1.0
102
RTVSPost2010PropOp57
 70
     1
  0
ENDSEC
  0
EOF
