  0
SECTION
  2
HEADER
  9
$ACADVER
  1
AC1027
  9
$ACADMAINTVER
 70
   105
  9
$DWGCODEPAGE
  3
ANSI_1252
  9
$LASTSAVEDBY
  1
david
  9
$REQUIREDVERSIONS
160
                 0
  9
$INSBASE
 10
0.0
 20
0.0
 30
0.0
  9
$EXTMIN
 10
-82.3983202185178
 20
-23.45818422588983
 30
0.0
  9
$EXTMAX
 10
546.2245975443383
 20
121.0
 30
0.0
  9
$LIMMIN
 10
0.0
 20
0.0
  9
$LIMMAX
 10
12.0
 20
9.0
  9
$ORTHOMODE
 70
     0
  9
$REGENMODE
 70
     1
  9
$FILLMODE
 70
     1
  9
$QTEXTMODE
 70
     0
  9
$MIRRTEXT
 70
     0
  9
$LTSCALE
 40
1.0
  9
$ATTMODE
 70
     1
  9
$TEXTSIZE
 40
0.2
  9
$TRACEWID
 40
0.05
  9
$TEXTSTYLE
  7
Standard
  9
$CLAYER
  8
Panel
  9
$CELTYPE
  6
ByLayer
  9
$CECOLOR
 62
   256
  9
$CELTSCALE
 40
1.0
  9
$DISPSILH
 70
     0
  9
$DIMSCALE
 40
1.0
  9
$DIMASZ
 40
2.0
  9
$DIMEXO
 40
0.625
  9
$DIMDLI
 40
2.0
  9
$DIMRND
 40
0.0
  9
$DIMDLE
 40
0.0
  9
$DIMEXE
 40
1.0
  9
$DIMTP
 40
0.0
  9
$DIMTM
 40
0.0
  9
$DIMTXT
 40
2.0
  9
$DIMCEN
 40
0.09
  9
$DIMTSZ
 40
0.0
  9
$DIMTOL
 70
     0
  9
$DIMLIM
 70
     0
  9
$DIMTIH
 70
     0
  9
$DIMTOH
 70
     1
  9
$DIMSE1
 70
     0
  9
$DIMSE2
 70
     0
  9
$DIMTAD
 70
     1
  9
$DIMZIN
 70
     8
  9
$DIMBLK
  1

  9
$DIMASO
 70
     1
  9
$DIMSHO
 70
     1
  9
$DIMPOST
  1

  9
$DIMAPOST
  1

  9
$DIMALT
 70
     0
  9
$DIMALTD
 70
     2
  9
$DIMALTF
 40
25.4
  9
$DIMLFAC
 40
1.0
  9
$DIMTOFL
 70
     0
  9
$DIMTVP
 40
0.0
  9
$DIMTIX
 70
     0
  9
$DIMSOXD
 70
     0
  9
$DIMSAH
 70
     0
  9
$DIMBLK1
  1

  9
$DIMBLK2
  1

  9
$DIMSTYLE
  2
Standard
  9
$DIMCLRD
 70
     0
  9
$DIMCLRE
 70
     0
  9
$DIMCLRT
 70
   256
  9
$DIMTFAC
 40
1.0
  9
$DIMGAP
 40
1.0
  9
$DIMJUST
 70
     0
  9
$DIMSD1
 70
     0
  9
$DIMSD2
 70
     0
  9
$DIMTOLJ
 70
     1
  9
$DIMTZIN
 70
     0
  9
$DIMALTZ
 70
     0
  9
$DIMALTTZ
 70
     0
  9
$DIMUPT
 70
     0
  9
$DIMDEC
 70
     4
  9
$DIMTDEC
 70
     4
  9
$DIMALTU
 70
     2
  9
$DIMALTTD
 70
     2
  9
$DIMTXSTY
  7
Standard
  9
$DIMAUNIT
 70
     0
  9
$DIMADEC
 70
     0
  9
$DIMALTRND
 40
0.0
  9
$DIMAZIN
 70
     2
  9
$DIMDSEP
 70
    46
  9
$DIMATFIT
 70
     0
  9
$DIMFRAC
 70
     0
  9
$DIMLDRBLK
  1

  9
$DIMLUNIT
 70
     2
  9
$DIMLWD
 70
    -2
  9
$DIMLWE
 70
    -2
  9
$DIMTMOVE
 70
     0
  9
$DIMFXL
 40
1.0
  9
$DIMFXLON
 70
     0
  9
$DIMJOGANG
 40
0.7853981633974483
  9
$DIMTFILL
 70
     0
  9
$DIMTFILLCLR
 70
     0
  9
$DIMARCSYM
 70
     0
  9
$DIMLTYPE
  6

  9
$DIMLTEX1
  6

  9
$DIMLTEX2
  6

  9
$DIMTXTDIRECTION
 70
     0
  9
$LUNITS
 70
     2
  9
$LUPREC
 70
     4
  9
$SKETCHINC
 40
0.1
  9
$FILLETRAD
 40
0.0
  9
$AUNITS
 70
     0
  9
$AUPREC
 70
     0
  9
$MENU
  1
.
  9
$ELEVATION
 40
0.0
  9
$PELEVATION
 40
0.0
  9
$THICKNESS
 40
0.0
  9
$LIMCHECK
 70
     0
  9
$CHAMFERA
 40
0.0
  9
$CHAMFERB
 40
0.0
  9
$CHAMFERC
 40
0.0
  9
$CHAMFERD
 40
0.0
  9
$SKPOLY
 70
     0
  9
$TDCREATE
 40
2459783.792490185
  9
$TDUCREATE
 40
2459784.084156852
  9
$TDUPDATE
 40
2459783.792490764
  9
$TDUUPDATE
 40
2459784.084157431
  9
$TDINDWG
 40
0.0000000116
  9
$TDUSRTIMER
 40
0.0000000116
  9
$USRTIMER
 70
     1
  9
$ANGBASE
 50
0.0
  9
$ANGDIR
 70
     0
  9
$PDMODE
 70
     0
  9
$PDSIZE
 40
0.0
  9
$PLINEWID
 40
0.0
  9
$SPLFRAME
 70
     0
  9
$SPLINETYPE
 70
     6
  9
$SPLINESEGS
 70
     8
  9
$HANDSEED
  5
E69
  9
$SURFTAB1
 70
     6
  9
$SURFTAB2
 70
     6
  9
$SURFTYPE
 70
     6
  9
$SURFU
 70
     6
  9
$SURFV
 70
     6
  9
$UCSBASE
  2

  9
$UCSNAME
  2

  9
$UCSORG
 10
0.0
 20
0.0
 30
0.0
  9
$UCSXDIR
 10
1.0
 20
0.0
 30
0.0
  9
$UCSYDIR
 10
0.0
 20
1.0
 30
0.0
  9
$UCSORTHOREF
  2

  9
$UCSORTHOVIEW
 70
     0
  9
$UCSORGTOP
 10
0.0
 20
0.0
 30
0.0
  9
$UCSORGBOTTOM
 10
0.0
 20
0.0
 30
0.0
  9
$UCSORGLEFT
 10
0.0
 20
0.0
 30
0.0
  9
$UCSORGRIGHT
 10
0.0
 20
0.0
 30
0.0
  9
$UCSORGFRONT
 10
0.0
 20
0.0
 30
0.0
  9
$UCSORGBACK
 10
0.0
 20
0.0
 30
0.0
  9
$PUCSBASE
  2

  9
$PUCSNAME
  2

  9
$PUCSORG
 10
0.0
 20
0.0
 30
0.0
  9
$PUCSXDIR
 10
1.0
 20
0.0
 30
0.0
  9
$PUCSYDIR
 10
0.0
 20
1.0
 30
0.0
  9
$PUCSORTHOREF
  2

  9
$PUCSORTHOVIEW
 70
     0
  9
$PUCSORGTOP
 10
0.0
 20
0.0
 30
0.0
  9
$PUCSORGBOTTOM
 10
0.0
 20
0.0
 30
0.0
  9
$PUCSORGLEFT
 10
0.0
 20
0.0
 30
0.0
  9
$PUCSORGRIGHT
 10
0.0
 20
0.0
 30
0.0
  9
$PUCSORGFRONT
 10
0.0
 20
0.0
 30
0.0
  9
$PUCSORGBACK
 10
0.0
 20
0.0
 30
0.0
  9
$USERI1
 70
     0
  9
$USERI2
 70
     0
  9
$USERI3
 70
     0
  9
$USERI4
 70
     0
  9
$USERI5
 70
     0
  9
$USERR1
 40
0.0
  9
$USERR2
 40
0.0
  9
$USERR3
 40
0.0
  9
$USERR4
 40
0.0
  9
$USERR5
 40
0.0
  9
$WORLDVIEW
 70
     1
  9
$SHADEDGE
 70
     3
  9
$SHADEDIF
 70
    70
  9
$TILEMODE
 70
     1
  9
$MAXACTVP
 70
    64
  9
$PINSBASE
 10
0.0
 20
0.0
 30
0.0
  9
$PLIMCHECK
 70
     0
  9
$PEXTMIN
 10
0.0
 20
0.0
 30
0.0
  9
$PEXTMAX
 10
0.0
 20
0.0
 30
0.0
  9
$PLIMMIN
 10
-20.0
 20
-7.5
  9
$PLIMMAX
 10
277.0
 20
202.5
  9
$UNITMODE
 70
     0
  9
$VISRETAIN
 70
     1
  9
$PLINEGEN
 70
     0
  9
$PSLTSCALE
 70
     1
  9
$TREEDEPTH
 70
  3020
  9
$CMLSTYLE
  2
Standard
  9
$CMLJUST
 70
     0
  9
$CMLSCALE
 40
1.0
  9
$PROXYGRAPHICS
 70
     1
  9
$MEASUREMENT
 70
     1
  9
$CELWEIGHT
370
    -1
  9
$ENDCAPS
280
     0
  9
$JOINSTYLE
280
     0
  9
$LWDISPLAY
290
     0
  9
$INSUNITS
 70
     4
  9
$HYPERLINKBASE
  1

  9
$STYLESHEET
  1

  9
$XEDIT
290
     1
  9
$CEPSNTYPE
380
     0
  9
$PSTYLEMODE
290
     1
  9
$FINGERPRINTGUID
  2
{f4b0d1ef-8164-f942-92d8-7d2a3becc0f6}
  9
$VERSIONGUID
  2
{FAEB1C32-E019-11D5-929B-00C0DF256EC4}
  9
$EXTNAMES
290
     1
  9
$PSVPSCALE
 40
0.0
  9
$OLESTARTUP
290
     0
  9
$SORTENTS
280
   127
  9
$INDEXCTL
280
     0
  9
$HIDETEXT
280
     1
  9
$XCLIPFRAME
280
     2
  9
$HALOGAP
280
     0
  9
$OBSCOLOR
 70
   257
  9
$OBSLTYPE
280
     0
  9
$INTERSECTIONDISPLAY
280
     0
  9
$INTERSECTIONCOLOR
 70
   257
  9
$DIMASSOC
280
     2
  9
$PROJECTNAME
  1

  9
$CAMERADISPLAY
290
     0
  9
$LENSLENGTH
 40
50.0
  9
$CAMERAHEIGHT
 40
0.0
  9
$STEPSPERSEC
 40
2.0
  9
$STEPSIZE
 40
6.0
  9
$3DDWFPREC
 40
2.0
  9
$PSOLWIDTH
 40
0.25
  9
$PSOLHEIGHT
 40
4.0
  9
$LOFTANG1
 40
1.570796326794897
  9
$LOFTANG2
 40
1.570796326794897
  9
$LOFTMAG1
 40
0.0
  9
$LOFTMAG2
 40
0.0
  9
$LOFTPARAM
 70
     7
  9
$LOFTNORMALS
280
     1
  9
$LATITUDE
 40
37.795
  9
$LONGITUDE
 40
-122.394
  9
$NORTHDIRECTION
 40
0.0
  9
$TIMEZONE
 70
 -8000
  9
$LIGHTGLYPHDISPLAY
280
     1
  9
$TILEMODELIGHTSYNCH
280
     1
  9
$CMATERIAL
347
DC3
  9
$SOLIDHIST
280
     0
  9
$SHOWHIST
280
     1
  9
$DWFFRAME
280
     2
  9
$DGNFRAME
280
     2
  9
$REALWORLDSCALE
290
     1
  9
$INTERFERECOLOR
 62
   256
  9
$CSHADOW
280
     0
  9
$SHADOWPLANELOCATION
 40
0.0
  0
ENDSEC
  0
SECTION
  2
CLASSES
  0
CLASS
  1
ACDBDICTIONARYWDFLT
  2
AcDbDictionaryWithDefault
  3
ObjectDBX Classes
 90
        0
 91
        3
280
     0
281
     0
  0
CLASS
  1
VISUALSTYLE
  2
AcDbVisualStyle
  3
ObjectDBX Classes
 90
     4095
 91
        3
280
     0
281
     0
  0
CLASS
  1
MATERIAL
  2
AcDbMaterial
  3
ObjectDBX Classes
 90
     1153
 91
        3
280
     0
281
     0
  0
CLASS
  1
SCALE
  2
AcDbScale
  3
ObjectDBX Classes
 90
     1153
 91
        3
280
     0
281
     0
  0
CLASS
  1
TABLESTYLE
  2
AcDbTableStyle
  3
ObjectDBX Classes
 90
     4095
 91
        3
280
     0
281
     0
  0
CLASS
  1
MLEADERSTYLE
  2
AcDbMLeaderStyle
  3
ACDB_MLEADERSTYLE_CLASS
 90
     4095
 91
        3
280
     0
281
     0
  0
CLASS
  1
SUN
  2
AcDbSun
  3
SCENEOE
 90
     1153
 91
        3
280
     0
281
     0
  0
CLASS
  1
DICTIONARYVAR
  2
AcDbDictionaryVar
  3
ObjectDBX Classes
 90
        0
 91
        3
280
     0
281
     0
  0
CLASS
  1
CELLSTYLEMAP
  2
AcDbCellStyleMap
  3
ObjectDBX Classes
 90
     1152
 91
        3
280
     0
281
     0
  0
ENDSEC
  0
SECTION
  2
TABLES
  0
TABLE
  2
VPORT
  5
D88
330
0
100
AcDbSymbolTable
 70
     1
  0
VPORT
  5
DA8
330
D88
100
AcDbSymbolTableRecord
100
AcDbViewportTableRecord
  2
*Active
 70
     0
 10
0.0
 20
0.0
 11
1.0
 21
1.0
 12
3.874029894618259
 22
-4.847367626481818
 13
0.0
 23
0.0
 14
0.5
 24
0.5
 15
0.5
 25
0.5
 16
0.0
 26
0.0
 36
1.0
 17
0.0
 27
0.0
 37
0.0
 40
16.88468777360823
 41
1.568778979907264
 42
50.0
 43
0.0
 44
0.0
 50
0.0
 51
0.0
 71
     0
 72
   100
 73
     1
 74
     3
 75
     0
 76
     0
 77
     0
 78
     0
281
     0
 65
     1
110
0.0
120
0.0
130
0.0
111
1.0
121
0.0
131
0.0
112
0.0
122
1.0
132
0.0
 79
     0
146
0.0
348
DAE
 60
     3
 61
     5
292
     1
282
     1
141
0.0
142
0.0
 63
   250
361
DDC
  0
ENDTAB
  0
TABLE
  2
LTYPE
  5
D85
330
0
100
AcDbSymbolTable
 70
    48
  0
LTYPE
  5
D93
330
D85
100
AcDbSymbolTableRecord
100
AcDbLinetypeTableRecord
  2
ByBlock
 70
     0
  3

 72
    65
 73
     0
 40
0.0
  0
LTYPE
  5
D94
330
D85
100
AcDbSymbolTableRecord
100
AcDbLinetypeTableRecord
  2
ByLayer
 70
     0
  3

 72
    65
 73
     0
 40
0.0
  0
LTYPE
  5
D95
330
D85
100
AcDbSymbolTableRecord
100
AcDbLinetypeTableRecord
  2
Continuous
 70
     0
  3
Solid line
 72
    65
 73
     0
 40
0.0
  0
LTYPE
  5
E23
330
D85
100
AcDbSymbolTableRecord
100
AcDbLinetypeTableRecord
  2
PHANTOM
 70
     0
  3
Phantom ______  __  __  ______  __  __  ______ 
 72
    65
 73
     6
 40
63.50000000000001
 49
31.75
 74
     0
 49
-6.35
 74
     0
 49
6.35
 74
     0
 49
-6.35
 74
     0
 49
6.35
 74
     0
 49
-6.35
 74
     0
  0
LTYPE
  5
E24
330
D85
100
AcDbSymbolTableRecord
100
AcDbLinetypeTableRecord
  2
PHANTOM2
 70
     0
  3
Phantom (.5x) ___ _ _ ___ _ _ ___ _ _ ___ _ _
 72
    65
 73
     6
 40
31.75
 49
15.875
 74
     0
 49
-3.175
 74
     0
 49
3.175
 74
     0
 49
-3.175
 74
     0
 49
3.175
 74
     0
 49
-3.175
 74
     0
  0
LTYPE
  5
E25
330
D85
100
AcDbSymbolTableRecord
100
AcDbLinetypeTableRecord
  2
PHANTOMX2
 70
     0
  3
Phantom (2x) ____________    ____    ____   _
 72
    65
 73
     6
 40
127.0
 49
63.5
 74
     0
 49
-12.7
 74
     0
 49
12.7
 74
     0
 49
-12.7
 74
     0
 49
12.7
 74
     0
 49
-12.7
 74
     0
  0
LTYPE
  5
E27
330
D85
100
AcDbSymbolTableRecord
100
AcDbLinetypeTableRecord
  2
TRACKS
 70
     0
  3
Tracks -|-|-|-|-|-|-|-|-|-|-|-|-|-|-|-|-|-|-|-|-|-|-|-|-
 72
    65
 73
     2
 40
7.62
 49
3.81
 74
     2
 75
     0
340
E26
 46
6.35
 50
0.0
 44
0.0
 45
0.0
  9
TRACK1
 49
3.81
 74
     0
  0
LTYPE
  5
E28
330
D85
100
AcDbSymbolTableRecord
100
AcDbLinetypeTableRecord
  2
ZIGZAG
 70
     0
  3
Zig zag /\/\/\/\/\/\/\/\/\/\/\/\/\/\/\/\/\/\/\/\/\/\/\/
 72
    65
 73
     4
 40
20.32254
 49
0.00254
 74
     0
 49
-5.08
 74
     2
 75
     0
340
E26
 46
5.08
 50
0.0
 44
-5.08
 45
0.0
  9
ZIG
 49
-10.16
 74
     2
 75
     0
340
E26
 46
5.08
 50
180.0
 44
5.08
 45
0.0
  9
ZIG
 49
-5.08
 74
     0
  0
LTYPE
  5
E29
330
D85
100
AcDbSymbolTableRecord
100
AcDbLinetypeTableRecord
  2
DASHED
 70
     0
  3
Dashed __ __ __ __ __ __ __ __ __ __ __ __ __ _
 72
    65
 73
     2
 40
19.05
 49
12.7
 74
     0
 49
-6.35
 74
     0
  0
LTYPE
  5
E2A
330
D85
100
AcDbSymbolTableRecord
100
AcDbLinetypeTableRecord
  2
DASHED2
 70
     0
  3
Dashed (.5x) _ _ _ _ _ _ _ _ _ _ _ _ _ _ _ _ _ 
 72
    65
 73
     2
 40
9.524999999999999
 49
6.35
 74
     0
 49
-3.175
 74
     0
  0
LTYPE
  5
E2B
330
D85
100
AcDbSymbolTableRecord
100
AcDbLinetypeTableRecord
  2
DASHEDX2
 70
     0
  3
Dashed (2x) ____  ____  ____  ____  ____  ___
 72
    65
 73
     2
 40
38.09999999999999
 49
25.4
 74
     0
 49
-12.7
 74
     0
  0
LTYPE
  5
E2C
330
D85
100
AcDbSymbolTableRecord
100
AcDbLinetypeTableRecord
  2
DIVIDE
 70
     0
  3
Divide ____ . . ____ . . ____ . . ____ . . ____
 72
    65
 73
     6
 40
31.75
 49
12.7
 74
     0
 49
-6.35
 74
     0
 49
0.0
 74
     0
 49
-6.35
 74
     0
 49
0.0
 74
     0
 49
-6.35
 74
     0
  0
LTYPE
  5
E2D
330
D85
100
AcDbSymbolTableRecord
100
AcDbLinetypeTableRecord
  2
DIVIDE2
 70
     0
  3
Divide (.5x) __..__..__..__..__..__..__..__.._
 72
    65
 73
     6
 40
15.875
 49
6.35
 74
     0
 49
-3.175
 74
     0
 49
0.0
 74
     0
 49
-3.175
 74
     0
 49
0.0
 74
     0
 49
-3.175
 74
     0
  0
LTYPE
  5
E2E
330
D85
100
AcDbSymbolTableRecord
100
AcDbLinetypeTableRecord
  2
DIVIDEX2
 70
     0
  3
Divide (2x) ________  .  .  ________  .  .  _
 72
    65
 73
     6
 40
63.5
 49
25.4
 74
     0
 49
-12.7
 74
     0
 49
0.0
 74
     0
 49
-12.7
 74
     0
 49
0.0
 74
     0
 49
-12.7
 74
     0
  0
LTYPE
  5
E2F
330
D85
100
AcDbSymbolTableRecord
100
AcDbLinetypeTableRecord
  2
DOT
 70
     0
  3
Dot . . . . . . . . . . . . . . . . . . . . . . . .
 72
    65
 73
     2
 40
6.35
 49
0.0
 74
     0
 49
-6.35
 74
     0
  0
LTYPE
  5
E30
330
D85
100
AcDbSymbolTableRecord
100
AcDbLinetypeTableRecord
  2
DOT2
 70
     0
  3
Dot (.5x) ........................................
 72
    65
 73
     2
 40
3.175
 49
0.0
 74
     0
 49
-3.175
 74
     0
  0
LTYPE
  5
E31
330
D85
100
AcDbSymbolTableRecord
100
AcDbLinetypeTableRecord
  2
DOTX2
 70
     0
  3
Dot (2x) .  .  .  .  .  .  .  .  .  .  .  .  .  .
 72
    65
 73
     2
 40
12.7
 49
0.0
 74
     0
 49
-12.7
 74
     0
  0
LTYPE
  5
E33
330
D85
100
AcDbSymbolTableRecord
100
AcDbLinetypeTableRecord
  2
DRAINAGE
 70
     0
  3
Drainage ---->---->---->----
 72
    65
 73
     2
 40
10.16
 49
5.08
 74
     2
 75
     0
340
E32
 46
2.54
 50
180.0
 44
0.0
 45
0.0
  9
RIGHT_ARROW
 49
5.08
 74
     0
  0
LTYPE
  5
E34
330
D85
100
AcDbSymbolTableRecord
100
AcDbLinetypeTableRecord
  2
DRAINAGE2
 70
     0
  3
Drainage reversed----<----<----<----
 72
    65
 73
     2
 40
10.16
 49
5.08
 74
     2
 75
     0
340
E32
 46
2.54
 50
0.0
 44
0.0
 45
0.0
  9
RIGHT_ARROW
 49
5.08
 74
     0
  0
LTYPE
  5
E35
330
D85
100
AcDbSymbolTableRecord
100
AcDbLinetypeTableRecord
  2
FENCELINE1
 70
     0
  3
Fenceline circle ----0-----0----0-----0----0-----0--
 72
    65
 73
     4
 40
36.83
 49
6.35
 74
     0
 49
-2.54
 74
     2
 75
     0
340
E26
 46
2.54
 50
0.0
 44
-2.54
 45
0.0
  9
CIRC1
 49
-2.54
 74
     0
 49
25.4
 74
     0
  0
LTYPE
  5
E36
330
D85
100
AcDbSymbolTableRecord
100
AcDbLinetypeTableRecord
  2
FENCELINE2
 70
     0
  3
Fenceline square ----[]-----[]----[]-----[]----[]---
 72
    65
 73
     4
 40
36.83
 49
6.35
 74
     0
 49
-2.54
 74
     2
 75
     0
340
E26
 46
2.54
 50
0.0
 44
-2.54
 45
0.0
  9
BOX
 49
-2.54
 74
     0
 49
25.4
 74
     0
  0
LTYPE
  5
E38
330
D85
100
AcDbSymbolTableRecord
100
AcDbLinetypeTableRecord
  2
GAS_LINE
 70
     0
  3
Gas line ----GAS----GAS----GAS----GAS----GAS----GAS--
 72
    65
 73
     3
 40
24.13
 49
12.7
 74
     0
 49
-5.08
 74
     2
 75
     0
340
E37
 46
2.54
 50
0.0
 44
-2.54
 45
-1.27
  9
GAS
 49
-6.35
 74
     0
  0
LTYPE
  5
E39
330
D85
100
AcDbSymbolTableRecord
100
AcDbLinetypeTableRecord
  2
HIDDEN
 70
     0
  3
Hidden __ __ __ __ __ __ __ __ __ __ __ __ __ __
 72
    65
 73
     2
 40
9.524999999999999
 49
6.35
 74
     0
 49
-3.175
 74
     0
  0
LTYPE
  5
E3A
330
D85
100
AcDbSymbolTableRecord
100
AcDbLinetypeTableRecord
  2
HIDDEN2
 70
     0
  3
Hidden (.5x) _ _ _ _ _ _ _ _ _ _ _ _ _ _ _ _ _ 
 72
    65
 73
     2
 40
4.762499999999999
 49
3.175
 74
     0
 49
-1.5875
 74
     0
  0
LTYPE
  5
E3B
330
D85
100
AcDbSymbolTableRecord
100
AcDbLinetypeTableRecord
  2
ACAD_ISO10W100
 70
     0
  3
ISO dash dot __ . __ . __ . __ . __ . __ . __ . 
 72
    65
 73
     4
 40
18.0
 49
12.0
 74
     0
 49
-3.0
 74
     0
 49
0.0
 74
     0
 49
-3.0
 74
     0
  0
LTYPE
  5
E3C
330
D85
100
AcDbSymbolTableRecord
100
AcDbLinetypeTableRecord
  2
ACAD_ISO11W100
 70
     0
  3
ISO double-dash dot __ __ . __ __ . __ __ . __ _
 72
    65
 73
     6
 40
33.0
 49
12.0
 74
     0
 49
-3.0
 74
     0
 49
12.0
 74
     0
 49
-3.0
 74
     0
 49
0.0
 74
     0
 49
-3.0
 74
     0
  0
LTYPE
  5
E3D
330
D85
100
AcDbSymbolTableRecord
100
AcDbLinetypeTableRecord
  2
ACAD_ISO12W100
 70
     0
  3
ISO dash double-dot __ . . __ . . __ . . __ . . 
 72
    65
 73
     6
 40
21.0
 49
12.0
 74
     0
 49
-3.0
 74
     0
 49
0.0
 74
     0
 49
-3.0
 74
     0
 49
0.0
 74
     0
 49
-3.0
 74
     0
  0
LTYPE
  5
E3E
330
D85
100
AcDbSymbolTableRecord
100
AcDbLinetypeTableRecord
  2
ACAD_ISO13W100
 70
     0
  3
ISO double-dash double-dot __ __ . . __ __ . . _
 72
    65
 73
     8
 40
36.0
 49
12.0
 74
     0
 49
-3.0
 74
     0
 49
12.0
 74
     0
 49
-3.0
 74
     0
 49
0.0
 74
     0
 49
-3.0
 74
     0
 49
0.0
 74
     0
 49
-3.0
 74
     0
  0
LTYPE
  5
E3F
330
D85
100
AcDbSymbolTableRecord
100
AcDbLinetypeTableRecord
  2
ACAD_ISO14W100
 70
     0
  3
ISO dash triple-dot __ . . . __ . . . __ . . . _
 72
    65
 73
     8
 40
24.0
 49
12.0
 74
     0
 49
-3.0
 74
     0
 49
0.0
 74
     0
 49
-3.0
 74
     0
 49
0.0
 74
     0
 49
-3.0
 74
     0
 49
0.0
 74
     0
 49
-3.0
 74
     0
  0
LTYPE
  5
E40
330
D85
100
AcDbSymbolTableRecord
100
AcDbLinetypeTableRecord
  2
ACAD_ISO15W100
 70
     0
  3
ISO double-dash triple-dot __ __ . . . __ __ . .
 72
    65
 73
    10
 40
39.0
 49
12.0
 74
     0
 49
-3.0
 74
     0
 49
12.0
 74
     0
 49
-3.0
 74
     0
 49
0.0
 74
     0
 49
-3.0
 74
     0
 49
0.0
 74
     0
 49
-3.0
 74
     0
 49
0.0
 74
     0
 49
-3.0
 74
     0
  0
LTYPE
  5
E41
330
D85
100
AcDbSymbolTableRecord
100
AcDbLinetypeTableRecord
  2
BATTING
 70
     0
  3
Batting SSSSSSSSSSSSSSSSSSSSSSSSSSSSSSSSSSSSSSSSSSSSSSS
 72
    65
 73
     4
 40
10.16254
 49
0.00254
 74
     0
 49
-2.54
 74
     2
 75
     0
340
E26
 46
2.54
 50
0.0
 44
-2.54
 45
0.0
  9
BAT
 49
-5.08
 74
     2
 75
     0
340
E26
 46
2.54
 50
180.0
 44
2.54
 45
0.0
  9
BAT
 49
-2.54
 74
     0
  0
LTYPE
  5
E42
330
D85
100
AcDbSymbolTableRecord
100
AcDbLinetypeTableRecord
  2
BORDER
 70
     0
  3
Border __ __ . __ __ . __ __ . __ __ . __ __ .
 72
    65
 73
     6
 40
44.45
 49
12.7
 74
     0
 49
-6.35
 74
     0
 49
12.7
 74
     0
 49
-6.35
 74
     0
 49
0.0
 74
     0
 49
-6.35
 74
     0
  0
LTYPE
  5
E43
330
D85
100
AcDbSymbolTableRecord
100
AcDbLinetypeTableRecord
  2
BORDER2
 70
     0
  3
Border (.5x) __.__.__.__.__.__.__.__.__.__.__.
 72
    65
 73
     6
 40
22.225
 49
6.35
 74
     0
 49
-3.175
 74
     0
 49
6.35
 74
     0
 49
-3.175
 74
     0
 49
0.0
 74
     0
 49
-3.175
 74
     0
  0
LTYPE
  5
E44
330
D85
100
AcDbSymbolTableRecord
100
AcDbLinetypeTableRecord
  2
BORDERX2
 70
     0
  3
Border (2x) ____  ____  .  ____  ____  .  ___
 72
    65
 73
     6
 40
88.89999999999999
 49
25.4
 74
     0
 49
-12.7
 74
     0
 49
25.4
 74
     0
 49
-12.7
 74
     0
 49
0.0
 74
     0
 49
-12.7
 74
     0
  0
LTYPE
  5
E45
330
D85
100
AcDbSymbolTableRecord
100
AcDbLinetypeTableRecord
  2
CENTER
 70
     0
  3
Center ____ _ ____ _ ____ _ ____ _ ____ _ ____
 72
    65
 73
     4
 40
50.8
 49
31.75
 74
     0
 49
-6.35
 74
     0
 49
6.35
 74
     0
 49
-6.35
 74
     0
  0
LTYPE
  5
E46
330
D85
100
AcDbSymbolTableRecord
100
AcDbLinetypeTableRecord
  2
CENTER2
 70
     0
  3
Center (.5x) ___ _ ___ _ ___ _ ___ _ ___ _ ___
 72
    65
 73
     4
 40
28.575
 49
19.05
 74
     0
 49
-3.175
 74
     0
 49
3.175
 74
     0
 49
-3.175
 74
     0
  0
LTYPE
  5
E47
330
D85
100
AcDbSymbolTableRecord
100
AcDbLinetypeTableRecord
  2
CENTERX2
 70
     0
  3
Center (2x) ________  __  ________  __  _____
 72
    65
 73
     4
 40
101.6
 49
63.5
 74
     0
 49
-12.7
 74
     0
 49
12.7
 74
     0
 49
-12.7
 74
     0
  0
LTYPE
  5
E48
330
D85
100
AcDbSymbolTableRecord
100
AcDbLinetypeTableRecord
  2
DASHDOT
 70
     0
  3
Dash dot __ . __ . __ . __ . __ . __ . __ . __
 72
    65
 73
     4
 40
25.4
 49
12.7
 74
     0
 49
-6.35
 74
     0
 49
0.0
 74
     0
 49
-6.35
 74
     0
  0
LTYPE
  5
E49
330
D85
100
AcDbSymbolTableRecord
100
AcDbLinetypeTableRecord
  2
DASHDOT2
 70
     0
  3
Dash dot (.5x) _._._._._._._._._._._._._._._.
 72
    65
 73
     4
 40
12.7
 49
6.35
 74
     0
 49
-3.175
 74
     0
 49
0.0
 74
     0
 49
-3.175
 74
     0
  0
LTYPE
  5
E4A
330
D85
100
AcDbSymbolTableRecord
100
AcDbLinetypeTableRecord
  2
DASHDOTX2
 70
     0
  3
Dash dot (2x) ____  .  ____  .  ____  .  ___
 72
    65
 73
     4
 40
50.8
 49
25.4
 74
     0
 49
-12.7
 74
     0
 49
0.0
 74
     0
 49
-12.7
 74
     0
  0
LTYPE
  5
E4B
330
D85
100
AcDbSymbolTableRecord
100
AcDbLinetypeTableRecord
  2
ACAD_ISO02W100
 70
     0
  3
ISO dash __ __ __ __ __ __ __ __ __ __ __ __ __
 72
    65
 73
     2
 40
15.0
 49
12.0
 74
     0
 49
-3.0
 74
     0
  0
LTYPE
  5
E4C
330
D85
100
AcDbSymbolTableRecord
100
AcDbLinetypeTableRecord
  2
ACAD_ISO03W100
 70
     0
  3
ISO dash space __    __    __    __    __    __
 72
    65
 73
     2
 40
30.0
 49
12.0
 74
     0
 49
-18.0
 74
     0
  0
LTYPE
  5
E4D
330
D85
100
AcDbSymbolTableRecord
100
AcDbLinetypeTableRecord
  2
ACAD_ISO04W100
 70
     0
  3
ISO long-dash dot ____ . ____ . ____ . ____ . _
 72
    65
 73
     4
 40
30.0
 49
24.0
 74
     0
 49
-3.0
 74
     0
 49
0.0
 74
     0
 49
-3.0
 74
     0
  0
LTYPE
  5
E4E
330
D85
100
AcDbSymbolTableRecord
100
AcDbLinetypeTableRecord
  2
ACAD_ISO05W100
 70
     0
  3
ISO long-dash double-dot ____ .. ____ .. ____ . 
 72
    65
 73
     6
 40
33.0
 49
24.0
 74
     0
 49
-3.0
 74
     0
 49
0.0
 74
     0
 49
-3.0
 74
     0
 49
0.0
 74
     0
 49
-3.0
 74
     0
  0
LTYPE
  5
E4F
330
D85
100
AcDbSymbolTableRecord
100
AcDbLinetypeTableRecord
  2
ACAD_ISO06W100
 70
     0
  3
ISO long-dash triple-dot ____ ... ____ ... ____
 72
    65
 73
     8
 40
36.0
 49
24.0
 74
     0
 49
-3.0
 74
     0
 49
0.0
 74
     0
 49
-3.0
 74
     0
 49
0.0
 74
     0
 49
-3.0
 74
     0
 49
0.0
 74
     0
 49
-3.0
 74
     0
  0
LTYPE
  5
E50
330
D85
100
AcDbSymbolTableRecord
100
AcDbLinetypeTableRecord
  2
ACAD_ISO07W100
 70
     0
  3
ISO dot . . . . . . . . . . . . . . . . . . . . 
 72
    65
 73
     2
 40
3.0
 49
0.0
 74
     0
 49
-3.0
 74
     0
  0
LTYPE
  5
E51
330
D85
100
AcDbSymbolTableRecord
100
AcDbLinetypeTableRecord
  2
ACAD_ISO08W100
 70
     0
  3
ISO long-dash short-dash ____ __ ____ __ ____ _
 72
    65
 73
     4
 40
36.0
 49
24.0
 74
     0
 49
-3.0
 74
     0
 49
6.0
 74
     0
 49
-3.0
 74
     0
  0
LTYPE
  5
E52
330
D85
100
AcDbSymbolTableRecord
100
AcDbLinetypeTableRecord
  2
ACAD_ISO09W100
 70
     0
  3
ISO long-dash double-short-dash ____ __ __ ____
 72
    65
 73
     6
 40
45.0
 49
24.0
 74
     0
 49
-3.0
 74
     0
 49
6.0
 74
     0
 49
-3.0
 74
     0
 49
6.0
 74
     0
 49
-3.0
 74
     0
  0
LTYPE
  5
E53
330
D85
100
AcDbSymbolTableRecord
100
AcDbLinetypeTableRecord
  2
HIDDENX2
 70
     0
  3
Hidden (2x) ____ ____ ____ ____ ____ ____ ____ 
 72
    65
 73
     2
 40
19.05
 49
12.7
 74
     0
 49
-6.35
 74
     0
  0
LTYPE
  5
E54
330
D85
100
AcDbSymbolTableRecord
100
AcDbLinetypeTableRecord
  2
HOT_WATER_SUPPLY
 70
     0
  3
Hot water supply ---- HW ---- HW ---- HW ----
 72
    65
 73
     3
 40
22.86
 49
12.7
 74
     0
 49
-5.08
 74
     2
 75
     0
340
E37
 46
2.54
 50
0.0
 44
-2.54
 45
-1.27
  9
HW
 49
-5.08
 74
     0
  0
ENDTAB
  0
TABLE
  2
LAYER
  5
D83
330
0
100
AcDbSymbolTable
 70
     9
  0
LAYER
  5
D90
330
D83
100
AcDbSymbolTableRecord
100
AcDbLayerTableRecord
  2
0
 70
     0
 62
    18
420
        0
  6
Continuous
370
    70
390
D8F
347
DC5
348
0
  0
LAYER
  5
E55
330
D83
100
AcDbSymbolTableRecord
100
AcDbLayerTableRecord
  2
Arc
 70
     0
 62
     1
  6
DOT2
370
    70
390
D8F
347
DC5
348
0
  0
LAYER
  5
E56
330
D83
100
AcDbSymbolTableRecord
100
AcDbLayerTableRecord
  2
Defpoints
 70
     0
 62
     7
  6
Continuous
290
     0
370
    -3
390
D8F
347
DC5
348
0
  0
LAYER
  5
E57
330
D83
100
AcDbSymbolTableRecord
100
AcDbLayerTableRecord
  2
Dimensions
 70
     0
 62
     5
  6
Continuous
370
    40
390
D8F
347
DC5
348
0
1001
QCAD
1000
snappable:0
  0
LAYER
  5
E58
330
D83
100
AcDbSymbolTableRecord
100
AcDbLayerTableRecord
  2
Hidden
 70
     0
 62
     8
420
  7368823
  6
DOT2
370
    70
390
D8F
347
DC5
348
0
  0
LAYER
  5
E59
330
D83
100
AcDbSymbolTableRecord
100
AcDbLayerTableRecord
  2
Labels
 70
     0
 62
    96
420
    32768
  6
Continuous
370
    50
390
D8F
347
DC5
348
0
  0
LAYER
  5
E5A
330
D83
100
AcDbSymbolTableRecord
100
AcDbLayerTableRecord
  2
LED Strip
 70
     0
 62
   212
420
 13175244
  6
Continuous
370
    30
390
D8F
347
DC5
348
0
  0
LAYER
  5
E5B
330
D83
100
AcDbSymbolTableRecord
100
AcDbLayerTableRecord
  2
LED Strip ... LED Wires
 70
     0
 62
     6
  6
Continuous
370
     5
390
D8F
347
DC5
348
0
  0
LAYER
  5
E5C
330
D83
100
AcDbSymbolTableRecord
100
AcDbLayerTableRecord
  2
Panel
 70
     0
 62
   132
420
   839119
  6
Continuous
370
    25
390
D8F
347
DC5
348
0
  0
ENDTAB
  0
TABLE
  2
STYLE
  5
D84
330
0
100
AcDbSymbolTable
 70
     6
  0
STYLE
  5
D91
330
D84
100
AcDbSymbolTableRecord
100
AcDbTextStyleTableRecord
  2
Standard
 70
     0
 40
0.0
 41
1.0
 50
0.0
 71
     0
 42
0.2
  3
txt
  4

  0
STYLE
  5
E21
330
D84
100
AcDbSymbolTableRecord
100
AcDbTextStyleTableRecord
  2
QCADDimTextStyle
 70
     0
 40
0.0
 41
1.0
 50
0.0
 71
     0
 42
0.2
  3
Arial Black.ttf
  4

1001
ACAD
1000
Arial Black
1071
        0
  0
STYLE
  5
E26
330
D84
100
AcDbSymbolTableRecord
100
AcDbTextStyleTableRecord
  2
textstyle0
 70
     0
 40
0.0
 41
1.0
 50
0.0
 71
     0
 42
0.2
  3
ltypeshp.shx
  4

  0
STYLE
  5
E32
330
D84
100
AcDbSymbolTableRecord
100
AcDbTextStyleTableRecord
  2
textstyle1
 70
     0
 40
0.0
 41
1.0
 50
0.0
 71
     0
 42
0.2
  3
qcadshp.shx
  4

  0
STYLE
  5
E37
330
D84
100
AcDbSymbolTableRecord
100
AcDbTextStyleTableRecord
  2
textstyle2
 70
     0
 40
0.0
 41
1.0
 50
0.0
 71
     0
 42
0.2
  3
STANDARD
  4

  0
STYLE
  5
E5F
330
D84
100
AcDbSymbolTableRecord
100
AcDbTextStyleTableRecord
  2
textstyle3
 70
     0
 40
0.0
 41
1.0
 50
0.0
 71
     0
 42
0.2
  3
Arial.ttf
  4

1001
ACAD
1000
Arial
1071
        0
  0
ENDTAB
  0
TABLE
  2
VIEW
  5
D86
330
0
100
AcDbSymbolTable
 70
     0
  0
ENDTAB
  0
TABLE
  2
UCS
  5
D87
330
0
100
AcDbSymbolTable
 70
     0
  0
ENDTAB
  0
TABLE
  2
APPID
  5
D89
330
0
100
AcDbSymbolTable
 70
     2
  0
APPID
  5
D92
330
D89
100
AcDbSymbolTableRecord
100
AcDbRegAppTableRecord
  2
ACAD
 70
     0
  0
APPID
  5
DDD
330
D89
100
AcDbSymbolTableRecord
100
AcDbRegAppTableRecord
  2
QCAD
 70
     0
  0
ENDTAB
  0
TABLE
  2
DIMSTYLE
  5
D8A
330
0
100
AcDbSymbolTable
 70
     2
100
AcDbDimStyleTable
  0
DIMSTYLE
105
DA6
330
D8A
100
AcDbSymbolTableRecord
100
AcDbDimStyleTableRecord
  2
Standard
 70
     0
178
     0
340
D91
  0
DIMSTYLE
105
E22
102
{ACAD_REACTORS
330
4B4
330
C5B
330
4B5
330
C5C
330
4B6
330
C5D
330
C5E
330
C5F
330
4BA
330
4BB
330
4BC
330
C62
330
4C3
330
C2A
330
4C4
330
4CB
330
4CC
330
A5D
330
A5F
330
C3F
330
A60
330
C40
330
A61
330
C41
330
A62
330
C42
330
A63
330
A64
330
A65
330
A67
330
A68
330
A69
330
C45
330
C46
330
C47
330
C48
330
D72
330
D73
330
D74
330
D75
330
D76
330
D77
330
D78
102
}
330
D8A
100
AcDbSymbolTableRecord
100
AcDbDimStyleTableRecord
  2
QCADDimStyle
 70
     0
 41
2.0
 42
0.625
 43
2.0
 44
1.0
 73
     0
 77
     1
 78
     8
 79
     2
140
2.0
147
1.0
178
   256
279
     2
340
E21
  0
ENDTAB
  0
TABLE
  2
BLOCK_RECORD
  5
D82
330
0
100
AcDbSymbolTable
 70
     0
  0
BLOCK_RECORD
  5
D9E
330
D82
100
AcDbSymbolTableRecord
100
AcDbBlockTableRecord
  2
*Model_Space
340
DA1
 70
     0
280
     1
281
     0
  0
BLOCK_RECORD
  5
D9A
330
D82
100
AcDbSymbolTableRecord
100
AcDbBlockTableRecord
  2
*Paper_Space
340
D9D
 70
     0
280
     1
281
     0
  0
ENDTAB
  0
ENDSEC
  0
SECTION
  2
BLOCKS
  0
BLOCK
  5
D9F
330
D9E
100
AcDbEntity
  8
0
100
AcDbBlockBegin
  2
*Model_Space
 70
     0
 10
0.0
 20
0.0
 30
0.0
  3
*Model_Space
  1

  0
ENDBLK
  5
DA0
330
D9E
100
AcDbEntity
  8
0
100
AcDbBlockEnd
  0
BLOCK
  5
D9B
330
D9A
100
AcDbEntity
 67
     1
  8
0
100
AcDbBlockBegin
  2
*Paper_Space
 70
     0
 10
0.0
 20
0.0
 30
0.0
  3
*Paper_Space
  1

  0
ENDBLK
  5
D9C
330
D9A
100
AcDbEntity
 67
     1
  8
0
100
AcDbBlockEnd
  0
ENDSEC
  0
SECTION
  2
ENTITIES
  0
LINE
  5
2F5
330
D9E
100
AcDbEntity
  8
0
100
AcDbLine
 10
85.0
 20
58.0
 30
0.0
 11
85.0
 21
28.0
 31
0.0
  0
LINE
  5
C49
330
D9E
100
AcDbEntity
  8
0
100
AcDbLine
 10
348.6558799454298
 20
62.08526603001364
 30
0.0
 11
348.6558799454298
 21
32.08526603001364
 31
0.0
  0
LINE
  5
2F6
330
D9E
100
AcDbEntity
  8
0
100
AcDbLine
 10
85.0
 20
28.0
 30
0.0
 11
77.0
 21
28.0
 31
0.0
  0
LINE
  5
C4A
330
D9E
100
AcDbEntity
  8
0
100
AcDbLine
 10
348.6558799454298
 20
32.08526603001364
 30
0.0
 11
340.6558799454298
 21
32.08526603001364
 31
0.0
  0
LINE
  5
C4B
330
D9E
100
AcDbEntity
  8
Hidden
 48
0.5
100
AcDbLine
 10
340.6558799454298
 20
42.08526603001364
 30
0.0
 11
343.6558799454298
 21
42.08526603001364
 31
0.0
  0
LINE
  5
C4C
330
D9E
100
AcDbEntity
  8
Hidden
 48
0.5
100
AcDbLine
 10
343.6558799454298
 20
42.08526603001364
 30
0.0
 11
343.6558799454298
 21
52.08526603001364
 31
0.0
  0
LINE
  5
C4D
330
D9E
100
AcDbEntity
  8
Hidden
 48
0.5
100
AcDbLine
 10
343.6558799454298
 20
52.08526603001364
 30
0.0
 11
340.6558799454298
 21
52.08526603001364
 31
0.0
  0
LINE
  5
2FC
330
D9E
100
AcDbEntity
  8
0
100
AcDbLine
 10
77.0
 20
58.0
 30
0.0
 11
85.0
 21
58.0
 31
0.0
  0
LINE
  5
C4E
330
D9E
100
AcDbEntity
  8
0
100
AcDbLine
 10
340.6558799454298
 20
62.08526603001364
 30
0.0
 11
348.6558799454298
 21
62.08526603001364
 31
0.0
  0
LINE
  5
302
330
D9E
100
AcDbEntity
  8
0
100
AcDbLine
 10
71.0
 20
58.0
 30
0.0
 11
63.0
 21
58.0
 31
0.0
  0
LINE
  5
303
330
D9E
100
AcDbEntity
  8
0
100
AcDbLine
 10
63.0
 20
58.0
 30
0.0
 11
63.0
 21
28.0
 31
0.0
  0
LINE
  5
304
330
D9E
100
AcDbEntity
  8
0
100
AcDbLine
 10
63.0
 20
28.0
 30
0.0
 11
71.0
 21
28.0
 31
0.0
  0
LINE
  5
2EA
330
D9E
100
AcDbEntity
  8
0
100
AcDbLine
 10
110.0
 20
58.0
 30
0.0
 11
270.0
 21
58.0
 31
0.0
  0
LINE
  5
C21
330
D9E
100
AcDbEntity
  8
0
100
AcDbLine
 10
378.5324010914052
 20
62.77762619372442
 30
0.0
 11
538.5324010914052
 21
62.77762619372442
 31
0.0
  0
LINE
  5
2EB
330
D9E
100
AcDbEntity
  8
0
100
AcDbLine
 10
270.0
 20
58.0
 30
0.0
 11
270.0
 21
28.0
 31
0.0
  0
LINE
  5
C22
330
D9E
100
AcDbEntity
  8
0
100
AcDbLine
 10
538.5324010914052
 20
62.77762619372442
 30
0.0
 11
538.5324010914052
 21
32.77762619372442
 31
0.0
  0
LINE
  5
2EC
330
D9E
100
AcDbEntity
  8
0
100
AcDbLine
 10
270.0
 20
28.0
 30
0.0
 11
110.0
 21
28.0
 31
0.0
  0
LINE
  5
C23
330
D9E
100
AcDbEntity
  8
0
100
AcDbLine
 10
538.5324010914052
 20
32.77762619372442
 30
0.0
 11
378.5324010914052
 21
32.77762619372442
 31
0.0
  0
LINE
  5
2EF
330
D9E
100
AcDbEntity
  8
0
100
AcDbLine
 10
110.0
 20
58.0
 30
0.0
 11
110.0
 21
28.0
 31
0.0
  0
LINE
  5
C24
330
D9E
100
AcDbEntity
  8
0
100
AcDbLine
 10
378.5324010914052
 20
62.77762619372442
 30
0.0
 11
378.5324010914052
 21
32.77762619372442
 31
0.0
  0
LINE
  5
305
330
D9E
100
AcDbEntity
  8
0
100
AcDbLine
 10
71.0
 20
28.0
 30
0.0
 11
77.0
 21
28.0
 31
0.0
  0
LINE
  5
306
330
D9E
100
AcDbEntity
  8
0
100
AcDbLine
 10
71.0
 20
58.0
 30
0.0
 11
71.0
 21
28.0
 31
0.0
  0
LINE
  5
307
330
D9E
100
AcDbEntity
  8
0
100
AcDbLine
 10
77.0
 20
58.0
 30
0.0
 11
77.0
 21
28.0
 31
0.0
  0
LINE
  5
C5A
330
D9E
100
AcDbEntity
  8
0
100
AcDbLine
 10
340.6558799454298
 20
62.08526603001364
 30
0.0
 11
340.6558799454298
 21
32.08526603001364
 31
0.0
  0
DIMENSION
  5
4B4
330
D9E
100
AcDbEntity
  8
Dimensions
100
AcDbDimension
280
     0
 10
88.0
 20
58.0
 30
0.0
 11
91.0
 21
53.0
 31
0.0
 70
   160
 71
     5
 42
-1.0
 73
     0
 74
     0
 75
     0
  3
QCADDimStyle
100
AcDbAlignedDimension
 13
85.0
 23
58.0
 33
0.0
 14
85.0
 24
48.0
 34
0.0
 50
90.0
100
AcDbRotatedDimension
1001
ACAD
1000
DSTYLE
1002
{
1070
   289
1070
     0
1070
    73
1070
     1
1002
}
  0
DIMENSION
  5
C5B
330
D9E
100
AcDbEntity
  8
Dimensions
100
AcDbDimension
280
     0
 10
351.6558799454298
 20
62.08526603001366
 30
0.0
 11
354.6558799454298
 21
57.08526603001364
 31
0.0
 70
   160
 71
     5
 42
-1.0
 73
     0
 74
     0
 75
     0
  3
QCADDimStyle
100
AcDbAlignedDimension
 13
348.6558799454298
 23
62.08526603001366
 33
0.0
 14
348.6558799454298
 24
52.08526603001364
 34
0.0
 50
90.0
100
AcDbRotatedDimension
1001
ACAD
1000
DSTYLE
1002
{
1070
   289
1070
     0
1070
    73
1070
     1
1002
}
  0
DIMENSION
  5
4B5
330
D9E
100
AcDbEntity
  8
Dimensions
100
AcDbDimension
280
     0
 10
88.0
 20
48.0
 30
0.0
 11
91.0
 21
43.0
 31
0.0
 70
   160
 71
     5
 42
-1.0
 73
     0
 74
     0
 75
     0
  3
QCADDimStyle
100
AcDbAlignedDimension
 13
85.0
 23
48.0
 33
0.0
 14
85.0
 24
38.0
 34
0.0
 50
90.0
100
AcDbRotatedDimension
1001
ACAD
1000
DSTYLE
1002
{
1070
   289
1070
     0
1070
    73
1070
     1
1002
}
  0
DIMENSION
  5
C5C
330
D9E
100
AcDbEntity
  8
Dimensions
100
AcDbDimension
280
     0
 10
351.6558799454298
 20
52.08526603001364
 30
0.0
 11
354.6558799454298
 21
47.08526603001366
 31
0.0
 70
   160
 71
     5
 42
-1.0
 73
     0
 74
     0
 75
     0
  3
QCADDimStyle
100
AcDbAlignedDimension
 13
348.6558799454298
 23
52.08526603001364
 33
0.0
 14
348.6558799454298
 24
42.08526603001366
 34
0.0
 50
90.0
100
AcDbRotatedDimension
1001
ACAD
1000
DSTYLE
1002
{
1070
   289
1070
     0
1070
    73
1070
     1
1002
}
  0
DIMENSION
  5
4B6
330
D9E
100
AcDbEntity
  8
Dimensions
100
AcDbDimension
280
     0
 10
88.0
 20
38.0
 30
0.0
 11
91.0
 21
33.0
 31
0.0
 70
   160
 71
     5
 42
-1.0
 73
     0
 74
     0
 75
     0
  3
QCADDimStyle
100
AcDbAlignedDimension
 13
85.0
 23
38.0
 33
0.0
 14
85.0
 24
28.0
 34
0.0
 50
90.0
100
AcDbRotatedDimension
1001
ACAD
1000
DSTYLE
1002
{
1070
   289
1070
     0
1070
   147
1040
0.0
1070
    73
1070
     1
1002
}
  0
DIMENSION
  5
C5D
330
D9E
100
AcDbEntity
  8
Dimensions
100
AcDbDimension
280
     0
 10
351.6558799454298
 20
42.08526603001366
 30
0.0
 11
354.6558799454298
 21
37.08526603001361
 31
0.0
 70
   160
 71
     5
 42
-1.0
 73
     0
 74
     0
 75
     0
  3
QCADDimStyle
100
AcDbAlignedDimension
 13
348.6558799454298
 23
42.08526603001366
 33
0.0
 14
348.6558799454297
 24
32.08526603001363
 34
0.0
 50
90.0
100
AcDbRotatedDimension
1001
ACAD
1000
DSTYLE
1002
{
1070
   289
1070
     0
1070
   147
1040
0.0
1070
    73
1070
     1
1002
}
  0
DIMENSION
  5
C5E
330
D9E
100
AcDbEntity
  8
Dimensions
100
AcDbDimension
280
     0
 10
340.6558799454297
 20
54.08526603001365
 30
0.0
 11
342.1558799454298
 21
56.08526603001365
 31
0.0
 70
    32
 71
     5
 42
-1.0
 73
     0
 74
     0
 75
     0
  3
QCADDimStyle
100
AcDbAlignedDimension
 13
340.6558799454297
 23
52.08526603001363
 33
0.0
 14
343.6558799454298
 24
52.08526603001366
 34
0.0
100
AcDbRotatedDimension
1001
ACAD
1000
DSTYLE
1002
{
1070
    41
1040
1.0
1070
   289
1070
     0
1002
}
  0
DIMENSION
  5
C5F
330
D9E
100
AcDbEntity
  8
Dimensions
100
AcDbDimension
280
     0
 10
343.6558799454298
 20
54.08526603001365
 30
0.0
 11
346.1558799454298
 21
56.08526603001365
 31
0.0
 70
    32
 71
     5
 42
-1.0
 73
     0
 74
     0
 75
     0
  3
QCADDimStyle
100
AcDbAlignedDimension
 13
343.6558799454298
 23
52.08526603001366
 33
0.0
 14
348.6558799454298
 24
52.08526603001364
 34
0.0
100
AcDbRotatedDimension
1001
ACAD
1000
DSTYLE
1002
{
1070
    41
1040
1.0
1070
   289
1070
     0
1002
}
  0
DIMENSION
  5
4BA
330
D9E
100
AcDbEntity
  8
Dimensions
100
AcDbDimension
280
     0
 10
63.0
 20
26.0
 30
0.0
 11
67.0
 21
24.0
 31
0.0
 70
    32
 71
     5
 42
-1.0
 73
     0
 74
     0
 75
     0
  3
QCADDimStyle
100
AcDbAlignedDimension
 13
63.0
 23
28.0
 33
0.0
 14
71.0
 24
28.0
 34
0.0
100
AcDbRotatedDimension
1001
ACAD
1000
DSTYLE
1002
{
1070
   289
1070
     0
1070
   147
1040
-3.0
1002
}
  0
DIMENSION
  5
4BB
330
D9E
100
AcDbEntity
  8
Dimensions
100
AcDbDimension
280
     0
 10
71.0
 20
26.0
 30
0.0
 11
74.0
 21
24.0
 31
0.0
 70
    32
 71
     5
 42
-1.0
 73
     0
 74
     0
 75
     0
  3
QCADDimStyle
100
AcDbAlignedDimension
 13
71.0
 23
28.0
 33
0.0
 14
77.0
 24
28.0
 34
0.0
100
AcDbRotatedDimension
1001
ACAD
1000
DSTYLE
1002
{
1070
   289
1070
     0
1070
   147
1040
-3.0
1002
}
  0
DIMENSION
  5
4BC
330
D9E
100
AcDbEntity
  8
Dimensions
100
AcDbDimension
280
     0
 10
77.0
 20
26.0
 30
0.0
 11
81.0
 21
24.0
 31
0.0
 70
    32
 71
     5
 42
-1.0
 73
     0
 74
     0
 75
     0
  3
QCADDimStyle
100
AcDbAlignedDimension
 13
77.0
 23
28.0
 33
0.0
 14
85.0
 24
28.0
 34
0.0
100
AcDbRotatedDimension
1001
ACAD
1000
DSTYLE
1002
{
1070
   289
1070
     0
1070
   147
1040
-3.0
1002
}
  0
DIMENSION
  5
C62
330
D9E
100
AcDbEntity
  8
Dimensions
100
AcDbDimension
280
     0
 10
340.6558799454298
 20
30.08526603001364
 30
0.0
 11
344.6558799454298
 21
28.08526603001364
 31
0.0
 70
    32
 71
     5
 42
-1.0
 73
     0
 74
     0
 75
     0
  3
QCADDimStyle
100
AcDbAlignedDimension
 13
340.6558799454298
 23
32.08526603001366
 33
0.0
 14
348.6558799454297
 24
32.08526603001363
 34
0.0
100
AcDbRotatedDimension
1001
ACAD
1000
DSTYLE
1002
{
1070
   289
1070
     0
1070
   147
1040
-3.0
1002
}
  0
MTEXT
  5
4BD
330
D9E
100
AcDbEntity
  8
Labels
100
AcDbMText
 10
74.0
 20
19.0
 30
0.0
 40
1.0
 41
0.0
 46
0.0
 71
     2
 72
     1
  1
\H5;Short Side
  7
textstyle3
 73
     1
 44
1.0
  0
MTEXT
  5
C63
330
D9E
100
AcDbEntity
  8
Labels
100
AcDbMText
 10
337.6558799454298
 20
23.08526603001365
 30
0.0
 40
1.0
 41
0.0
 46
0.0
 71
     2
 72
     1
  1
\H5;Back piece - side
  7
textstyle3
 73
     1
 44
1.0
  0
MTEXT
  5
4BE
330
D9E
100
AcDbEntity
  8
Labels
100
AcDbMText
 10
190.0
 20
19.0
 30
0.0
 40
1.0
 41
0.0
 46
0.0
 71
     2
 72
     1
  1
\H5;Long Side - Back
  7
textstyle3
 73
     1
 44
1.0
  0
MTEXT
  5
C25
330
D9E
100
AcDbEntity
  8
Labels
100
AcDbMText
 10
458.5324010914052
 20
23.77762619372439
 30
0.0
 40
1.0
 41
0.0
 46
0.0
 71
     2
 72
     1
  1
\H5;Back piece - back
  7
textstyle3
 73
     1
 44
1.0
  0
MTEXT
  5
965
330
D9E
100
AcDbEntity
  8
Labels
100
AcDbMText
 10
190.0
 20
92.96657571623467
 30
0.0
 40
1.0
 41
0.0
 46
0.0
 71
     2
 72
     1
  1
\H5;Top
  7
textstyle3
 73
     1
 44
1.0
  0
LINE
  5
4BF
330
D9E
100
AcDbEntity
  8
Hidden
 48
0.5
100
AcDbLine
 10
117.0
 20
48.0
 30
0.0
 11
260.0
 21
48.0
 31
0.0
  0
LINE
  5
C26
330
D9E
100
AcDbEntity
  8
Hidden
 48
0.5
100
AcDbLine
 10
385.5324010914052
 20
52.77762619372442
 30
0.0
 11
528.5324010914052
 21
52.77762619372442
 31
0.0
  0
LINE
  5
4C0
330
D9E
100
AcDbEntity
  8
Hidden
 48
0.5
100
AcDbLine
 10
260.0
 20
48.0
 30
0.0
 11
260.0
 21
38.0
 31
0.0
  0
LINE
  5
C27
330
D9E
100
AcDbEntity
  8
Hidden
 48
0.5
100
AcDbLine
 10
528.5324010914052
 20
52.77762619372442
 30
0.0
 11
528.5324010914052
 21
42.77762619372442
 31
0.0
  0
LINE
  5
4C1
330
D9E
100
AcDbEntity
  8
Hidden
 48
0.5
100
AcDbLine
 10
260.0
 20
38.0
 30
0.0
 11
117.0
 21
38.0
 31
0.0
  0
LINE
  5
C28
330
D9E
100
AcDbEntity
  8
Hidden
 48
0.5
100
AcDbLine
 10
528.5324010914052
 20
42.77762619372442
 30
0.0
 11
385.5324010914052
 21
42.77762619372442
 31
0.0
  0
LINE
  5
4C2
330
D9E
100
AcDbEntity
  8
Hidden
 48
0.5
100
AcDbLine
 10
117.0
 20
38.0
 30
0.0
 11
117.0
 21
48.0
 31
0.0
  0
LINE
  5
C29
330
D9E
100
AcDbEntity
  8
Hidden
 48
0.5
100
AcDbLine
 10
385.5324010914052
 20
42.77762619372442
 30
0.0
 11
385.5324010914052
 21
52.77762619372442
 31
0.0
  0
DIMENSION
  5
4C3
330
D9E
100
AcDbEntity
  8
Dimensions
100
AcDbDimension
280
     0
 10
110.0
 20
26.0
 30
0.0
 11
190.0
 21
24.0
 31
0.0
 70
    32
 71
     5
 42
-1.0
 73
     0
 74
     0
 75
     0
  3
QCADDimStyle
100
AcDbAlignedDimension
 13
110.0
 23
28.0
 33
0.0
 14
270.0
 24
28.0
 34
0.0
100
AcDbRotatedDimension
1001
ACAD
1000
DSTYLE
1002
{
1070
   289
1070
     0
1070
   147
1040
-3.0
1002
}
  0
DIMENSION
  5
C2A
330
D9E
100
AcDbEntity
  8
Dimensions
100
AcDbDimension
280
     0
 10
378.5324010914052
 20
30.77762619372432
 30
0.0
 11
458.5324010914052
 21
28.77762619372432
 31
0.0
 70
    32
 71
     5
 42
-1.0
 73
     0
 74
     0
 75
     0
  3
QCADDimStyle
100
AcDbAlignedDimension
 13
378.5324010914052
 23
32.77762619372442
 33
0.0
 14
538.5324010914052
 24
32.77762619372426
 34
0.0
100
AcDbRotatedDimension
1001
ACAD
1000
DSTYLE
1002
{
1070
   289
1070
     0
1070
   147
1040
-3.0
1002
}
  0
DIMENSION
  5
4C4
330
D9E
100
AcDbEntity
  8
Dimensions
100
AcDbDimension
280
     0
 10
120.0
 20
36.0
 30
0.0
 11
190.0
 21
34.0
 31
0.0
 70
    32
 71
     5
 42
-1.0
 73
     0
 74
     0
 75
     0
  3
QCADDimStyle
100
AcDbAlignedDimension
 13
120.0
 23
38.0
 33
0.0
 14
260.0
 24
38.0
 34
0.0
100
AcDbRotatedDimension
1001
ACAD
1000
DSTYLE
1002
{
1070
   289
1070
     0
1070
   147
1040
-3.0
1002
}
  0
LINE
  5
4C5
330
D9E
100
AcDbEntity
  8
0
100
AcDbLine
 10
110.0
 20
99.0
 30
0.0
 11
270.0
 21
99.0
 31
0.0
  0
LINE
  5
4C7
330
D9E
100
AcDbEntity
  8
0
100
AcDbLine
 10
270.0
 20
121.0
 30
0.0
 11
110.0
 21
121.0
 31
0.0
  0
LINE
  5
4C9
330
D9E
100
AcDbEntity
  8
0
100
AcDbLine
 10
110.0
 20
113.0
 30
0.0
 11
270.0
 21
113.0
 31
0.0
  0
LINE
  5
4CA
330
D9E
100
AcDbEntity
  8
0
100
AcDbLine
 10
110.0
 20
107.0
 30
0.0
 11
270.0
 21
107.0
 31
0.0
  0
DIMENSION
  5
4CB
330
D9E
100
AcDbEntity
  8
Dimensions
100
AcDbDimension
280
     0
 10
120.0
 20
36.0
 30
0.0
 11
115.0
 21
34.0
 31
0.0
 70
    32
 71
     5
 42
-1.0
 73
     0
 74
     0
 75
     0
  3
QCADDimStyle
100
AcDbAlignedDimension
 13
120.0
 23
38.0
 33
0.0
 14
110.0
 24
38.0
 34
0.0
100
AcDbRotatedDimension
1001
ACAD
1000
DSTYLE
1002
{
1070
   289
1070
     0
1070
   147
1040
-3.0
1002
}
  0
DIMENSION
  5
4CC
330
D9E
100
AcDbEntity
  8
Dimensions
100
AcDbDimension
280
     0
 10
260.0
 20
36.0
 30
0.0
 11
265.0
 21
34.0
 31
0.0
 70
    32
 71
     5
 42
-1.0
 73
     0
 74
     0
 75
     0
  3
QCADDimStyle
100
AcDbAlignedDimension
 13
260.0
 23
38.0
 33
0.0
 14
270.0
 24
38.0
 34
0.0
100
AcDbRotatedDimension
1001
ACAD
1000
DSTYLE
1002
{
1070
   289
1070
     0
1070
   147
1040
-3.0
1002
}
  0
LINE
  5
4CD
330
D9E
100
AcDbEntity
  8
Hidden
 48
0.5
100
AcDbLine
 10
120.0
 20
38.0
 30
0.0
 11
120.0
 21
28.0
 31
0.0
  0
LINE
  5
4CE
330
D9E
100
AcDbEntity
  8
Hidden
 48
0.5
100
AcDbLine
 10
120.0
 20
48.0
 30
0.0
 11
120.0
 21
58.0
 31
0.0
  0
LINE
  5
4D3
330
D9E
100
AcDbEntity
  8
0
100
AcDbLine
 10
71.0
 20
58.0
 30
0.0
 11
77.0
 21
58.0
 31
0.0
  0
LINE
  5
4D4
330
D9E
100
AcDbEntity
  8
Hidden
 48
0.5
100
AcDbLine
 10
260.0
 20
48.0
 30
0.0
 11
260.0
 21
58.0
 31
0.0
  0
LINE
  5
4D5
330
D9E
100
AcDbEntity
  8
Hidden
 48
0.5
100
AcDbLine
 10
260.0
 20
38.0
 30
0.0
 11
260.0
 21
28.0
 31
0.0
  0
MTEXT
  5
5BC
330
D9E
100
AcDbEntity
  8
Labels
100
AcDbMText
 10
166.9079449978396
 20
-18.37632883707673
 30
0.0
 40
1.0
 41
0.0
 46
0.0
 71
     5
 72
     1
  1
\H10;Assembled Views
  7
textstyle3
 73
     1
 44
1.0
  0
LINE
  5
5BE
330
D9E
100
AcDbEntity
  8
0
100
AcDbLine
 10
260.0
 20
113.0
 30
0.0
 11
260.0
 21
107.0
 31
0.0
  0
LINE
  5
5BF
330
D9E
100
AcDbEntity
  8
Hidden
 48
0.5
100
AcDbLine
 10
117.0
 20
104.0
 30
0.0
 11
117.0
 21
116.0
 31
0.0
  0
LINE
  5
5C1
330
D9E
100
AcDbEntity
  8
Hidden
 48
0.5
100
AcDbLine
 10
117.0
 20
104.0
 30
0.0
 11
260.0
 21
104.0
 31
0.0
  0
LINE
  5
5C2
330
D9E
100
AcDbEntity
  8
Hidden
 48
0.5
100
AcDbLine
 10
260.0
 20
104.0
 30
0.0
 11
260.0
 21
107.0
 31
0.0
  0
LINE
  5
5C3
330
D9E
100
AcDbEntity
  8
Hidden
 48
0.5
100
AcDbLine
 10
260.0
 20
113.0
 30
0.0
 11
260.0
 21
116.0
 31
0.0
  0
LINE
  5
5C4
330
D9E
100
AcDbEntity
  8
Hidden
 48
0.5
100
AcDbLine
 10
260.0
 20
116.0
 30
0.0
 11
117.0
 21
116.0
 31
0.0
  0
LINE
  5
5D0
330
D9E
100
AcDbEntity
  8
Hidden
 48
0.5
100
AcDbLine
 10
85.0
 20
38.0
 30
0.0
 11
85.0
 21
46.0
 31
0.0
  0
LINE
  5
C69
330
D9E
100
AcDbEntity
  8
Hidden
 48
0.5
100
AcDbLine
 10
348.6558799454298
 20
42.08526603001364
 30
0.0
 11
348.6558799454298
 21
50.08526603001364
 31
0.0
  0
LINE
  5
C6A
330
D9E
100
AcDbEntity
  8
Hidden
 48
0.5
100
AcDbLine
 10
343.6558799454298
 20
42.08526603001364
 30
0.0
 11
348.6558799454298
 21
42.08526603001364
 31
0.0
  0
LINE
  5
C6B
330
D9E
100
AcDbEntity
  8
Hidden
 48
0.5
100
AcDbLine
 10
348.6558799454298
 20
52.08526603001364
 30
0.0
 11
343.6558799454298
 21
52.08526603001364
 31
0.0
  0
LINE
  5
5D6
330
D9E
100
AcDbEntity
  8
0
100
AcDbLine
 10
117.0
 20
38.0
 30
0.0
 11
127.0
 21
38.0
 31
0.0
  0
LINE
  5
C32
330
D9E
100
AcDbEntity
  8
0
100
AcDbLine
 10
385.5324010914052
 20
42.77762619372442
 30
0.0
 11
395.5324010914052
 21
42.77762619372442
 31
0.0
  0
LINE
  5
5D7
330
D9E
100
AcDbEntity
  8
0
100
AcDbLine
 10
127.0
 20
38.0
 30
0.0
 11
127.0
 21
48.0
 31
0.0
  0
LINE
  5
C33
330
D9E
100
AcDbEntity
  8
0
100
AcDbLine
 10
395.5324010914052
 20
42.77762619372442
 30
0.0
 11
395.5324010914052
 21
52.77762619372442
 31
0.0
  0
LINE
  5
5D8
330
D9E
100
AcDbEntity
  8
0
100
AcDbLine
 10
127.0
 20
48.0
 30
0.0
 11
117.0
 21
48.0
 31
0.0
  0
LINE
  5
C34
330
D9E
100
AcDbEntity
  8
0
100
AcDbLine
 10
395.5324010914052
 20
52.77762619372442
 30
0.0
 11
385.5324010914052
 21
52.77762619372442
 31
0.0
  0
LINE
  5
5D9
330
D9E
100
AcDbEntity
  8
0
100
AcDbLine
 10
117.0
 20
48.0
 30
0.0
 11
117.0
 21
38.0
 31
0.0
  0
LINE
  5
C35
330
D9E
100
AcDbEntity
  8
0
100
AcDbLine
 10
385.5324010914052
 20
52.77762619372442
 30
0.0
 11
385.5324010914052
 21
42.77762619372442
 31
0.0
  0
LINE
  5
5DA
330
D9E
100
AcDbEntity
  8
LED Strip
100
AcDbLine
 10
120.5
 20
38.5
 30
0.0
 11
259.5
 21
39.0
 31
0.0
  0
LINE
  5
5DB
330
D9E
100
AcDbEntity
  8
LED Strip
100
AcDbLine
 10
120.5
 20
38.5
 30
0.0
 11
120.5
 21
40.5
 31
0.0
  0
LINE
  5
5DC
330
D9E
100
AcDbEntity
  8
LED Strip
100
AcDbLine
 10
120.5
 20
40.5
 30
0.0
 11
259.5
 21
40.5
 31
0.0
  0
LINE
  5
5DD
330
D9E
100
AcDbEntity
  8
LED Strip
100
AcDbLine
 10
259.5
 20
40.5
 30
0.0
 11
259.5
 21
39.0
 31
0.0
  0
LINE
  5
5E2
330
D9E
100
AcDbEntity
  8
LED Strip ... LED Wires
100
AcDbLine
 10
120.5
 20
38.99999999999999
 30
0.0
 11
117.5
 21
38.99999999999999
 31
0.0
  0
LINE
  5
5E3
330
D9E
100
AcDbEntity
  8
LED Strip ... LED Wires
100
AcDbLine
 10
117.5
 20
38.99999999999999
 30
0.0
 11
117.5
 21
38.49999999999999
 31
0.0
  0
LINE
  5
C3B
330
D9E
100
AcDbEntity
  8
LED Strip ... LED Wires
100
AcDbLine
 10
386.0324010914052
 20
43.77762619372442
 30
0.0
 11
386.0324010914052
 21
43.27762619372442
 31
0.0
  0
LINE
  5
5E6
330
D9E
100
AcDbEntity
  8
LED Strip ... LED Wires
100
AcDbLine
 10
120.5000000000022
 20
38.50000000000001
 30
0.0
 11
120.5
 21
38.99999999999999
 31
0.0
  0
LINE
  5
C3C
330
D9E
100
AcDbEntity
  8
LED Strip ... LED Wires
100
AcDbLine
 10
389.0324010914074
 20
43.27762619372443
 30
0.0
 11
389.0324010914052
 21
43.77762619372442
 31
0.0
  0
LINE
  5
879
330
D9E
100
AcDbEntity
  8
Hidden
 48
0.5
100
AcDbLine
 10
127.0
 20
107.0
 30
0.0
 11
127.0
 21
104.0
 31
0.0
  0
LINE
  5
951
330
D9E
100
AcDbEntity
  8
LED Strip
100
AcDbLine
 10
120.5
 20
115.5
 30
0.0
 11
120.5
 21
104.5
 31
0.0
  0
LINE
  5
952
330
D9E
100
AcDbEntity
  8
LED Strip
100
AcDbLine
 10
120.5
 20
115.5
 30
0.0
 11
259.5
 21
115.5
 31
0.0
  0
LINE
  5
953
330
D9E
100
AcDbEntity
  8
LED Strip
100
AcDbLine
 10
120.5
 20
104.5
 30
0.0
 11
259.5
 21
104.5
 31
0.0
  0
LINE
  5
954
330
D9E
100
AcDbEntity
  8
LED Strip
100
AcDbLine
 10
253.5
 20
115.5
 30
0.0
 11
253.5
 21
104.5
 31
0.0
  0
LINE
  5
955
330
D9E
100
AcDbEntity
  8
LED Strip ... LED Wires
100
AcDbLine
 10
120.5
 20
108.5
 30
0.0
 11
118.0
 21
108.5
 31
0.0
  0
LINE
  5
956
330
D9E
100
AcDbEntity
  8
LED Strip ... LED Wires
100
AcDbLine
 10
120.5
 20
109.0
 30
0.0
 11
117.5
 21
109.0
 31
0.0
  0
LINE
  5
957
330
D9E
100
AcDbEntity
  8
Hidden
 48
0.5
100
AcDbLine
 10
117.0
 20
104.0
 30
0.0
 11
117.0
 21
99.0
 31
0.0
  0
LINE
  5
958
330
D9E
100
AcDbEntity
  8
Hidden
 48
0.5
100
AcDbLine
 10
127.0
 20
104.0
 30
0.0
 11
127.0
 21
99.0
 31
0.0
  0
LINE
  5
959
330
D9E
100
AcDbEntity
  8
LED Strip ... LED Wires
100
AcDbLine
 10
117.5
 20
109.0
 30
0.0
 11
117.5
 21
93.99999999999999
 31
0.0
  0
LINE
  5
95A
330
D9E
100
AcDbEntity
  8
LED Strip ... LED Wires
100
AcDbLine
 10
118.0
 20
108.5
 30
0.0
 11
118.0
 21
94.0
 31
0.0
  0
LINE
  5
95B
330
D9E
100
AcDbEntity
  8
LED Strip ... LED Wires
100
AcDbLine
 10
118.0
 20
94.0
 30
0.0
 11
117.5
 21
93.99999999999999
 31
0.0
  0
LINE
  5
95C
330
D9E
100
AcDbEntity
  8
LED Strip ... LED Wires
100
AcDbLine
 10
120.5
 20
109.0
 30
0.0
 11
120.5
 21
108.5
 31
0.0
  0
HATCH
  5
977
330
D9E
100
AcDbEntity
  8
LED Strip ... LED Wires
440
 33554687
100
AcDbHatch
 10
0.0
 20
0.0
 30
0.0
210
0.0
220
0.0
230
1.0
  2
HEX
 70
     0
 71
     0
 91
        1
 92
        0
 93
        6
 72
     1
 10
118.0
 20
94.0
 11
117.5
 21
93.99999999999999
 72
     1
 10
117.5
 20
93.99999999999999
 11
117.5
 21
109.0
 72
     1
 10
117.5
 20
109.0
 11
120.5
 21
109.0
 72
     1
 10
120.5
 20
109.0
 11
120.5
 21
108.5
 72
     1
 10
120.5
 20
108.5
 11
118.0
 21
108.5
 72
     1
 10
118.0
 20
108.5
 11
118.0
 21
94.0
 97
        0
 75
     0
 76
     0
 52
0.0
 41
0.01
 77
     0
 78
     3
 53
0.0
 43
0.0
 44
0.0
 45
0.0
 46
0.054992613154
 79
     2
 49
0.03175
 49
-0.0635
 53
120.0
 43
0.0
 44
0.0
 45
-0.0476250000118543
 46
-0.027496306577
 79
     2
 49
0.03175
 49
-0.0635
 53
60.0
 43
0.03175
 44
0.0
 45
-0.0476250000118543
 46
0.027496306577
 79
     2
 49
0.03175
 49
-0.0635
 98
        0
1001
ACAD
1010
0.0
1020
0.0
1030
0.0
  0
LINE
  5
961
330
D9E
100
AcDbEntity
  8
LED Strip ... LED Wires
100
AcDbLine
 10
117.5
 20
38.49999999999999
 30
0.0
 11
120.5000000000022
 21
38.50000000000002
 31
0.0
  0
LINE
  5
C3D
330
D9E
100
AcDbEntity
  8
LED Strip ... LED Wires
100
AcDbLine
 10
386.0324010914052
 20
43.27762619372442
 30
0.0
 11
389.0324010914074
 21
43.27762619372444
 31
0.0
  0
HATCH
  5
978
330
D9E
100
AcDbEntity
  8
LED Strip ... LED Wires
440
 33554687
100
AcDbHatch
 10
0.0
 20
0.0
 30
0.0
210
0.0
220
0.0
230
1.0
  2
HEX
 70
     0
 71
     0
 91
        1
 92
        0
 93
        4
 72
     1
 10
120.5000000000022
 20
38.50000000000001
 11
120.5
 21
38.99999999999999
 72
     1
 10
120.5
 20
38.99999999999999
 11
117.5
 21
38.99999999999999
 72
     1
 10
117.5
 20
38.99999999999999
 11
117.5
 21
38.49999999999999
 72
     1
 10
117.5
 20
38.49999999999999
 11
120.5000000000022
 21
38.50000000000001
 97
        0
 75
     0
 76
     0
 52
0.0
 41
0.01
 77
     0
 78
     3
 53
0.0
 43
0.0
 44
0.0
 45
0.0
 46
0.054992613154
 79
     2
 49
0.03175
 49
-0.0635
 53
120.0
 43
0.0
 44
0.0
 45
-0.0476250000118543
 46
-0.027496306577
 79
     2
 49
0.03175
 49
-0.0635
 53
60.0
 43
0.03175
 44
0.0
 45
-0.0476250000118543
 46
0.027496306577
 79
     2
 49
0.03175
 49
-0.0635
 98
        0
1001
ACAD
1010
0.0
1020
0.0
1030
0.0
  0
LINE
  5
A54
330
D9E
100
AcDbEntity
  8
0
100
AcDbLine
 10
110.0
 20
121.0
 30
0.0
 11
110.0
 21
113.0
 31
0.0
  0
LINE
  5
A56
330
D9E
100
AcDbEntity
  8
0
100
AcDbLine
 10
110.0
 20
113.0
 30
0.0
 11
110.0
 21
107.0
 31
0.0
  0
LINE
  5
A57
330
D9E
100
AcDbEntity
  8
0
100
AcDbLine
 10
110.0
 20
107.0
 30
0.0
 11
110.0
 21
99.0
 31
0.0
  0
LINE
  5
A58
330
D9E
100
AcDbEntity
  8
0
100
AcDbLine
 10
270.0
 20
121.0
 30
0.0
 11
270.0
 21
113.0
 31
0.0
  0
LINE
  5
A59
330
D9E
100
AcDbEntity
  8
0
100
AcDbLine
 10
270.0
 20
113.0
 30
0.0
 11
270.0
 21
107.0
 31
0.0
  0
LINE
  5
A5A
330
D9E
100
AcDbEntity
  8
0
100
AcDbLine
 10
270.0
 20
107.0
 30
0.0
 11
270.0
 21
99.0
 31
0.0
  0
LINE
  5
A5B
330
D9E
100
AcDbEntity
  8
0
100
AcDbLine
 10
120.0
 20
113.0
 30
0.0
 11
120.0
 21
107.0
 31
0.0
  0
DIMENSION
  5
A5D
330
D9E
100
AcDbEntity
  8
Dimensions
100
AcDbDimension
280
     0
 10
60.0
 20
58.0
 30
0.0
 11
60.0
 21
43.0
 31
0.0
 70
    32
 71
     5
 42
-1.0
 73
     0
 74
     0
 75
     0
  3
QCADDimStyle
100
AcDbAlignedDimension
 13
63.0
 23
58.0
 33
0.0
 14
63.0
 24
28.0
 34
0.0
 50
90.0
100
AcDbRotatedDimension
1001
ACAD
1000
DSTYLE
1002
{
1070
   289
1070
     0
1070
    73
1070
     1
1002
}
  0
DIMENSION
  5
A5F
330
D9E
100
AcDbEntity
  8
Dimensions
100
AcDbDimension
280
     0
 10
107.0
 20
58.0
 30
0.0
 11
107.0
 21
43.0
 31
0.0
 70
    32
 71
     5
 42
-1.0
 73
     0
 74
     0
 75
     0
  3
QCADDimStyle
100
AcDbAlignedDimension
 13
110.0
 23
58.0
 33
0.0
 14
110.0
 24
28.0
 34
0.0
 50
90.0
100
AcDbRotatedDimension
1001
ACAD
1000
DSTYLE
1002
{
1070
   289
1070
     0
1070
    73
1070
     1
1002
}
  0
DIMENSION
  5
C3F
330
D9E
100
AcDbEntity
  8
Dimensions
100
AcDbDimension
280
     0
 10
375.5324010914052
 20
62.77762619372442
 30
0.0
 11
375.5324010914052
 21
47.77762619372442
 31
0.0
 70
    32
 71
     5
 42
-1.0
 73
     0
 74
     0
 75
     0
  3
QCADDimStyle
100
AcDbAlignedDimension
 13
378.5324010914052
 23
62.77762619372442
 33
0.0
 14
378.5324010914052
 24
32.77762619372442
 34
0.0
 50
90.0
100
AcDbRotatedDimension
1001
ACAD
1000
DSTYLE
1002
{
1070
   289
1070
     0
1070
    73
1070
     1
1002
}
  0
DIMENSION
  5
A60
330
D9E
100
AcDbEntity
  8
Dimensions
100
AcDbDimension
280
     0
 10
273.0
 20
58.0
 30
0.0
 11
276.0
 21
53.0
 31
0.0
 70
   160
 71
     5
 42
-1.0
 73
     0
 74
     0
 75
     0
  3
QCADDimStyle
100
AcDbAlignedDimension
 13
270.0
 23
58.0
 33
0.0
 14
270.0
 24
48.0
 34
0.0
 50
90.0
100
AcDbRotatedDimension
1001
ACAD
1000
DSTYLE
1002
{
1070
   289
1070
     0
1070
    73
1070
     1
1002
}
  0
DIMENSION
  5
C40
330
D9E
100
AcDbEntity
  8
Dimensions
100
AcDbDimension
280
     0
 10
541.5324010914052
 20
62.77762619372449
 30
0.0
 11
544.5324010914052
 21
57.77762619372431
 31
0.0
 70
   160
 71
     5
 42
-1.0
 73
     0
 74
     0
 75
     0
  3
QCADDimStyle
100
AcDbAlignedDimension
 13
538.5324010914052
 23
62.77762619372449
 33
0.0
 14
538.5324010914052
 24
52.77762619372432
 34
0.0
 50
90.0
100
AcDbRotatedDimension
1001
ACAD
1000
DSTYLE
1002
{
1070
   289
1070
     0
1070
    73
1070
     1
1002
}
  0
DIMENSION
  5
A61
330
D9E
100
AcDbEntity
  8
Dimensions
100
AcDbDimension
280
     0
 10
273.0
 20
48.0
 30
0.0
 11
276.0
 21
43.0
 31
0.0
 70
   160
 71
     5
 42
-1.0
 73
     0
 74
     0
 75
     0
  3
QCADDimStyle
100
AcDbAlignedDimension
 13
270.0
 23
48.0
 33
0.0
 14
270.0
 24
38.0
 34
0.0
 50
90.0
100
AcDbRotatedDimension
1001
ACAD
1000
DSTYLE
1002
{
1070
   289
1070
     0
1070
    73
1070
     1
1002
}
  0
DIMENSION
  5
C41
330
D9E
100
AcDbEntity
  8
Dimensions
100
AcDbDimension
280
     0
 10
541.5324010914052
 20
52.77762619372432
 30
0.0
 11
544.5324010914052
 21
47.77762619372432
 31
0.0
 70
   160
 71
     5
 42
-1.0
 73
     0
 74
     0
 75
     0
  3
QCADDimStyle
100
AcDbAlignedDimension
 13
538.5324010914052
 23
52.77762619372432
 33
0.0
 14
538.5324010914052
 24
42.77762619372432
 34
0.0
 50
90.0
100
AcDbRotatedDimension
1001
ACAD
1000
DSTYLE
1002
{
1070
   289
1070
     0
1070
    73
1070
     1
1002
}
  0
DIMENSION
  5
A62
330
D9E
100
AcDbEntity
  8
Dimensions
100
AcDbDimension
280
     0
 10
273.0
 20
38.0
 30
0.0
 11
276.0
 21
33.0
 31
0.0
 70
   160
 71
     5
 42
-1.0
 73
     0
 74
     0
 75
     0
  3
QCADDimStyle
100
AcDbAlignedDimension
 13
270.0
 23
38.0
 33
0.0
 14
270.0
 24
28.0
 34
0.0
 50
90.0
100
AcDbRotatedDimension
1001
ACAD
1000
DSTYLE
1002
{
1070
   289
1070
     0
1070
    73
1070
     1
1002
}
  0
DIMENSION
  5
C42
330
D9E
100
AcDbEntity
  8
Dimensions
100
AcDbDimension
280
     0
 10
541.5324010914052
 20
42.77762619372432
 30
0.0
 11
544.5324010914052
 21
37.77762619372436
 31
0.0
 70
   160
 71
     5
 42
-1.0
 73
     0
 74
     0
 75
     0
  3
QCADDimStyle
100
AcDbAlignedDimension
 13
538.5324010914052
 23
42.77762619372432
 33
0.0
 14
538.5324010914052
 24
32.77762619372426
 34
0.0
 50
90.0
100
AcDbRotatedDimension
1001
ACAD
1000
DSTYLE
1002
{
1070
   289
1070
     0
1070
    73
1070
     1
1002
}
  0
DIMENSION
  5
A63
330
D9E
100
AcDbEntity
  8
Dimensions
100
AcDbDimension
280
     0
 10
107.0
 20
121.0
 30
0.0
 11
105.0
 21
117.0
 31
0.0
 70
   160
 71
     5
 42
-1.0
 73
     0
 74
     0
 75
     0
  3
QCADDimStyle
100
AcDbAlignedDimension
 13
110.0
 23
121.0
 33
0.0
 14
110.0
 24
113.0
 34
0.0
 50
90.0
100
AcDbRotatedDimension
1001
ACAD
1000
DSTYLE
1002
{
1070
    41
1040
1.5
1070
   289
1070
     0
1070
   147
1040
0.5
1070
    73
1070
     1
1002
}
  0
DIMENSION
  5
A64
330
D9E
100
AcDbEntity
  8
Dimensions
100
AcDbDimension
280
     0
 10
107.0
 20
113.0
 30
0.0
 11
105.0
 21
110.0
 31
0.0
 70
   160
 71
     5
 42
-1.0
 73
     0
 74
     0
 75
     0
  3
QCADDimStyle
100
AcDbAlignedDimension
 13
110.0
 23
113.0
 33
0.0
 14
110.0
 24
107.0
 34
0.0
 50
90.0
100
AcDbRotatedDimension
1001
ACAD
1000
DSTYLE
1002
{
1070
    41
1040
1.5
1070
   289
1070
     0
1070
    73
1070
     1
1002
}
  0
DIMENSION
  5
A65
330
D9E
100
AcDbEntity
  8
Dimensions
100
AcDbDimension
280
     0
 10
107.0
 20
107.0
 30
0.0
 11
105.0
 21
103.0
 31
0.0
 70
   160
 71
     5
 42
-1.0
 73
     0
 74
     0
 75
     0
  3
QCADDimStyle
100
AcDbAlignedDimension
 13
110.0
 23
107.0
 33
0.0
 14
110.0
 24
99.0
 34
0.0
 50
90.0
100
AcDbRotatedDimension
1001
ACAD
1000
DSTYLE
1002
{
1070
    41
1040
1.5
1070
   289
1070
     0
1070
    73
1070
     1
1002
}
  0
DIMENSION
  5
A67
330
D9E
100
AcDbEntity
  8
Dimensions
100
AcDbDimension
280
     0
 10
117.0
 20
50.0
 30
0.0
 11
122.0
 21
52.0
 31
0.0
 70
    32
 71
     5
 42
-1.0
 73
     0
 74
     0
 75
     0
  3
QCADDimStyle
100
AcDbAlignedDimension
 13
117.0
 23
48.0
 33
0.0
 14
127.0
 24
48.0
 34
0.0
100
AcDbRotatedDimension
1001
ACAD
1000
DSTYLE
1002
{
1070
   289
1070
     0
1002
}
  0
DIMENSION
  5
A68
330
D9E
100
AcDbEntity
  8
Dimensions
100
AcDbDimension
280
     0
 10
117.0
 20
50.0
 30
0.0
 11
113.5
 21
52.0
 31
0.0
 70
    32
 71
     5
 42
-1.0
 73
     0
 74
     0
 75
     0
  3
QCADDimStyle
100
AcDbAlignedDimension
 13
117.0
 23
48.0
 33
0.0
 14
110.0
 24
48.0
 34
0.0
100
AcDbRotatedDimension
1001
ACAD
1000
DSTYLE
1002
{
1070
   289
1070
     0
1002
}
  0
DIMENSION
  5
A69
330
D9E
100
AcDbEntity
  8
Dimensions
100
AcDbDimension
280
     0
 10
113.5
 20
116.0
 30
0.0
 11
113.5
 21
118.0
 31
0.0
 70
    32
 71
     5
 42
-1.0
 73
     0
 74
     0
 75
     0
  3
QCADDimStyle
100
AcDbAlignedDimension
 13
117.0
 23
116.0
 33
0.0
 14
110.0
 24
116.0
 34
0.0
100
AcDbRotatedDimension
1001
ACAD
1000
DSTYLE
1002
{
1070
   289
1070
     0
1002
}
  0
DIMENSION
  5
C45
330
D9E
100
AcDbEntity
  8
Dimensions
100
AcDbDimension
280
     0
 10
528.5324010914052
 20
55.0
 30
0.0
 11
533.5324010914052
 21
57.0
 31
0.0
 70
    32
 71
     5
 42
-1.0
 73
     0
 74
     0
 75
     0
  3
QCADDimStyle
100
AcDbAlignedDimension
 13
528.5324010914052
 23
52.77762619372442
 33
0.0
 14
538.5324010914052
 24
52.77762619372442
 34
0.0
100
AcDbRotatedDimension
1001
ACAD
1000
DSTYLE
1002
{
1070
   289
1070
     0
1002
}
  0
DIMENSION
  5
C46
330
D9E
100
AcDbEntity
  8
Dimensions
100
AcDbDimension
280
     0
 10
528.5324010914052
 20
55.0
 30
0.0
 11
462.0324010914052
 21
57.0
 31
0.0
 70
    32
 71
     5
 42
-1.0
 73
     0
 74
     0
 75
     0
  3
QCADDimStyle
100
AcDbAlignedDimension
 13
528.5324010914052
 23
52.77762619372442
 33
0.0
 14
395.5324010914052
 24
52.77762619372442
 34
0.0
100
AcDbRotatedDimension
1001
ACAD
1000
DSTYLE
1002
{
1070
   289
1070
     0
1002
}
  0
DIMENSION
  5
C47
330
D9E
100
AcDbEntity
  8
Dimensions
100
AcDbDimension
280
     0
 10
395.5324010914052
 20
55.0
 30
0.0
 11
390.5324010914052
 21
57.0
 31
0.0
 70
    32
 71
     5
 42
-1.0
 73
     0
 74
     0
 75
     0
  3
QCADDimStyle
100
AcDbAlignedDimension
 13
395.5324010914052
 23
52.77762619372443
 33
0.0
 14
385.5324010914052
 24
52.77762619372442
 34
0.0
100
AcDbRotatedDimension
1001
ACAD
1000
DSTYLE
1002
{
1070
   289
1070
     0
1002
}
  0
DIMENSION
  5
C48
330
D9E
100
AcDbEntity
  8
Dimensions
100
AcDbDimension
280
     0
 10
385.5324010914052
 20
55.0
 30
0.0
 11
382.0324010914052
 21
57.0
 31
0.0
 70
    32
 71
     5
 42
-1.0
 73
     0
 74
     0
 75
     0
  3
QCADDimStyle
100
AcDbAlignedDimension
 13
385.5324010914052
 23
52.77762619372443
 33
0.0
 14
378.5324010914052
 24
52.77762619372443
 34
0.0
100
AcDbRotatedDimension
1001
ACAD
1000
DSTYLE
1002
{
1070
   289
1070
     0
1002
}
  0
MTEXT
  5
C74
330
D9E
100
AcDbEntity
  8
Dimensions
100
AcDbMText
 10
74.0
 20
119.0
 30
0.0
 40
1.0
 41
0.0
 46
0.0
 71
     2
 72
     1
  1
\fArial|b1|i0|c0|p0;\H3;2 x sides\P\fArial|b0|i0|c0|p0;160 x 30 x 8\P\P\fArial|b1|i0|c0|p0;2 x posts\P\fArial|b0|i0|c0|p0;30 x 6 x 10\P\P\fArial|b1|i0|c0|p0;bottom\P\fArial|b0|i0|c0|p0;140 x 10 x 6\P\P
  7
textstyle3
 73
     1
 44
1.0
  0
LINE
  5
D50
330
D9E
100
AcDbEntity
  8
Hidden
 48
0.5
100
AcDbLine
 10
71.0
 20
38.0
 30
0.0
 11
77.0
 21
38.0
 31
0.0
  0
LINE
  5
D52
330
D9E
100
AcDbEntity
  8
LED Strip
100
AcDbLine
 10
74.0
 20
38.0
 30
0.0
 11
65.37329726952412
 21
46.62670273047588
 31
0.0
  0
LINE
  5
D53
330
D9E
100
AcDbEntity
  8
Panel
100
AcDbLine
 10
71.0
 20
41.0
 30
0.0
 11
71.0
 21
66.0
 31
0.0
  0
LINE
  5
D7A
330
D9E
100
AcDbEntity
  8
Panel
100
AcDbLine
 10
2.771094292164243
 20
-8.240904685514849
 30
0.0
 11
2.771094292164243
 21
16.75909531448515
 31
0.0
  0
LINE
  5
D54
330
D9E
100
AcDbEntity
  8
Panel
100
AcDbLine
 10
71.0
 20
66.0
 30
0.0
 11
74.0
 21
66.0
 31
0.0
  0
LINE
  5
D7B
330
D9E
100
AcDbEntity
  8
Panel
100
AcDbLine
 10
2.771094292164243
 20
16.75909531448515
 30
0.0
 11
5.771094292164243
 21
16.75909531448515
 31
0.0
  0
LINE
  5
D55
330
D9E
100
AcDbEntity
  8
Panel
100
AcDbLine
 10
74.0
 20
66.0
 30
0.0
 11
74.0
 21
38.0
 31
0.0
  0
LINE
  5
D7C
330
D9E
100
AcDbEntity
  8
Panel
100
AcDbLine
 10
5.771094292164243
 20
16.75909531448515
 30
0.0
 11
5.771094292164243
 21
-11.24090468551485
 31
0.0
  0
LINE
  5
D56
330
D9E
100
AcDbEntity
  8
Panel
100
AcDbLine
 10
74.0
 20
38.0
 30
0.0
 11
77.0
 21
41.0
 31
0.0
  0
LINE
  5
D7D
330
D9E
100
AcDbEntity
  8
Panel
100
AcDbLine
 10
5.771094292164243
 20
-11.24090468551485
 30
0.0
 11
8.771094292164243
 21
-8.240904685514849
 31
0.0
  0
LINE
  5
D57
330
D9E
100
AcDbEntity
  8
Panel
100
AcDbLine
 10
77.0
 20
41.0
 30
0.0
 11
77.0
 21
66.0
 31
0.0
  0
LINE
  5
D7E
330
D9E
100
AcDbEntity
  8
Panel
100
AcDbLine
 10
8.771094292164243
 20
-8.240904685514849
 30
0.0
 11
8.771094292164243
 21
16.75909531448515
 31
0.0
  0
LINE
  5
D58
330
D9E
100
AcDbEntity
  8
Panel
100
AcDbLine
 10
77.0
 20
66.0
 30
0.0
 11
74.0
 21
66.0
 31
0.0
  0
LINE
  5
D7F
330
D9E
100
AcDbEntity
  8
Panel
100
AcDbLine
 10
8.771094292164243
 20
16.75909531448515
 30
0.0
 11
5.771094292164243
 21
16.75909531448515
 31
0.0
  0
LINE
  5
D66
330
D9E
100
AcDbEntity
  8
LED Strip
100
AcDbLine
 10
-66.16421380651235
 20
52.12801329160577
 30
0.0
 11
31.43578619348768
 21
52.12801329160577
 31
0.0
  0
LINE
  5
D67
330
D9E
100
AcDbEntity
  8
LED Strip
100
AcDbLine
 10
-66.16421380651235
 20
54.8480132916058
 30
0.0
 11
31.43578619348768
 21
54.8480132916058
 31
0.0
  0
LINE
  5
D68
330
D9E
100
AcDbEntity
  8
LED Strip
100
AcDbLine
 10
-66.16421380651235
 20
52.12801329160577
 30
0.0
 11
-66.16421380651235
 21
54.8480132916058
 31
0.0
  0
LINE
  5
D69
330
D9E
100
AcDbEntity
  8
LED Strip
100
AcDbLine
 10
31.43578619348768
 20
52.12801329160577
 30
0.0
 11
31.43578619348768
 21
54.8480132916058
 31
0.0
  0
LINE
  5
D6A
330
D9E
100
AcDbEntity
  8
LED Strip
100
AcDbLine
 10
-36.96421380651233
 20
67.32801329160581
 30
0.0
 11
2.235786193487662
 21
67.32801329160581
 31
0.0
  0
LINE
  5
D6B
330
D9E
100
AcDbEntity
  8
LED Strip
100
AcDbLine
 10
-36.96421380651233
 20
54.8480132916058
 30
0.0
 11
-36.96421380651233
 21
67.32801329160581
 31
0.0
  0
LINE
  5
D6C
330
D9E
100
AcDbEntity
  8
LED Strip
100
AcDbLine
 10
2.235786193487662
 20
54.8480132916058
 30
0.0
 11
2.235786193487662
 21
67.32801329160581
 31
0.0
  0
LINE
  5
D6D
330
D9E
100
AcDbEntity
  8
LED Strip
100
AcDbLine
 10
-48.96421380651233
 20
54.8480132916058
 30
0.0
 11
-48.96421380651233
 21
61.72801329160579
 31
0.0
  0
LINE
  5
D6E
330
D9E
100
AcDbEntity
  8
LED Strip
100
AcDbLine
 10
-54.56421380651236
 20
54.8480132916058
 30
0.0
 11
-54.56421380651236
 21
61.72801329160579
 31
0.0
  0
LINE
  5
D6F
330
D9E
100
AcDbEntity
  8
LED Strip
100
AcDbLine
 10
-48.96421380651233
 20
61.72801329160579
 30
0.0
 11
-54.56421380651236
 21
61.72801329160579
 31
0.0
  0
DIMENSION
  5
D72
330
D9E
100
AcDbEntity
  8
Dimensions
100
AcDbDimension
280
     0
 10
-79.36421380651234
 20
52.12801329160578
 30
0.0
 11
-81.36421380651234
 21
59.7280132916058
 31
0.0
 70
    32
 71
     5
 42
-1.0
 73
     0
 74
     0
 75
     0
  3
QCADDimStyle
100
AcDbAlignedDimension
 13
-66.16421380651235
 23
52.12801329160578
 33
0.0
 14
-36.96421380651233
 24
67.32801329160581
 34
0.0
 50
90.0
100
AcDbRotatedDimension
1001
ACAD
1000
DSTYLE
1002
{
1070
   289
1070
     0
1070
   144
1040
0.125
1002
}
  0
DIMENSION
  5
D73
330
D9E
100
AcDbEntity
  8
Dimensions
100
AcDbDimension
280
     0
 10
-71.36421380651234
 20
61.72801329160581
 30
0.0
 11
-73.36421380651234
 21
56.92801329160579
 31
0.0
 70
    32
 71
     5
 42
-1.0
 73
     0
 74
     0
 75
     0
  3
QCADDimStyle
100
AcDbAlignedDimension
 13
-54.56421380651236
 23
61.72801329160581
 33
0.0
 14
-66.16421380651235
 24
52.12801329160578
 34
0.0
 50
90.0
100
AcDbRotatedDimension
1001
ACAD
1000
DSTYLE
1002
{
1070
   289
1070
     0
1070
   144
1040
0.125
1002
}
  0
DIMENSION
  5
D74
330
D9E
100
AcDbEntity
  8
Dimensions
100
AcDbDimension
280
     0
 10
-54.56421380651235
 20
64.0
 30
0.0
 11
-51.76421380651234
 21
66.0
 31
0.0
 70
    32
 71
     5
 42
-1.0
 73
     0
 74
     0
 75
     0
  3
QCADDimStyle
100
AcDbAlignedDimension
 13
-54.56421380651235
 23
61.72801329160579
 33
0.0
 14
-48.96421380651233
 24
61.72801329160579
 34
0.0
100
AcDbRotatedDimension
1001
ACAD
1000
DSTYLE
1002
{
1070
   289
1070
     0
1070
   144
1040
0.125
1002
}
  0
DIMENSION
  5
D75
330
D9E
100
AcDbEntity
  8
Dimensions
100
AcDbDimension
280
     0
 10
-36.96421380651233
 20
69.0
 30
0.0
 11
-17.36421380651234
 21
71.0
 31
0.0
 70
    32
 71
     5
 42
-1.0
 73
     0
 74
     0
 75
     0
  3
QCADDimStyle
100
AcDbAlignedDimension
 13
-36.96421380651233
 23
67.32801329160581
 33
0.0
 14
2.235786193487663
 24
67.32801329160581
 34
0.0
100
AcDbRotatedDimension
1001
ACAD
1000
DSTYLE
1002
{
1070
   289
1070
     0
1070
   144
1040
0.125
1002
}
  0
DIMENSION
  5
D76
330
D9E
100
AcDbEntity
  8
Dimensions
100
AcDbDimension
280
     0
 10
2.235786193487662
 20
69.0
 30
0.0
 11
16.83578619348767
 21
71.0
 31
0.0
 70
    32
 71
     5
 42
-1.0
 73
     0
 74
     0
 75
     0
  3
QCADDimStyle
100
AcDbAlignedDimension
 13
2.235786193487663
 23
67.32801329160581
 33
0.0
 14
31.43578619348768
 24
54.8480132916058
 34
0.0
100
AcDbRotatedDimension
1001
ACAD
1000
DSTYLE
1002
{
1070
   289
1070
     0
1070
   144
1040
0.125
1002
}
  0
DIMENSION
  5
D77
330
D9E
100
AcDbEntity
  8
Dimensions
100
AcDbDimension
280
     0
 10
-48.96421380651233
 20
64.0
 30
0.0
 11
-42.96421380651233
 21
66.0
 31
0.0
 70
    32
 71
     5
 42
-1.0
 73
     0
 74
     0
 75
     0
  3
QCADDimStyle
100
AcDbAlignedDimension
 13
-48.96421380651233
 23
61.72801329160579
 33
0.0
 14
-36.96421380651233
 24
61.72801329160579
 34
0.0
100
AcDbRotatedDimension
1001
ACAD
1000
DSTYLE
1002
{
1070
   289
1070
     0
1070
   144
1040
0.125
1002
}
  0
DIMENSION
  5
D78
330
D9E
100
AcDbEntity
  8
Dimensions
100
AcDbDimension
280
     0
 10
31.43578619348767
 20
50.0
 30
0.0
 11
-17.36421380651235
 21
48.0
 31
0.0
 70
    32
 71
     5
 42
-1.0
 73
     0
 74
     0
 75
     0
  3
QCADDimStyle
100
AcDbAlignedDimension
 13
31.43578619348768
 23
52.12801329160578
 33
0.0
 14
-66.16421380651236
 24
52.12801329160578
 34
0.0
100
AcDbRotatedDimension
1001
ACAD
1000
DSTYLE
1002
{
1070
   289
1070
     0
1070
   147
1040
-3.0
1070
   144
1040
0.125
1002
}
  0
LINE
  5
D80
330
D9E
100
AcDbEntity
  8
Panel
100
AcDbLine
 10
5.771094292164243
 20
-11.24090468551485
 30
0.0
 11
2.771094292164243
 21
-8.240904685514849
 31
0.0
  0
VIEWPORT
  5
E5D
330
D9A
100
AcDbEntity
 67
     1
  8
0
100
AcDbViewport
 10
128.5
 20
97.5
 30
0.0
 40
314.226
 41
222.18
 68
     1
 69
     1
 12
128.5
 22
97.5
 13
0.0
 23
0.0
 14
10.0
 24
10.0
 15
10.0
 25
10.0
 16
0.0
 26
0.0
 36
1.0
 17
0.0
 27
0.0
 37
0.0
 42
50.0
 43
0.0
 44
0.0
 45
222.18
 50
0.0
 51
0.0
 72
   100
 90
   557152
  1

281
     0
 71
     1
 74
     0
110
0.0
120
0.0
130
0.0
111
1.0
121
0.0
131
0.0
112
0.0
122
1.0
132
0.0
 79
     0
146
0.0
170
     0
 61
     5
348
DAE
292
     1
282
     1
141
0.0
142
0.0
 63
   256
361
E5E
  0
ENDSEC
  0
SECTION
  2
OBJECTS
  0
DICTIONARY
  5
D8C
330
0
100
AcDbDictionary
281
     1
  3
ACAD_DETAILVIEWSTYLE
350
E67
  3
ACAD_GROUP
350
D8D
  3
ACAD_LAYOUT
350
D99
  3
ACAD_MATERIAL
350
DC2
  3
ACAD_MLEADERSTYLE
350
DDA
  3
ACAD_MLINESTYLE
350
D96
  3
ACAD_PLOTSETTINGS
350
D98
  3
ACAD_PLOTSTYLENAME
350
D8E
  3
ACAD_SCALELIST
350
DC6
  3
ACAD_SECTIONVIEWSTYLE
350
E68
  3
ACAD_TABLESTYLE
350
DD8
  3
ACAD_VISUALSTYLE
350
DA9
  3
AcDbVariableDictionary
350
E60
  3
ACDB_RECOMPOSE_DATA
350
E64
  3
QCAD_OBJECTS
350
DDE
  0
SUN
  5
DDC
330
DA8
100
AcDbSun
 90
        1
290
     0
 63
     7
421
 16777215
 40
1.0
291
     1
 91
  2455826
 92
 54000000
292
     0
 70
     2
 71
   256
280
     1
  0
SUN
  5
E5E
330
E5D
100
AcDbSun
 90
        1
290
     0
 63
     7
421
 16777215
 40
1.0
291
     1
 91
  2455826
 92
 54000000
292
     0
 70
     2
 71
   256
280
     1
  0
DICTIONARY
  5
E67
102
{ACAD_REACTORS
330
D8C
102
}
330
D8C
100
AcDbDictionary
281
     1
  0
DICTIONARY
  5
D8D
102
{ACAD_REACTORS
330
D8C
102
}
330
D8C
100
AcDbDictionary
281
     1
  0
DICTIONARY
  5
D99
102
{ACAD_REACTORS
330
D8C
102
}
330
D8C
100
AcDbDictionary
281
     1
  3
Layout1
350
D9D
  3
Model
350
DA1
  0
DICTIONARY
  5
DC2
102
{ACAD_REACTORS
330
D8C
102
}
330
D8C
100
AcDbDictionary
281
     1
  3
ByBlock
350
DC4
  3
ByLayer
350
DC3
  3
Global
350
DC5
  0
DICTIONARY
  5
DDA
102
{ACAD_REACTORS
330
D8C
102
}
330
D8C
100
AcDbDictionary
281
     1
  3
Standard
350
DDB
  0
DICTIONARY
  5
D96
102
{ACAD_REACTORS
330
D8C
102
}
330
D8C
100
AcDbDictionary
281
     1
  3
Standard
350
D97
  0
DICTIONARY
  5
D98
102
{ACAD_REACTORS
330
D8C
102
}
330
D8C
100
AcDbDictionary
281
     1
  0
ACDBDICTIONARYWDFLT
  5
D8E
102
{ACAD_REACTORS
330
D8C
102
}
330
D8C
100
AcDbDictionary
281
     1
  3
Normal
350
D8F
100
AcDbDictionaryWithDefault
340
D8F
  0
DICTIONARY
  5
DC6
102
{ACAD_REACTORS
330
D8C
102
}
330
D8C
100
AcDbDictionary
281
     1
  3
A0
350
DC7
  3
A1
350
DC8
  3
A2
350
DC9
  3
A3
350
DCA
  3
A4
350
DCB
  3
A5
350
DCC
  3
A6
350
DCD
  3
A7
350
DCE
  3
A8
350
DCF
  3
A9
350
DD0
  3
B1
350
DD1
  3
B2
350
DD2
  3
B3
350
DD3
  3
B4
350
DD4
  3
B5
350
DD5
  3
B6
350
DD6
  3
B7
350
DD7
  0
DICTIONARY
  5
E68
102
{ACAD_REACTORS
330
D8C
102
}
330
D8C
100
AcDbDictionary
281
     1
  0
DICTIONARY
  5
DD8
102
{ACAD_REACTORS
330
D8C
102
}
330
D8C
100
AcDbDictionary
281
     1
  3
Standard
350
DD9
  0
DICTIONARY
  5
DA9
102
{ACAD_REACTORS
330
D8C
102
}
330
D8C
100
AcDbDictionary
281
     1
  3
2dWireframe
350
DAE
  3
Basic
350
DB1
  3
Brighten
350
DB5
  3
ColorChange
350
DB9
  3
Conceptual
350
DB3
  3
Dim
350
DB4
  3
EdgeColorOff
350
DBC
  3
Facepattern
350
DB8
  3
Flat
350
DAA
  3
FlatWithEdges
350
DAB
  3
Gouraud
350
DAC
  3
GouraudWithEdges
350
DAD
  3
Hidden
350
DB0
  3
JitterOff
350
DBA
  3
Linepattern
350
DB7
  3
OverhangOff
350
DBB
  3
Realistic
350
DB2
  3
Shaded
350
DC1
  3
Shaded with edges
350
DC0
  3
Shades of Gray
350
DBD
  3
Sketchy
350
DBE
  3
Thicken
350
DB6
  3
Wireframe
350
DAF
  3
X-Ray
350
DBF
  0
DICTIONARY
  5
E60
102
{ACAD_REACTORS
330
D8C
102
}
330
D8C
100
AcDbDictionary
281
     1
  3
CANNOSCALE
350
E61
  3
CMLEADERSTYLE
350
E66
  3
CTABLESTYLE
350
E65
  0
XRECORD
  5
E64
102
{ACAD_REACTORS
330
D8C
102
}
330
D8C
100
AcDbXrecord
280
     1
 90
        1
330
DD9
  0
DICTIONARY
  5
DDE
102
{ACAD_REACTORS
330
D8C
102
}
330
D8C
100
AcDbDictionary
281
     1
  3
ColorSettings/BackgroundColor
350
DE0
  3
ColorSettings/ColorMode
350
DE1
  3
DimensionSettings/AngularFormat
350
DE2
  3
DimensionSettings/AngularPrecision
350
DE3
  3
DimensionSettings/DecimalPoint
350
DE4
  3
DimensionSettings/DimensionFont
350
DE5
  3
DimensionSettings/DimensionTextColor
350
DE6
  3
DimensionSettings/KeepProportions
350
DE7
  3
DimensionSettings/LinearFormat
350
DE8
  3
DimensionSettings/LinearPrecision
350
DE9
  3
Grid/DisplayGrid00
350
DEA
  3
Grid/DisplayGrid01
350
DEB
  3
Grid/DisplayGrid02
350
DEC
  3
Grid/DisplayGrid03
350
DED
  3
Grid/GridSpacingX00
350
DEE
  3
Grid/GridSpacingX01
350
DEF
  3
Grid/GridSpacingX02
350
DF0
  3
Grid/GridSpacingX03
350
DF1
  3
Grid/GridSpacingY00
350
DF2
  3
Grid/GridSpacingY01
350
DF3
  3
Grid/GridSpacingY02
350
DF4
  3
Grid/GridSpacingY03
350
DF5
  3
Grid/IsometricGrid00
350
DF6
  3
Grid/IsometricGrid01
350
DF7
  3
Grid/IsometricGrid02
350
DF8
  3
Grid/IsometricGrid03
350
DF9
  3
Grid/IsometricProjection00
350
DFA
  3
Grid/IsometricProjection01
350
DFB
  3
Grid/IsometricProjection02
350
DFC
  3
Grid/IsometricProjection03
350
DFD
  3
Grid/MetaGridSpacingX00
350
DFE
  3
Grid/MetaGridSpacingX01
350
DFF
  3
Grid/MetaGridSpacingX02
350
E00
  3
Grid/MetaGridSpacingX03
350
E01
  3
Grid/MetaGridSpacingY00
350
E02
  3
Grid/MetaGridSpacingY01
350
E03
  3
Grid/MetaGridSpacingY02
350
E04
  3
Grid/MetaGridSpacingY03
350
E05
  3
MultiPageSettings/Columns
350
E06
  3
MultiPageSettings/GlueMarginsBottom
350
E07
  3
MultiPageSettings/GlueMarginsLeft
350
E08
  3
MultiPageSettings/GlueMarginsRight
350
E09
  3
MultiPageSettings/GlueMarginsTop
350
E0A
  3
MultiPageSettings/PrintCropMarks
350
E0B
  3
MultiPageSettings/Rows
350
E0C
  3
PageSettings/OffsetX
350
E0D
  3
PageSettings/OffsetY
350
E0E
  3
PageSettings/PageOrientation
350
E0F
  3
PageSettings/PaperHeight
350
E10
  3
PageSettings/PaperSizeName
350
E11
  3
PageSettings/PaperWidth
350
E12
  3
PageSettings/PointSize
350
E13
  3
PageSettings/PositionAccepted
350
E14
  3
PageSettings/Scale
350
E15
  3
PageSettings/ShowPaperBorders
350
E16
  3
PageTagSettings/EnablePageTags
350
E17
  3
PageTagSettings/TagAlignment
350
E18
  3
PageTagSettings/TagFont
350
E19
  3
PageTagSettings/TagPosition
350
E1A
  3
Print/HairlineMode
350
E1B
  3
QCADVersion
350
E1C
  3
UnitSettings/PaperUnit
350
E1D
  3
ViewportCenter
350
E1E
  3
ViewportHeight
350
E1F
  3
ViewportWidth
350
E20
  0
LAYOUT
  5
D9D
102
{ACAD_REACTORS
330
D99
102
}
330
D99
100
AcDbPlotSettings
  1

  2
none_device
  4
ISO_A4_(210.00_x_297.00_MM)
  6

 40
7.5
 41
20.0
 42
7.5
 43
20.0
 44
210.0
 45
297.0
 46
0.0
 47
0.0
 48
0.0
 49
0.0
140
0.0
141
0.0
142
1.0
143
1.0
 70
   688
 72
     1
 73
     1
 74
     5
  7

 75
    16
 76
     0
 77
     2
 78
   300
147
1.0
148
0.0
149
0.0
100
AcDbLayout
  1
Layout1
 70
     1
 71
     1
 10
-20.0
 20
-7.5
 11
277.0
 21
202.5
 12
0.0
 22
0.0
 32
0.0
 14
0.0
 24
0.0
 34
0.0
 15
0.0
 25
0.0
 35
0.0
146
0.0
 13
0.0
 23
0.0
 33
0.0
 16
1.0
 26
0.0
 36
0.0
 17
0.0
 27
1.0
 37
0.0
 76
     0
330
D9A
331
E5D
  0
LAYOUT
  5
DA1
102
{ACAD_REACTORS
330
D99
102
}
330
D99
100
AcDbPlotSettings
  1

  2
none_device
  4
Letter_(8.50_x_11.00_Inches)
  6

 40
6.35
 41
6.35
 42
6.35000508
 43
6.35000508
 44
215.9
 45
279.4
 46
0.0
 47
0.0
 48
0.0
 49
0.0
140
0.0
141
0.0
142
1.0
143
1.0
 70
  1712
 72
     0
 73
     0
 74
     0
  7

 75
     0
 76
     0
 77
     2
 78
   300
147
1.0
148
0.0
149
0.0
100
AcDbLayout
  1
Model
 70
     1
 71
     0
 10
0.0
 20
0.0
 11
12.0
 21
9.0
 12
0.0
 22
0.0
 32
0.0
 14
-82.3983202185178
 24
-23.45818422588983
 34
0.0
 15
546.2245975443383
 25
121.0
 35
0.0
146
0.0
 13
0.0
 23
0.0
 33
0.0
 16
1.0
 26
0.0
 36
0.0
 17
0.0
 27
1.0
 37
0.0
 76
     0
330
D9E
331
DA8
  0
MATERIAL
  5
DC4
102
{ACAD_REACTORS
330
DC2
102
}
330
DC2
100
AcDbMaterial
  1
ByBlock
 72
     1
 94
      127
  0
MATERIAL
  5
DC3
102
{ACAD_REACTORS
330
DC2
102
}
330
DC2
100
AcDbMaterial
  1
ByLayer
 72
     1
 94
      127
  0
MATERIAL
  5
DC5
102
{ACAD_REACTORS
330
DC2
102
}
330
DC2
100
AcDbMaterial
  1
Global
 72
     1
 94
      127
  0
MLEADERSTYLE
  5
DDB
102
{ACAD_REACTORS
330
DDA
102
}
330
DDA
100
AcDbMLeaderStyle
179
     2
170
     2
171
     1
172
     0
 90
        2
 40
0.0
 41
0.0
173
     1
 91
-1056964608
340
D93
 92
       -2
290
     1
 42
0.09
291
     1
 43
0.36
  3
Standard
341
0
 44
0.18
300

342
D91
174
     1
178
     6
175
     1
176
     0
 93
-1056964608
 45
0.18
292
     0
297
     0
 46
0.18
343
0
 94
-1056964608
 47
1.0
 49
1.0
140
1.0
293
     1
141
0.0
294
     1
177
     0
142
1.0
295
     0
296
     0
143
0.125
271
     0
272
     9
273
     9
298
     0
  0
MLINESTYLE
  5
D97
102
{ACAD_REACTORS
330
D96
102
}
330
D96
100
AcDbMlineStyle
  2
Standard
 70
     0
  3

 62
   256
 51
90.0
 52
90.0
 71
     2
 49
0.5
 62
   256
  6
BYLAYER
 49
-0.5
 62
   256
  6
BYLAYER
  0
ACDBPLACEHOLDER
  5
D8F
102
{ACAD_REACTORS
330
D8E
102
}
330
D8E
  0
SCALE
  5
DC7
102
{ACAD_REACTORS
330
DC6
102
}
330
DC6
100
AcDbScale
 70
     0
300
1:1
140
1.0
141
1.0
290
     1
  0
SCALE
  5
DC8
102
{ACAD_REACTORS
330
DC6
102
}
330
DC6
100
AcDbScale
 70
     0
300
1/128" = 1'-0"
140
0.0078125
141
12.0
290
     0
  0
SCALE
  5
DC9
102
{ACAD_REACTORS
330
DC6
102
}
330
DC6
100
AcDbScale
 70
     0
300
1/64" = 1'-0"
140
0.015625
141
12.0
290
     0
  0
SCALE
  5
DCA
102
{ACAD_REACTORS
330
DC6
102
}
330
DC6
100
AcDbScale
 70
     0
300
1/32" = 1'-0"
140
0.03125
141
12.0
290
     0
  0
SCALE
  5
DCB
102
{ACAD_REACTORS
330
DC6
102
}
330
DC6
100
AcDbScale
 70
     0
300
1/16" = 1'-0"
140
0.0625
141
12.0
290
     0
  0
SCALE
  5
DCC
102
{ACAD_REACTORS
330
DC6
102
}
330
DC6
100
AcDbScale
 70
     0
300
3/32" = 1'-0"
140
0.09375
141
12.0
290
     0
  0
SCALE
  5
DCD
102
{ACAD_REACTORS
330
DC6
102
}
330
DC6
100
AcDbScale
 70
     0
300
1/8" = 1'-0"
140
0.125
141
12.0
290
     0
  0
SCALE
  5
DCE
102
{ACAD_REACTORS
330
DC6
102
}
330
DC6
100
AcDbScale
 70
     0
300
3/16" = 1'-0"
140
0.1875
141
12.0
290
     0
  0
SCALE
  5
DCF
102
{ACAD_REACTORS
330
DC6
102
}
330
DC6
100
AcDbScale
 70
     0
300
1/4" = 1'-0"
140
0.25
141
12.0
290
     0
  0
SCALE
  5
DD0
102
{ACAD_REACTORS
330
DC6
102
}
330
DC6
100
AcDbScale
 70
     0
300
3/8" = 1'-0"
140
0.375
141
12.0
290
     0
  0
SCALE
  5
DD1
102
{ACAD_REACTORS
330
DC6
102
}
330
DC6
100
AcDbScale
 70
     0
300
1/2" = 1'-0"
140
0.5
141
12.0
290
     0
  0
SCALE
  5
DD2
102
{ACAD_REACTORS
330
DC6
102
}
330
DC6
100
AcDbScale
 70
     0
300
3/4" = 1'-0"
140
0.75
141
12.0
290
     0
  0
SCALE
  5
DD3
102
{ACAD_REACTORS
330
DC6
102
}
330
DC6
100
AcDbScale
 70
     0
300
1" = 1'-0"
140
1.0
141
12.0
290
     0
  0
SCALE
  5
DD4
102
{ACAD_REACTORS
330
DC6
102
}
330
DC6
100
AcDbScale
 70
     0
300
1-1/2" = 1'-0"
140
1.5
141
12.0
290
     0
  0
SCALE
  5
DD5
102
{ACAD_REACTORS
330
DC6
102
}
330
DC6
100
AcDbScale
 70
     0
300
3" = 1'-0"
140
3.0
141
12.0
290
     0
  0
SCALE
  5
DD6
102
{ACAD_REACTORS
330
DC6
102
}
330
DC6
100
AcDbScale
 70
     0
300
6" = 1'-0"
140
6.0
141
12.0
290
     0
  0
SCALE
  5
DD7
102
{ACAD_REACTORS
330
DC6
102
}
330
DC6
100
AcDbScale
 70
     0
300
1'-0" = 1'-0"
140
12.0
141
12.0
290
     0
  0
TABLESTYLE
  5
DD9
102
{ACAD_REACTORS
330
DD8
102
}
102
{ACAD_XDICTIONARY
360
E62
102
}
330
DD8
100
AcDbTableStyle
  3
Standard
 70
     0
 71
     0
 40
0.06
 41
0.06
280
     0
281
     0
  7
Standard
140
0.18
170
     2
 62
     0
 63
   257
283
     0
 90
        4
 91
        0
  1

274
    -2
284
     1
 64
     0
275
    -2
285
     1
 65
     0
276
    -2
286
     1
 66
     0
277
    -2
287
     1
 67
     0
278
    -2
288
     1
 68
     0
279
    -2
289
     1
 69
     0
  7
Standard
140
0.25
170
     5
 62
     0
 63
   257
283
     0
 90
        4
 91
        0
  1

274
    -2
284
     1
 64
     0
275
    -2
285
     1
 65
     0
276
    -2
286
     1
 66
     0
277
    -2
287
     1
 67
     0
278
    -2
288
     1
 68
     0
279
    -2
289
     1
 69
     0
  7
Standard
140
0.18
170
     5
 62
     0
 63
   257
283
     0
 90
        4
 91
        0
  1

274
    -2
284
     1
 64
     0
275
    -2
285
     1
 65
     0
276
    -2
286
     1
 66
     0
277
    -2
287
     1
 67
     0
278
    -2
288
     1
 68
     0
279
    -2
289
     1
 69
     0
  0
VISUALSTYLE
  5
DAE
102
{ACAD_REACTORS
330
DA9
102
}
330
DA9
100
AcDbVisualStyle
  2
2dWireframe
 70
     4
177
     3
291
     0
 70
    58
 90
        0
176
     1
 90
        2
176
     1
 90
        0
176
     1
 90
        0
176
     1
 40
0.6
176
     1
 40
30.0
176
     1
 62
     7
420
 16777215
176
     1
 90
        1
176
     1
 90
        4
176
     1
 62
     7
176
     1
 62
   257
176
     1
 90
        1
176
     1
 90
        1
176
     1
 40
1.0
176
     1
 90
        0
176
     1
 62
   257
176
     1
 40
1.0
176
     1
 90
        1
176
     1
 90
        6
176
     1
 90
        2
176
     1
 62
     7
176
     1
 90
        5
176
     1
 90
        0
176
     1
 90
        0
176
     1
290
     0
176
     1
 90
        1
176
     1
 40
0.0
176
     1
 90
        0
176
     1
290
     1
176
     1
290
     1
176
     1
290
     0
176
     1
290
     0
176
     1
290
     0
176
     1
290
     0
176
     1
290
     0
176
     1
290
     0
176
     1
290
     0
176
     1
 90
       50
176
     1
 40
0.0
176
     1
 40
1.0
176
     1
 90
        0
176
     1
 62
    18
420
        0
176
     1
 90
       50
176
     1
 90
        3
176
     1
 62
     5
420
      255
176
     1
290
     0
176
     1
 90
       50
176
     1
 90
       50
176
     1
 90
       50
176
     1
290
     0
176
     1
 90
       50
176
     1
 62
   256
176
     0
 40
1.0
176
     0
 90
        2
176
     1
  1
strokes_ogs.tif
176
     1
290
     0
176
     1
 40
1.0
176
     1
 40
1.0
176
     1
  0
VISUALSTYLE
  5
DB1
102
{ACAD_REACTORS
330
DA9
102
}
330
DA9
100
AcDbVisualStyle
  2
Basic
 70
     7
177
     3
291
     1
 70
    58
 90
        1
176
     1
 90
        0
176
     1
 90
        1
176
     1
 90
        0
176
     1
 40
0.6
176
     1
 40
30.0
176
     1
 62
     7
420
 16777215
176
     1
 90
        0
176
     1
 90
        4
176
     1
 62
     7
176
     1
 62
   257
176
     1
 90
        1
176
     1
 90
        1
176
     1
 40
1.0
176
     1
 90
        8
176
     1
 62
     7
176
     1
 40
1.0
176
     1
 90
        1
176
     1
 90
        6
176
     1
 90
        2
176
     1
 62
     7
176
     1
 90
        5
176
     1
 90
        0
176
     1
 90
        0
176
     1
290
     0
176
     1
 90
        1
176
     1
 40
0.0
176
     1
 90
        0
176
     1
290
     0
176
     1
290
     1
176
     1
290
     1
176
     1
290
     0
176
     1
290
     0
176
     1
290
     0
176
     1
290
     0
176
     1
290
     0
176
     1
290
     0
176
     1
 90
       50
176
     1
 40
0.0
176
     1
 40
1.0
176
     1
 90
        0
176
     1
 62
    18
420
        0
176
     1
 90
       50
176
     1
 90
        3
176
     1
 62
     5
420
      255
176
     1
290
     0
176
     1
 90
       50
176
     1
 90
       50
176
     1
 90
       50
176
     1
290
     0
176
     1
 90
       50
176
     1
 62
   256
176
     0
 40
1.0
176
     0
 90
        2
176
     1
  1
strokes_ogs.tif
176
     1
290
     0
176
     1
 40
1.0
176
     1
 40
1.0
176
     1
  0
VISUALSTYLE
  5
DB5
102
{ACAD_REACTORS
330
DA9
102
}
330
DA9
100
AcDbVisualStyle
  2
Brighten
 70
    12
177
     3
291
     1
 70
    58
 90
        2
176
     1
 90
        2
176
     1
 90
        0
176
     1
 90
        0
176
     1
 40
0.6
176
     1
 40
30.0
176
     1
 62
     7
420
 16777215
176
     1
 90
        1
176
     1
 90
        4
176
     1
 62
     7
176
     1
 62
   257
176
     1
 90
        1
176
     1
 90
        1
176
     1
 40
1.0
176
     1
 90
        8
176
     1
 62
     7
176
     1
 40
1.0
176
     1
 90
        1
176
     1
 90
        6
176
     1
 90
        2
176
     1
 62
     7
176
     1
 90
        5
176
     1
 90
        0
176
     1
 90
        0
176
     1
290
     0
176
     1
 90
        1
176
     1
 40
50.0
176
     1
 90
        0
176
     1
290
     0
176
     1
290
     1
176
     1
290
     1
176
     1
290
     0
176
     1
290
     0
176
     1
290
     0
176
     1
290
     0
176
     1
290
     0
176
     1
290
     0
176
     1
 90
       50
176
     1
 40
0.0
176
     1
 40
1.0
176
     1
 90
        0
176
     1
 62
    18
420
        0
176
     1
 90
       50
176
     1
 90
        3
176
     1
 62
     5
420
      255
176
     1
290
     0
176
     1
 90
       50
176
     1
 90
       50
176
     1
 90
       50
176
     1
290
     0
176
     1
 90
       50
176
     1
 62
   256
176
     0
 40
1.0
176
     0
 90
        2
176
     1
  1
strokes_ogs.tif
176
     1
290
     0
176
     1
 40
1.0
176
     1
 40
1.0
176
     1
  0
VISUALSTYLE
  5
DB9
102
{ACAD_REACTORS
330
DA9
102
}
330
DA9
100
AcDbVisualStyle
  2
ColorChange
 70
    16
177
     3
291
     1
 70
    58
 90
        2
176
     1
 90
        2
176
     1
 90
        3
176
     1
 90
        0
176
     1
 40
0.6
176
     1
 40
30.0
176
     1
 62
     8
420
  8421504
176
     1
 90
        1
176
     1
 90
        4
176
     1
 62
     7
176
     1
 62
   257
176
     1
 90
        1
176
     1
 90
        1
176
     1
 40
1.0
176
     1
 90
        8
176
     1
 62
     8
420
  8421504
176
     1
 40
1.0
176
     1
 90
        1
176
     1
 90
        6
176
     1
 90
        2
176
     1
 62
     7
176
     1
 90
        5
176
     1
 90
        0
176
     1
 90
        0
176
     1
290
     0
176
     1
 90
        1
176
     1
 40
0.0
176
     1
 90
        0
176
     1
290
     0
176
     1
290
     1
176
     1
290
     1
176
     1
290
     0
176
     1
290
     0
176
     1
290
     0
176
     1
290
     0
176
     1
290
     0
176
     1
290
     0
176
     1
 90
       50
176
     1
 40
0.0
176
     1
 40
1.0
176
     1
 90
        0
176
     1
 62
    18
420
        0
176
     1
 90
       50
176
     1
 90
        3
176
     1
 62
     5
420
      255
176
     1
290
     0
176
     1
 90
       50
176
     1
 90
       50
176
     1
 90
       50
176
     1
290
     0
176
     1
 90
       50
176
     1
 62
   256
176
     0
 40
1.0
176
     0
 90
        2
176
     1
  1
strokes_ogs.tif
176
     1
290
     0
176
     1
 40
1.0
176
     1
 40
1.0
176
     1
  0
VISUALSTYLE
  5
DB3
102
{ACAD_REACTORS
330
DA9
102
}
330
DA9
100
AcDbVisualStyle
  2
Conceptual
 70
     9
177
     3
291
     0
 70
    58
 90
        3
176
     1
 90
        2
176
     1
 90
        0
176
     1
 90
        0
176
     1
 40
0.6
176
     1
 40
30.0
176
     1
 62
     7
420
 16777215
176
     1
 90
        2
176
     1
 90
        2
176
     1
 62
     7
176
     1
 62
   257
176
     1
 90
        1
176
     1
 90
        1
176
     1
 40
179.0
176
     1
 90
        8
176
     1
 62
     7
176
     1
 40
1.0
176
     1
 90
        1
176
     1
 90
        6
176
     1
 90
        2
176
     1
 62
     7
176
     1
 90
        3
176
     1
 90
        0
176
     1
 90
        0
176
     1
290
     0
176
     1
 90
        1
176
     1
 40
0.0
176
     1
 90
        0
176
     1
290
     0
176
     1
290
     1
176
     1
290
     1
176
     1
290
     0
176
     1
290
     0
176
     1
290
     0
176
     1
290
     0
176
     1
290
     0
176
     1
290
     0
176
     1
 90
       50
176
     1
 40
0.0
176
     1
 40
1.0
176
     1
 90
        0
176
     1
 62
    18
420
        0
176
     1
 90
       50
176
     1
 90
        3
176
     1
 62
     5
420
      255
176
     1
290
     0
176
     1
 90
       50
176
     1
 90
       50
176
     1
 90
       50
176
     1
290
     0
176
     1
 90
       50
176
     1
 62
   256
176
     0
 40
1.0
176
     0
 90
        2
176
     1
  1
strokes_ogs.tif
176
     1
290
     0
176
     1
 40
1.0
176
     1
 40
1.0
176
     1
  0
VISUALSTYLE
  5
DB4
102
{ACAD_REACTORS
330
DA9
102
}
330
DA9
100
AcDbVisualStyle
  2
Dim
 70
    11
177
     3
291
     1
 70
    58
 90
        2
176
     1
 90
        2
176
     1
 90
        0
176
     1
 90
        0
176
     1
 40
0.6
176
     1
 40
30.0
176
     1
 62
     7
420
 16777215
176
     1
 90
        1
176
     1
 90
        4
176
     1
 62
     7
176
     1
 62
   257
176
     1
 90
        1
176
     1
 90
        1
176
     1
 40
1.0
176
     1
 90
        8
176
     1
 62
     7
176
     1
 40
1.0
176
     1
 90
        1
176
     1
 90
        6
176
     1
 90
        2
176
     1
 62
     7
176
     1
 90
        5
176
     1
 90
        0
176
     1
 90
        0
176
     1
290
     0
176
     1
 90
        1
176
     1
 40
-50.0
176
     1
 90
        0
176
     1
290
     0
176
     1
290
     1
176
     1
290
     1
176
     1
290
     0
176
     1
290
     0
176
     1
290
     0
176
     1
290
     0
176
     1
290
     0
176
     1
290
     0
176
     1
 90
       50
176
     1
 40
0.0
176
     1
 40
1.0
176
     1
 90
        0
176
     1
 62
    18
420
        0
176
     1
 90
       50
176
     1
 90
        3
176
     1
 62
     5
420
      255
176
     1
290
     0
176
     1
 90
       50
176
     1
 90
       50
176
     1
 90
       50
176
     1
290
     0
176
     1
 90
       50
176
     1
 62
   256
176
     0
 40
1.0
176
     0
 90
        2
176
     1
  1
strokes_ogs.tif
176
     1
290
     0
176
     1
 40
1.0
176
     1
 40
1.0
176
     1
  0
VISUALSTYLE
  5
DBC
102
{ACAD_REACTORS
330
DA9
102
}
330
DA9
100
AcDbVisualStyle
  2
EdgeColorOff
 70
    22
177
     3
291
     1
 70
    58
 90
        2
176
     0
 90
        2
176
     0
 90
        0
176
     0
 90
        0
176
     0
 40
0.6
176
     0
 40
30.0
176
     0
 62
     7
420
 16777215
176
     0
 90
        1
176
     0
 90
        4
176
     0
 62
     7
176
     0
 62
   257
176
     0
 90
        1
176
     0
 90
        1
176
     0
 40
1.0
176
     0
 90
        8
176
     2
 62
     7
176
     0
 40
1.0
176
     0
 90
        1
176
     0
 90
        6
176
     0
 90
        2
176
     0
 62
     7
176
     0
 90
        5
176
     0
 90
        0
176
     0
 90
        0
176
     0
290
     0
176
     0
 90
        1
176
     0
 40
0.0
176
     0
 90
        0
176
     0
290
     0
176
     0
290
     1
176
     0
290
     1
176
     0
290
     0
176
     0
290
     0
176
     0
290
     0
176
     0
290
     0
176
     0
290
     0
176
     0
290
     0
176
     0
 90
       50
176
     0
 40
0.0
176
     0
 40
1.0
176
     0
 90
        0
176
     0
 62
    18
420
        0
176
     0
 90
       50
176
     0
 90
        3
176
     0
 62
     5
420
      255
176
     0
290
     0
176
     0
 90
       50
176
     0
 90
       50
176
     0
 90
       50
176
     0
290
     0
176
     0
 90
       50
176
     0
 62
   256
176
     0
 40
1.0
176
     0
 90
        2
176
     0
  1
strokes_ogs.tif
176
     0
290
     0
176
     0
 40
1.0
176
     0
 40
1.0
176
     0
  0
VISUALSTYLE
  5
DB8
102
{ACAD_REACTORS
330
DA9
102
}
330
DA9
100
AcDbVisualStyle
  2
Facepattern
 70
    15
177
     3
291
     1
 70
    58
 90
        2
176
     1
 90
        2
176
     1
 90
        0
176
     1
 90
        0
176
     1
 40
0.6
176
     1
 40
30.0
176
     1
 62
     7
420
 16777215
176
     1
 90
        1
176
     1
 90
        4
176
     1
 62
     7
176
     1
 62
   257
176
     1
 90
        1
176
     1
 90
        1
176
     1
 40
1.0
176
     1
 90
        8
176
     1
 62
     7
176
     1
 40
1.0
176
     1
 90
        1
176
     1
 90
        6
176
     1
 90
        2
176
     1
 62
     7
176
     1
 90
        5
176
     1
 90
        0
176
     1
 90
        0
176
     1
290
     0
176
     1
 90
        1
176
     1
 40
0.0
176
     1
 90
        0
176
     1
290
     0
176
     1
290
     1
176
     1
290
     1
176
     1
290
     0
176
     1
290
     0
176
     1
290
     0
176
     1
290
     0
176
     1
290
     0
176
     1
290
     0
176
     1
 90
       50
176
     1
 40
0.0
176
     1
 40
1.0
176
     1
 90
        0
176
     1
 62
    18
420
        0
176
     1
 90
       50
176
     1
 90
        3
176
     1
 62
     5
420
      255
176
     1
290
     0
176
     1
 90
       50
176
     1
 90
       50
176
     1
 90
       50
176
     1
290
     0
176
     1
 90
       50
176
     1
 62
   256
176
     0
 40
1.0
176
     0
 90
        2
176
     1
  1
strokes_ogs.tif
176
     1
290
     0
176
     1
 40
1.0
176
     1
 40
1.0
176
     1
  0
VISUALSTYLE
  5
DAA
102
{ACAD_REACTORS
330
DA9
102
}
330
DA9
100
AcDbVisualStyle
  2
Flat
 70
     0
177
     3
291
     1
 70
    58
 90
        2
176
     1
 90
        1
176
     1
 90
        1
176
     1
 90
        2
176
     1
 40
0.6
176
     1
 40
30.0
176
     1
 62
     7
420
 16777215
176
     1
 90
        0
176
     1
 90
        0
176
     1
 62
     7
176
     1
 62
   257
176
     1
 90
        1
176
     1
 90
        1
176
     1
 40
1.0
176
     1
 90
        8
176
     1
 62
     7
176
     1
 40
1.0
176
     1
 90
        1
176
     1
 90
        6
176
     1
 90
        2
176
     1
 62
     7
176
     1
 90
        5
176
     1
 90
        0
176
     1
 90
        0
176
     1
290
     0
176
     1
 90
       13
176
     1
 40
0.0
176
     1
 90
        0
176
     1
290
     0
176
     1
290
     1
176
     1
290
     1
176
     1
290
     0
176
     1
290
     0
176
     1
290
     0
176
     1
290
     0
176
     1
290
     0
176
     1
290
     0
176
     1
 90
       50
176
     1
 40
0.0
176
     1
 40
1.0
176
     1
 90
        0
176
     1
 62
    18
420
        0
176
     1
 90
       50
176
     1
 90
        3
176
     1
 62
     5
420
      255
176
     1
290
     0
176
     1
 90
       50
176
     1
 90
       50
176
     1
 90
       50
176
     1
290
     0
176
     1
 90
       50
176
     1
 62
   256
176
     0
 40
1.0
176
     0
 90
        2
176
     1
  1
strokes_ogs.tif
176
     1
290
     0
176
     1
 40
1.0
176
     1
 40
1.0
176
     1
  0
VISUALSTYLE
  5
DAB
102
{ACAD_REACTORS
330
DA9
102
}
330
DA9
100
AcDbVisualStyle
  2
FlatWithEdges
 70
     1
177
     3
291
     1
 70
    58
 90
        2
176
     1
 90
        1
176
     1
 90
        1
176
     1
 90
        2
176
     1
 40
0.6
176
     1
 40
30.0
176
     1
 62
     7
420
 16777215
176
     1
 90
        1
176
     1
 90
        0
176
     1
 62
     7
176
     1
 62
   257
176
     1
 90
        1
176
     1
 90
        1
176
     1
 40
1.0
176
     1
 90
        0
176
     1
 62
   257
176
     1
 40
1.0
176
     1
 90
        1
176
     1
 90
        6
176
     1
 90
        2
176
     1
 62
     7
176
     1
 90
        5
176
     1
 90
        0
176
     1
 90
        0
176
     1
290
     0
176
     1
 90
       13
176
     1
 40
0.0
176
     1
 90
        0
176
     1
290
     0
176
     1
290
     1
176
     1
290
     1
176
     1
290
     0
176
     1
290
     0
176
     1
290
     0
176
     1
290
     0
176
     1
290
     0
176
     1
290
     0
176
     1
 90
       50
176
     1
 40
0.0
176
     1
 40
1.0
176
     1
 90
        0
176
     1
 62
    18
420
        0
176
     1
 90
       50
176
     1
 90
        3
176
     1
 62
     5
420
      255
176
     1
290
     0
176
     1
 90
       50
176
     1
 90
       50
176
     1
 90
       50
176
     1
290
     0
176
     1
 90
       50
176
     1
 62
   256
176
     0
 40
1.0
176
     0
 90
        2
176
     1
  1
strokes_ogs.tif
176
     1
290
     0
176
     1
 40
1.0
176
     1
 40
1.0
176
     1
  0
VISUALSTYLE
  5
DAC
102
{ACAD_REACTORS
330
DA9
102
}
330
DA9
100
AcDbVisualStyle
  2
Gouraud
 70
     2
177
     3
291
     1
 70
    58
 90
        2
176
     1
 90
        2
176
     1
 90
        1
176
     1
 90
        2
176
     1
 40
0.6
176
     1
 40
30.0
176
     1
 62
     7
420
 16777215
176
     1
 90
        0
176
     1
 90
        0
176
     1
 62
     7
176
     1
 62
   257
176
     1
 90
        1
176
     1
 90
        1
176
     1
 40
1.0
176
     1
 90
        0
176
     1
 62
     7
176
     1
 40
1.0
176
     1
 90
        1
176
     1
 90
        6
176
     1
 90
        2
176
     1
 62
     7
176
     1
 90
        5
176
     1
 90
        0
176
     1
 90
        0
176
     1
290
     0
176
     1
 90
       13
176
     1
 40
0.0
176
     1
 90
        0
176
     1
290
     0
176
     1
290
     1
176
     1
290
     1
176
     1
290
     0
176
     1
290
     0
176
     1
290
     0
176
     1
290
     0
176
     1
290
     0
176
     1
290
     0
176
     1
 90
       50
176
     1
 40
0.0
176
     1
 40
1.0
176
     1
 90
        0
176
     1
 62
    18
420
        0
176
     1
 90
       50
176
     1
 90
        3
176
     1
 62
     5
420
      255
176
     1
290
     0
176
     1
 90
       50
176
     1
 90
       50
176
     1
 90
       50
176
     1
290
     0
176
     1
 90
       50
176
     1
 62
   256
176
     0
 40
1.0
176
     0
 90
        2
176
     1
  1
strokes_ogs.tif
176
     1
290
     0
176
     1
 40
1.0
176
     1
 40
1.0
176
     1
  0
VISUALSTYLE
  5
DAD
102
{ACAD_REACTORS
330
DA9
102
}
330
DA9
100
AcDbVisualStyle
  2
GouraudWithEdges
 70
     3
177
     3
291
     1
 70
    58
 90
        2
176
     1
 90
        2
176
     1
 90
        1
176
     1
 90
        2
176
     1
 40
0.6
176
     1
 40
30.0
176
     1
 62
     7
420
 16777215
176
     1
 90
        1
176
     1
 90
        0
176
     1
 62
     7
176
     1
 62
   257
176
     1
 90
        1
176
     1
 90
        1
176
     1
 40
1.0
176
     1
 90
        0
176
     1
 62
   257
176
     1
 40
1.0
176
     1
 90
        1
176
     1
 90
        6
176
     1
 90
        2
176
     1
 62
     7
176
     1
 90
        5
176
     1
 90
        0
176
     1
 90
        0
176
     1
290
     0
176
     1
 90
       13
176
     1
 40
0.0
176
     1
 90
        0
176
     1
290
     0
176
     1
290
     1
176
     1
290
     1
176
     1
290
     0
176
     1
290
     0
176
     1
290
     0
176
     1
290
     0
176
     1
290
     0
176
     1
290
     0
176
     1
 90
       50
176
     1
 40
0.0
176
     1
 40
1.0
176
     1
 90
        0
176
     1
 62
    18
420
        0
176
     1
 90
       50
176
     1
 90
        3
176
     1
 62
     5
420
      255
176
     1
290
     0
176
     1
 90
       50
176
     1
 90
       50
176
     1
 90
       50
176
     1
290
     0
176
     1
 90
       50
176
     1
 62
   256
176
     0
 40
1.0
176
     0
 90
        2
176
     1
  1
strokes_ogs.tif
176
     1
290
     0
176
     1
 40
1.0
176
     1
 40
1.0
176
     1
  0
VISUALSTYLE
  5
DB0
102
{ACAD_REACTORS
330
DA9
102
}
330
DA9
100
AcDbVisualStyle
  2
Hidden
 70
     6
177
     3
291
     0
 70
    58
 90
        1
176
     1
 90
        2
176
     1
 90
        2
176
     1
 90
        0
176
     1
 40
0.6
176
     1
 40
30.0
176
     1
 62
     7
420
 16777215
176
     1
 90
        2
176
     1
 90
        2
176
     1
 62
     7
176
     1
 62
   257
176
     1
 90
        2
176
     1
 90
        1
176
     1
 40
40.0
176
     1
 90
        0
176
     1
 62
   257
176
     1
 40
1.0
176
     1
 90
        1
176
     1
 90
        6
176
     1
 90
        2
176
     1
 62
     7
176
     1
 90
        3
176
     1
 90
        0
176
     1
 90
        0
176
     1
290
     0
176
     1
 90
        1
176
     1
 40
0.0
176
     1
 90
        0
176
     1
290
     0
176
     1
290
     1
176
     1
290
     1
176
     1
290
     0
176
     1
290
     0
176
     1
290
     0
176
     1
290
     0
176
     1
290
     0
176
     1
290
     0
176
     1
 90
       50
176
     1
 40
0.0
176
     1
 40
1.0
176
     1
 90
        0
176
     1
 62
    18
420
        0
176
     1
 90
       50
176
     1
 90
        3
176
     1
 62
     5
420
      255
176
     1
290
     0
176
     1
 90
       50
176
     1
 90
       50
176
     1
 90
       50
176
     1
290
     0
176
     1
 90
       50
176
     1
 62
   256
176
     0
 40
1.0
176
     0
 90
        2
176
     1
  1
strokes_ogs.tif
176
     1
290
     0
176
     1
 40
1.0
176
     1
 40
1.0
176
     1
  0
VISUALSTYLE
  5
DBA
102
{ACAD_REACTORS
330
DA9
102
}
330
DA9
100
AcDbVisualStyle
  2
JitterOff
 70
    20
177
     3
291
     1
 70
    58
 90
        2
176
     0
 90
        2
176
     0
 90
        0
176
     0
 90
        0
176
     0
 40
0.6
176
     0
 40
30.0
176
     0
 62
     7
420
 16777215
176
     0
 90
        1
176
     0
 90
        4
176
     0
 62
     7
176
     0
 62
   257
176
     0
 90
        1
176
     0
 90
        1
176
     0
 40
1.0
176
     0
 90
       10
176
     2
 62
     7
176
     0
 40
1.0
176
     0
 90
        1
176
     0
 90
        6
176
     0
 90
        2
176
     0
 62
     7
176
     0
 90
        5
176
     0
 90
        0
176
     0
 90
        0
176
     0
290
     0
176
     0
 90
        1
176
     0
 40
0.0
176
     0
 90
        0
176
     0
290
     0
176
     0
290
     1
176
     0
290
     1
176
     0
290
     0
176
     0
290
     0
176
     0
290
     0
176
     0
290
     0
176
     0
290
     0
176
     0
290
     0
176
     0
 90
       50
176
     0
 40
0.0
176
     0
 40
1.0
176
     0
 90
        0
176
     0
 62
    18
420
        0
176
     0
 90
       50
176
     0
 90
        3
176
     0
 62
     5
420
      255
176
     0
290
     0
176
     0
 90
       50
176
     0
 90
       50
176
     0
 90
       50
176
     0
290
     0
176
     0
 90
       50
176
     0
 62
   256
176
     0
 40
1.0
176
     0
 90
        2
176
     0
  1
strokes_ogs.tif
176
     0
290
     0
176
     0
 40
1.0
176
     0
 40
1.0
176
     0
  0
VISUALSTYLE
  5
DB7
102
{ACAD_REACTORS
330
DA9
102
}
330
DA9
100
AcDbVisualStyle
  2
Linepattern
 70
    14
177
     3
291
     1
 70
    58
 90
        2
176
     1
 90
        2
176
     1
 90
        0
176
     1
 90
        0
176
     1
 40
0.6
176
     1
 40
30.0
176
     1
 62
     7
420
 16777215
176
     1
 90
        1
176
     1
 90
        4
176
     1
 62
     7
176
     1
 62
   257
176
     1
 90
        7
176
     1
 90
        7
176
     1
 40
1.0
176
     1
 90
        8
176
     1
 62
     7
176
     1
 40
1.0
176
     1
 90
        1
176
     1
 90
        6
176
     1
 90
        2
176
     1
 62
     7
176
     1
 90
        5
176
     1
 90
        0
176
     1
 90
        0
176
     1
290
     0
176
     1
 90
        1
176
     1
 40
0.0
176
     1
 90
        0
176
     1
290
     0
176
     1
290
     1
176
     1
290
     1
176
     1
290
     0
176
     1
290
     0
176
     1
290
     0
176
     1
290
     0
176
     1
290
     0
176
     1
290
     0
176
     1
 90
       50
176
     1
 40
0.0
176
     1
 40
1.0
176
     1
 90
        0
176
     1
 62
    18
420
        0
176
     1
 90
       50
176
     1
 90
        3
176
     1
 62
     5
420
      255
176
     1
290
     0
176
     1
 90
       50
176
     1
 90
       50
176
     1
 90
       50
176
     1
290
     0
176
     1
 90
       50
176
     1
 62
   256
176
     0
 40
1.0
176
     0
 90
        2
176
     1
  1
strokes_ogs.tif
176
     1
290
     0
176
     1
 40
1.0
176
     1
 40
1.0
176
     1
  0
VISUALSTYLE
  5
DBB
102
{ACAD_REACTORS
330
DA9
102
}
330
DA9
100
AcDbVisualStyle
  2
OverhangOff
 70
    21
177
     3
291
     1
 70
    58
 90
        2
176
     0
 90
        2
176
     0
 90
        0
176
     0
 90
        0
176
     0
 40
0.6
176
     0
 40
30.0
176
     0
 62
     7
420
 16777215
176
     0
 90
        1
176
     0
 90
        4
176
     0
 62
     7
176
     0
 62
   257
176
     0
 90
        1
176
     0
 90
        1
176
     0
 40
1.0
176
     0
 90
        9
176
     2
 62
     7
176
     0
 40
1.0
176
     0
 90
        1
176
     0
 90
        6
176
     0
 90
        2
176
     0
 62
     7
176
     0
 90
        5
176
     0
 90
        0
176
     0
 90
        0
176
     0
290
     0
176
     0
 90
        1
176
     0
 40
0.0
176
     0
 90
        0
176
     0
290
     0
176
     0
290
     1
176
     0
290
     1
176
     0
290
     0
176
     0
290
     0
176
     0
290
     0
176
     0
290
     0
176
     0
290
     0
176
     0
290
     0
176
     0
 90
       50
176
     0
 40
0.0
176
     0
 40
1.0
176
     0
 90
        0
176
     0
 62
    18
420
        0
176
     0
 90
       50
176
     0
 90
        3
176
     0
 62
     5
420
      255
176
     0
290
     0
176
     0
 90
       50
176
     0
 90
       50
176
     0
 90
       50
176
     0
290
     0
176
     0
 90
       50
176
     0
 62
   256
176
     0
 40
1.0
176
     0
 90
        2
176
     0
  1
strokes_ogs.tif
176
     0
290
     0
176
     0
 40
1.0
176
     0
 40
1.0
176
     0
  0
VISUALSTYLE
  5
DB2
102
{ACAD_REACTORS
330
DA9
102
}
330
DA9
100
AcDbVisualStyle
  2
Realistic
 70
     8
177
     3
291
     0
 70
    58
 90
        2
176
     1
 90
        3
176
     1
 90
        0
176
     1
 90
        2
176
     1
 40
0.6
176
     1
 40
30.0
176
     1
 62
     7
420
 16777215
176
     1
 90
        0
176
     1
 90
        0
176
     1
 62
     7
176
     1
 62
   257
176
     1
 90
        1
176
     1
 90
        1
176
     1
 40
1.0
176
     1
 90
        8
176
     1
 62
   257
176
     1
 40
1.0
176
     1
 90
        1
176
     1
 90
        6
176
     1
 90
        2
176
     1
 62
     7
176
     1
 90
        3
176
     1
 90
        0
176
     1
 90
        0
176
     1
290
     0
176
     1
 90
       13
176
     1
 40
0.0
176
     1
 90
        0
176
     1
290
     0
176
     1
290
     1
176
     1
290
     1
176
     1
290
     0
176
     1
290
     0
176
     1
290
     0
176
     1
290
     0
176
     1
290
     0
176
     1
290
     0
176
     1
 90
       50
176
     1
 40
0.0
176
     1
 40
1.0
176
     1
 90
        0
176
     1
 62
    18
420
        0
176
     1
 90
       50
176
     1
 90
        3
176
     1
 62
     5
420
      255
176
     1
290
     0
176
     1
 90
       50
176
     1
 90
       50
176
     1
 90
       50
176
     1
290
     0
176
     1
 90
       50
176
     1
 62
   256
176
     0
 40
1.0
176
     0
 90
        2
176
     1
  1
strokes_ogs.tif
176
     1
290
     0
176
     1
 40
1.0
176
     1
 40
1.0
176
     1
  0
VISUALSTYLE
  5
DC1
102
{ACAD_REACTORS
330
DA9
102
}
330
DA9
100
AcDbVisualStyle
  2
Shaded
 70
    27
177
     3
291
     0
 70
    58
 90
        2
176
     1
 90
        2
176
     1
 90
        1
176
     1
 90
        2
176
     1
 40
0.6
176
     1
 40
30.0
176
     1
 62
     7
420
 16777215
176
     1
 90
        0
176
     1
 90
        4
176
     1
 62
     7
176
     1
 62
   257
176
     1
 90
        1
176
     1
 90
        1
176
     1
 40
1.0
176
     1
 90
        8
176
     1
 62
   257
176
     1
 40
1.0
176
     1
 90
        1
176
     1
 90
        6
176
     1
 90
        2
176
     1
 62
     8
420
  7895160
176
     1
 90
        3
176
     1
 90
        0
176
     1
 90
        0
176
     1
290
     0
176
     1
 90
        5
176
     1
 40
0.0
176
     1
 90
        0
176
     1
290
     0
176
     1
290
     1
176
     1
290
     1
176
     1
290
     0
176
     1
290
     0
176
     1
290
     0
176
     1
290
     0
176
     1
290
     0
176
     1
290
     0
176
     1
 90
       50
176
     1
 40
0.0
176
     1
 40
1.0
176
     1
 90
        0
176
     1
 62
    18
420
        0
176
     1
 90
       50
176
     1
 90
        3
176
     1
 62
     5
420
      255
176
     1
290
     0
176
     1
 90
       50
176
     1
 90
       50
176
     1
 90
       50
176
     1
290
     0
176
     1
 90
       50
176
     1
 62
   256
176
     0
 40
1.0
176
     0
 90
        2
176
     1
  1
strokes_ogs.tif
176
     1
290
     0
176
     1
 40
1.0
176
     1
 40
1.0
176
     1
  0
VISUALSTYLE
  5
DC0
102
{ACAD_REACTORS
330
DA9
102
}
330
DA9
100
AcDbVisualStyle
  2
Shaded with edges
 70
    26
177
     3
291
     0
 70
    58
 90
        2
176
     1
 90
        2
176
     1
 90
        1
176
     1
 90
        2
176
     1
 40
0.6
176
     1
 40
30.0
176
     1
 62
     7
420
 16777215
176
     1
 90
        1
176
     1
 90
       10
176
     1
 62
     7
176
     1
 62
   257
176
     1
 90
        2
176
     1
 90
        1
176
     1
 40
1.0
176
     1
 90
        8
176
     1
 62
   257
176
     1
 40
1.0
176
     1
 90
        1
176
     1
 90
        6
176
     1
 90
        2
176
     1
 62
     7
176
     1
 90
        3
176
     1
 90
        0
176
     1
 90
        0
176
     1
290
     0
176
     1
 90
        5
176
     1
 40
0.0
176
     1
 90
        0
176
     1
290
     0
176
     1
290
     1
176
     1
290
     1
176
     1
290
     0
176
     1
290
     0
176
     1
290
     0
176
     1
290
     0
176
     1
290
     0
176
     1
290
     0
176
     1
 90
       50
176
     1
 40
0.0
176
     1
 40
1.0
176
     1
 90
        0
176
     1
 62
    18
420
        0
176
     1
 90
       50
176
     1
 90
        3
176
     1
 62
     5
420
      255
176
     1
290
     0
176
     1
 90
       50
176
     1
 90
       50
176
     1
 90
       50
176
     1
290
     0
176
     1
 90
       50
176
     1
 62
   256
176
     0
 40
1.0
176
     0
 90
        2
176
     1
  1
strokes_ogs.tif
176
     1
290
     0
176
     1
 40
1.0
176
     1
 40
1.0
176
     1
  0
VISUALSTYLE
  5
DBD
102
{ACAD_REACTORS
330
DA9
102
}
330
DA9
100
AcDbVisualStyle
  2
Shades of Gray
 70
    23
177
     3
291
     0
 70
    58
 90
        2
176
     1
 90
        2
176
     1
 90
        3
176
     1
 90
        0
176
     1
 40
0.6
176
     1
 40
30.0
176
     1
 62
     7
420
 16777215
176
     1
 90
        2
176
     1
 90
        2
176
     1
 62
     7
176
     1
 62
     7
176
     1
 90
        1
176
     1
 90
        1
176
     1
 40
40.0
176
     1
 90
        8
176
     1
 62
     7
176
     1
 40
1.0
176
     1
 90
        1
176
     1
 90
        6
176
     1
 90
        2
176
     1
 62
     7
176
     1
 90
        3
176
     1
 90
        0
176
     1
 90
        0
176
     1
290
     0
176
     1
 90
        1
176
     1
 40
0.0
176
     1
 90
        0
176
     1
290
     0
176
     1
290
     1
176
     1
290
     1
176
     1
290
     0
176
     1
290
     0
176
     1
290
     0
176
     1
290
     0
176
     1
290
     0
176
     1
290
     0
176
     1
 90
       50
176
     1
 40
0.0
176
     1
 40
1.0
176
     1
 90
        0
176
     1
 62
    18
420
        0
176
     1
 90
       50
176
     1
 90
        3
176
     1
 62
     5
420
      255
176
     1
290
     0
176
     1
 90
       50
176
     1
 90
       50
176
     1
 90
       50
176
     1
290
     0
176
     1
 90
       50
176
     1
 62
   256
176
     0
 40
1.0
176
     0
 90
        2
176
     1
  1
strokes_ogs.tif
176
     1
290
     0
176
     1
 40
1.0
176
     1
 40
1.0
176
     1
  0
VISUALSTYLE
  5
DBE
102
{ACAD_REACTORS
330
DA9
102
}
330
DA9
100
AcDbVisualStyle
  2
Sketchy
 70
    24
177
     3
291
     0
 70
    58
 90
        1
176
     1
 90
        2
176
     1
 90
        2
176
     1
 90
        0
176
     1
 40
0.6
176
     1
 40
30.0
176
     1
 62
     7
420
 16777215
176
     1
 90
        2
176
     1
 90
        2
176
     1
 62
     7
176
     1
 62
     7
176
     1
 90
        1
176
     1
 90
        1
176
     1
 40
40.0
176
     1
 90
       11
176
     1
 62
     7
176
     1
 40
1.0
176
     1
 90
        1
176
     1
 90
        6
176
     1
 90
        2
176
     1
 62
     7
176
     1
 90
        6
176
     1
 90
        0
176
     1
 90
        0
176
     1
290
     0
176
     1
 90
        1
176
     1
 40
0.0
176
     1
 90
        0
176
     1
290
     0
176
     1
290
     1
176
     1
290
     1
176
     1
290
     0
176
     1
290
     0
176
     1
290
     0
176
     1
290
     0
176
     1
290
     0
176
     1
290
     0
176
     1
 90
       50
176
     1
 40
0.0
176
     1
 40
1.0
176
     1
 90
        0
176
     1
 62
    18
420
        0
176
     1
 90
       50
176
     1
 90
        3
176
     1
 62
     5
420
      255
176
     1
290
     0
176
     1
 90
       50
176
     1
 90
       50
176
     1
 90
       50
176
     1
290
     0
176
     1
 90
       50
176
     1
 62
   256
176
     0
 40
1.0
176
     0
 90
        2
176
     1
  1
strokes_ogs.tif
176
     1
290
     0
176
     1
 40
1.0
176
     1
 40
1.0
176
     1
  0
VISUALSTYLE
  5
DB6
102
{ACAD_REACTORS
330
DA9
102
}
330
DA9
100
AcDbVisualStyle
  2
Thicken
 70
    13
177
     3
291
     1
 70
    58
 90
        2
176
     1
 90
        2
176
     1
 90
        0
176
     1
 90
        0
176
     1
 40
0.6
176
     1
 40
30.0
176
     1
 62
     7
420
 16777215
176
     1
 90
        1
176
     1
 90
        4
176
     1
 62
     7
176
     1
 62
   257
176
     1
 90
        1
176
     1
 90
        1
176
     1
 40
1.0
176
     1
 90
       12
176
     1
 62
     7
176
     1
 40
1.0
176
     1
 90
        1
176
     1
 90
        6
176
     1
 90
        2
176
     1
 62
     7
176
     1
 90
        5
176
     1
 90
        0
176
     1
 90
        0
176
     1
290
     0
176
     1
 90
        1
176
     1
 40
0.0
176
     1
 90
        0
176
     1
290
     0
176
     1
290
     1
176
     1
290
     1
176
     1
290
     0
176
     1
290
     0
176
     1
290
     0
176
     1
290
     0
176
     1
290
     0
176
     1
290
     0
176
     1
 90
       50
176
     1
 40
0.0
176
     1
 40
1.0
176
     1
 90
        0
176
     1
 62
    18
420
        0
176
     1
 90
       50
176
     1
 90
        3
176
     1
 62
     5
420
      255
176
     1
290
     0
176
     1
 90
       50
176
     1
 90
       50
176
     1
 90
       50
176
     1
290
     0
176
     1
 90
       50
176
     1
 62
   256
176
     0
 40
1.0
176
     0
 90
        2
176
     1
  1
strokes_ogs.tif
176
     1
290
     0
176
     1
 40
1.0
176
     1
 40
1.0
176
     1
  0
VISUALSTYLE
  5
DAF
102
{ACAD_REACTORS
330
DA9
102
}
330
DA9
100
AcDbVisualStyle
  2
Wireframe
 70
     5
177
     3
291
     0
 70
    58
 90
        0
176
     1
 90
        2
176
     1
 90
        0
176
     1
 90
        0
176
     1
 40
0.6
176
     1
 40
30.0
176
     1
 62
     7
420
 16777215
176
     1
 90
        1
176
     1
 90
        4
176
     1
 62
     7
176
     1
 62
   257
176
     1
 90
        1
176
     1
 90
        1
176
     1
 40
1.0
176
     1
 90
        0
176
     1
 62
   257
176
     1
 40
1.0
176
     1
 90
        1
176
     1
 90
        6
176
     1
 90
        2
176
     1
 62
     7
176
     1
 90
        3
176
     1
 90
        0
176
     1
 90
        0
176
     1
290
     0
176
     1
 90
        1
176
     1
 40
0.0
176
     1
 90
        0
176
     1
290
     0
176
     1
290
     1
176
     1
290
     1
176
     1
290
     0
176
     1
290
     0
176
     1
290
     0
176
     1
290
     0
176
     1
290
     0
176
     1
290
     0
176
     1
 90
       50
176
     1
 40
0.0
176
     1
 40
1.0
176
     1
 90
        0
176
     1
 62
    18
420
        0
176
     1
 90
       50
176
     1
 90
        3
176
     1
 62
     5
420
      255
176
     1
290
     0
176
     1
 90
       50
176
     1
 90
       50
176
     1
 90
       50
176
     1
290
     0
176
     1
 90
       50
176
     1
 62
   256
176
     0
 40
1.0
176
     0
 90
        2
176
     1
  1
strokes_ogs.tif
176
     1
290
     0
176
     1
 40
1.0
176
     1
 40
1.0
176
     1
  0
VISUALSTYLE
  5
DBF
102
{ACAD_REACTORS
330
DA9
102
}
330
DA9
100
AcDbVisualStyle
  2
X-Ray
 70
    25
177
     3
291
     0
 70
    58
 90
        2
176
     1
 90
        2
176
     1
 90
        1
176
     1
 90
        1
176
     1
 40
0.5
176
     1
 40
30.0
176
     1
 62
     7
420
 16777215
176
     1
 90
        1
176
     1
 90
        0
176
     1
 62
     7
176
     1
 62
   257
176
     1
 90
        1
176
     1
 90
        1
176
     1
 40
1.0
176
     1
 90
        8
176
     1
 62
     7
176
     1
 40
1.0
176
     1
 90
        1
176
     1
 90
        6
176
     1
 90
        2
176
     1
 62
     7
176
     1
 90
        3
176
     1
 90
        0
176
     1
 90
        0
176
     1
290
     0
176
     1
 90
       13
176
     1
 40
0.0
176
     1
 90
        0
176
     1
290
     0
176
     1
290
     1
176
     1
290
     1
176
     1
290
     0
176
     1
290
     0
176
     1
290
     0
176
     1
290
     0
176
     1
290
     0
176
     1
290
     0
176
     1
 90
       50
176
     1
 40
0.0
176
     1
 40
1.0
176
     1
 90
        0
176
     1
 62
    18
420
        0
176
     1
 90
       50
176
     1
 90
        3
176
     1
 62
     5
420
      255
176
     1
290
     0
176
     1
 90
       50
176
     1
 90
       50
176
     1
 90
       50
176
     1
290
     0
176
     1
 90
       50
176
     1
 62
   256
176
     0
 40
1.0
176
     0
 90
        2
176
     1
  1
strokes_ogs.tif
176
     1
290
     0
176
     1
 40
1.0
176
     1
 40
1.0
176
     1
  0
DICTIONARYVAR
  5
E61
102
{ACAD_REACTORS
330
E60
102
}
330
E60
100
DictionaryVariables
280
     0
  1
1:1
  0
DICTIONARYVAR
  5
E66
102
{ACAD_REACTORS
330
E60
102
}
330
E60
100
DictionaryVariables
280
     0
  1
Standard
  0
DICTIONARYVAR
  5
E65
102
{ACAD_REACTORS
330
E60
102
}
330
E60
100
DictionaryVariables
280
     0
  1
Standard
  0
XRECORD
  5
DE0
102
{ACAD_REACTORS
330
DDE
102
}
330
DDE
100
AcDbXrecord
280
     1
1000
#ffffff
  0
XRECORD
  5
DE1
102
{ACAD_REACTORS
330
DDE
102
}
330
DDE
100
AcDbXrecord
280
     1
1000
FullColor
  0
XRECORD
  5
DE2
102
{ACAD_REACTORS
330
DDE
102
}
330
DDE
100
AcDbXrecord
280
     1
 90
        0
  0
XRECORD
  5
DE3
102
{ACAD_REACTORS
330
DDE
102
}
330
DDE
100
AcDbXrecord
280
     1
 90
        0
  0
XRECORD
  5
DE4
102
{ACAD_REACTORS
330
DDE
102
}
330
DDE
100
AcDbXrecord
280
     1
 90
       46
  0
XRECORD
  5
DE5
102
{ACAD_REACTORS
330
DDE
102
}
330
DDE
100
AcDbXrecord
280
     1
1000
Arial Black
  0
XRECORD
  5
DE6
102
{ACAD_REACTORS
330
DDE
102
}
330
DDE
100
AcDbXrecord
280
     1
1000
#000000
  0
XRECORD
  5
DE7
102
{ACAD_REACTORS
330
DDE
102
}
330
DDE
100
AcDbXrecord
280
     1
290
     0
  0
XRECORD
  5
DE8
102
{ACAD_REACTORS
330
DDE
102
}
330
DDE
100
AcDbXrecord
280
     1
 90
        2
  0
XRECORD
  5
DE9
102
{ACAD_REACTORS
330
DDE
102
}
330
DDE
100
AcDbXrecord
280
     1
 90
        4
  0
XRECORD
  5
DEA
102
{ACAD_REACTORS
330
DDE
102
}
330
DDE
100
AcDbXrecord
280
     1
290
     1
  0
XRECORD
  5
DEB
102
{ACAD_REACTORS
330
DDE
102
}
330
DDE
100
AcDbXrecord
280
     1
290
     1
  0
XRECORD
  5
DEC
102
{ACAD_REACTORS
330
DDE
102
}
330
DDE
100
AcDbXrecord
280
     1
290
     1
  0
XRECORD
  5
DED
102
{ACAD_REACTORS
330
DDE
102
}
330
DDE
100
AcDbXrecord
280
     1
290
     1
  0
XRECORD
  5
DEE
102
{ACAD_REACTORS
330
DDE
102
}
330
DDE
100
AcDbXrecord
280
     1
1000
auto
  0
XRECORD
  5
DEF
102
{ACAD_REACTORS
330
DDE
102
}
330
DDE
100
AcDbXrecord
280
     1
1000
auto
  0
XRECORD
  5
DF0
102
{ACAD_REACTORS
330
DDE
102
}
330
DDE
100
AcDbXrecord
280
     1
1000
auto
  0
XRECORD
  5
DF1
102
{ACAD_REACTORS
330
DDE
102
}
330
DDE
100
AcDbXrecord
280
     1
1000
auto
  0
XRECORD
  5
DF2
102
{ACAD_REACTORS
330
DDE
102
}
330
DDE
100
AcDbXrecord
280
     1
1000
auto
  0
XRECORD
  5
DF3
102
{ACAD_REACTORS
330
DDE
102
}
330
DDE
100
AcDbXrecord
280
     1
1000
auto
  0
XRECORD
  5
DF4
102
{ACAD_REACTORS
330
DDE
102
}
330
DDE
100
AcDbXrecord
280
     1
1000
auto
  0
XRECORD
  5
DF5
102
{ACAD_REACTORS
330
DDE
102
}
330
DDE
100
AcDbXrecord
280
     1
1000
auto
  0
XRECORD
  5
DF6
102
{ACAD_REACTORS
330
DDE
102
}
330
DDE
100
AcDbXrecord
280
     1
290
     0
  0
XRECORD
  5
DF7
102
{ACAD_REACTORS
330
DDE
102
}
330
DDE
100
AcDbXrecord
280
     1
290
     0
  0
XRECORD
  5
DF8
102
{ACAD_REACTORS
330
DDE
102
}
330
DDE
100
AcDbXrecord
280
     1
290
     0
  0
XRECORD
  5
DF9
102
{ACAD_REACTORS
330
DDE
102
}
330
DDE
100
AcDbXrecord
280
     1
290
     0
  0
XRECORD
  5
DFA
102
{ACAD_REACTORS
330
DDE
102
}
330
DDE
100
AcDbXrecord
280
     1
 90
    65540
  0
XRECORD
  5
DFB
102
{ACAD_REACTORS
330
DDE
102
}
330
DDE
100
AcDbXrecord
280
     1
 90
    65537
  0
XRECORD
  5
DFC
102
{ACAD_REACTORS
330
DDE
102
}
330
DDE
100
AcDbXrecord
280
     1
 90
    65537
  0
XRECORD
  5
DFD
102
{ACAD_REACTORS
330
DDE
102
}
330
DDE
100
AcDbXrecord
280
     1
 90
    65537
  0
XRECORD
  5
DFE
102
{ACAD_REACTORS
330
DDE
102
}
330
DDE
100
AcDbXrecord
280
     1
1000
auto
  0
XRECORD
  5
DFF
102
{ACAD_REACTORS
330
DDE
102
}
330
DDE
100
AcDbXrecord
280
     1
1000
auto
  0
XRECORD
  5
E00
102
{ACAD_REACTORS
330
DDE
102
}
330
DDE
100
AcDbXrecord
280
     1
1000
auto
  0
XRECORD
  5
E01
102
{ACAD_REACTORS
330
DDE
102
}
330
DDE
100
AcDbXrecord
280
     1
1000
auto
  0
XRECORD
  5
E02
102
{ACAD_REACTORS
330
DDE
102
}
330
DDE
100
AcDbXrecord
280
     1
1000
auto
  0
XRECORD
  5
E03
102
{ACAD_REACTORS
330
DDE
102
}
330
DDE
100
AcDbXrecord
280
     1
1000
auto
  0
XRECORD
  5
E04
102
{ACAD_REACTORS
330
DDE
102
}
330
DDE
100
AcDbXrecord
280
     1
1000
auto
  0
XRECORD
  5
E05
102
{ACAD_REACTORS
330
DDE
102
}
330
DDE
100
AcDbXrecord
280
     1
1000
auto
  0
XRECORD
  5
E06
102
{ACAD_REACTORS
330
DDE
102
}
330
DDE
100
AcDbXrecord
280
     1
 90
        1
  0
XRECORD
  5
E07
102
{ACAD_REACTORS
330
DDE
102
}
330
DDE
100
AcDbXrecord
280
     1
 40
10.0
  0
XRECORD
  5
E08
102
{ACAD_REACTORS
330
DDE
102
}
330
DDE
100
AcDbXrecord
280
     1
 40
10.0
  0
XRECORD
  5
E09
102
{ACAD_REACTORS
330
DDE
102
}
330
DDE
100
AcDbXrecord
280
     1
 40
10.0
  0
XRECORD
  5
E0A
102
{ACAD_REACTORS
330
DDE
102
}
330
DDE
100
AcDbXrecord
280
     1
 40
10.0
  0
XRECORD
  5
E0B
102
{ACAD_REACTORS
330
DDE
102
}
330
DDE
100
AcDbXrecord
280
     1
290
     0
  0
XRECORD
  5
E0C
102
{ACAD_REACTORS
330
DDE
102
}
330
DDE
100
AcDbXrecord
280
     1
 90
        1
  0
XRECORD
  5
E0D
102
{ACAD_REACTORS
330
DDE
102
}
330
DDE
100
AcDbXrecord
280
     1
 40
26.7652813417463
  0
XRECORD
  5
E0E
102
{ACAD_REACTORS
330
DDE
102
}
330
DDE
100
AcDbXrecord
280
     1
 40
-42.16272103518229
  0
XRECORD
  5
E0F
102
{ACAD_REACTORS
330
DDE
102
}
330
DDE
100
AcDbXrecord
280
     1
1000
Landscape
  0
XRECORD
  5
E10
102
{ACAD_REACTORS
330
DDE
102
}
330
DDE
100
AcDbXrecord
280
     1
 40
279.4
  0
XRECORD
  5
E11
102
{ACAD_REACTORS
330
DDE
102
}
330
DDE
100
AcDbXrecord
280
     1
1000
ANSI A (Letter)
  0
XRECORD
  5
E12
102
{ACAD_REACTORS
330
DDE
102
}
330
DDE
100
AcDbXrecord
280
     1
 40
215.9
  0
XRECORD
  5
E13
102
{ACAD_REACTORS
330
DDE
102
}
330
DDE
100
AcDbXrecord
280
     1
1000
0.5
  0
XRECORD
  5
E14
102
{ACAD_REACTORS
330
DDE
102
}
330
DDE
100
AcDbXrecord
280
     1
290
     1
  0
XRECORD
  5
E15
102
{ACAD_REACTORS
330
DDE
102
}
330
DDE
100
AcDbXrecord
280
     1
 90
        1
  0
XRECORD
  5
E16
102
{ACAD_REACTORS
330
DDE
102
}
330
DDE
100
AcDbXrecord
280
     1
290
     1
  0
XRECORD
  5
E17
102
{ACAD_REACTORS
330
DDE
102
}
330
DDE
100
AcDbXrecord
280
     1
290
     0
  0
XRECORD
  5
E18
102
{ACAD_REACTORS
330
DDE
102
}
330
DDE
100
AcDbXrecord
280
     1
1000
Inside
  0
XRECORD
  5
E19
102
{ACAD_REACTORS
330
DDE
102
}
330
DDE
100
AcDbXrecord
280
     1
1000
Arial,10,-1,5,50,0,0,0,0,0
  0
XRECORD
  5
E1A
102
{ACAD_REACTORS
330
DDE
102
}
330
DDE
100
AcDbXrecord
280
     1
1000
TopLeft
  0
XRECORD
  5
E1B
102
{ACAD_REACTORS
330
DDE
102
}
330
DDE
100
AcDbXrecord
280
     1
290
     0
  0
XRECORD
  5
E1C
102
{ACAD_REACTORS
330
DDE
102
}
330
DDE
100
AcDbXrecord
280
     1
1000
3.27.6
  0
XRECORD
  5
E1D
102
{ACAD_REACTORS
330
DDE
102
}
330
DDE
100
AcDbXrecord
280
     1
 90
        4
  0
XRECORD
  5
E1E
102
{ACAD_REACTORS
330
DDE
102
}
330
DDE
100
AcDbXrecord
280
     1
  0
XRECORD
  5
E1F
102
{ACAD_REACTORS
330
DDE
102
}
330
DDE
100
AcDbXrecord
280
     1
 40
16.88468777360823
  0
XRECORD
  5
E20
102
{ACAD_REACTORS
330
DDE
102
}
330
DDE
100
AcDbXrecord
280
     1
 40
26.48834326153377
  0
DICTIONARY
  5
E62
330
DD9
100
AcDbDictionary
280
     1
281
     1
  3
ACAD_ROUNDTRIP_2008_TABLESTYLE_CELLSTYLEMAP
360
E63
  0
CELLSTYLEMAP
  5
E63
102
{ACAD_REACTORS
330
E62
102
}
330
E62
100
AcDbCellStyleMap
 90
        3
300
CELLSTYLE
  1
TABLEFORMAT_BEGIN
 90
        5
170
     1
 91
        0
 92
    32768
 62
   257
 93
        1
300
CONTENTFORMAT
  1
CONTENTFORMAT_BEGIN
 90
        0
 91
        0
 92
        4
 93
        0
300

 40
0.0
140
1.0
 94
        5
 62
     0
340
D91
144
0.25
309
CONTENTFORMAT_END
171
     1
301
MARGIN
  1
CELLMARGIN_BEGIN
 40
0.06
 40
0.06
 40
0.06
 40
0.06
 40
0.06
 40
0.06
309
CELLMARGIN_END
 94
        6
 95
        1
302
GRIDFORMAT
  1
GRIDFORMAT_BEGIN
 90
        0
 91
        1
 62
     0
 92
       -2
340
D93
 93
        0
 40
0.045
309
GRIDFORMAT_END
 95
        2
302
GRIDFORMAT
  1
GRIDFORMAT_BEGIN
 90
        0
 91
        1
 62
     0
 92
       -2
340
D93
 93
        0
 40
0.045
309
GRIDFORMAT_END
 95
        4
302
GRIDFORMAT
  1
GRIDFORMAT_BEGIN
 90
        0
 91
        1
 62
     0
 92
       -2
340
D93
 93
        0
 40
0.045
309
GRIDFORMAT_END
 95
        8
302
GRIDFORMAT
  1
GRIDFORMAT_BEGIN
 90
        0
 91
        1
 62
     0
 92
       -2
340
D93
 93
        0
 40
0.045
309
GRIDFORMAT_END
 95
       16
302
GRIDFORMAT
  1
GRIDFORMAT_BEGIN
 90
        0
 91
        1
 62
     0
 92
       -2
340
D93
 93
        0
 40
0.045
309
GRIDFORMAT_END
 95
       32
302
GRIDFORMAT
  1
GRIDFORMAT_BEGIN
 90
        0
 91
        1
 62
     0
 92
       -2
340
D93
 93
        0
 40
0.045
309
GRIDFORMAT_END
309
TABLEFORMAT_END
  1
CELLSTYLE_BEGIN
 90
        1
 91
        1
300
_TITLE
309
CELLSTYLE_END
300
CELLSTYLE
  1
TABLEFORMAT_BEGIN
 90
        5
170
     1
 91
        0
 92
        0
 62
   257
 93
        1
300
CONTENTFORMAT
  1
CONTENTFORMAT_BEGIN
 90
        0
 91
        0
 92
        4
 93
        0
300

 40
0.0
140
1.0
 94
        5
 62
     0
340
D91
144
0.18
309
CONTENTFORMAT_END
171
     1
301
MARGIN
  1
CELLMARGIN_BEGIN
 40
0.06
 40
0.06
 40
0.06
 40
0.06
 40
0.06
 40
0.06
309
CELLMARGIN_END
 94
        6
 95
        1
302
GRIDFORMAT
  1
GRIDFORMAT_BEGIN
 90
        0
 91
        1
 62
     0
 92
       -2
340
D93
 93
        0
 40
0.045
309
GRIDFORMAT_END
 95
        2
302
GRIDFORMAT
  1
GRIDFORMAT_BEGIN
 90
        0
 91
        1
 62
     0
 92
       -2
340
D93
 93
        0
 40
0.045
309
GRIDFORMAT_END
 95
        4
302
GRIDFORMAT
  1
GRIDFORMAT_BEGIN
 90
        0
 91
        1
 62
     0
 92
       -2
340
D93
 93
        0
 40
0.045
309
GRIDFORMAT_END
 95
        8
302
GRIDFORMAT
  1
GRIDFORMAT_BEGIN
 90
        0
 91
        1
 62
     0
 92
       -2
340
D93
 93
        0
 40
0.045
309
GRIDFORMAT_END
 95
       16
302
GRIDFORMAT
  1
GRIDFORMAT_BEGIN
 90
        0
 91
        1
 62
     0
 92
       -2
340
D93
 93
        0
 40
0.045
309
GRIDFORMAT_END
 95
       32
302
GRIDFORMAT
  1
GRIDFORMAT_BEGIN
 90
        0
 91
        1
 62
     0
 92
       -2
340
D93
 93
        0
 40
0.045
309
GRIDFORMAT_END
309
TABLEFORMAT_END
  1
CELLSTYLE_BEGIN
 90
        2
 91
        1
300
_HEADER
309
CELLSTYLE_END
300
CELLSTYLE
  1
TABLEFORMAT_BEGIN
 90
        5
170
     1
 91
        0
 92
        0
 62
   257
 93
        1
300
CONTENTFORMAT
  1
CONTENTFORMAT_BEGIN
 90
        0
 91
        0
 92
        4
 93
        0
300

 40
0.0
140
1.0
 94
        2
 62
     0
340
D91
144
0.18
309
CONTENTFORMAT_END
171
     1
301
MARGIN
  1
CELLMARGIN_BEGIN
 40
0.06
 40
0.06
 40
0.06
 40
0.06
 40
0.06
 40
0.06
309
CELLMARGIN_END
 94
        6
 95
        1
302
GRIDFORMAT
  1
GRIDFORMAT_BEGIN
 90
        0
 91
        1
 62
     0
 92
       -2
340
D93
 93
        0
 40
0.045
309
GRIDFORMAT_END
 95
        2
302
GRIDFORMAT
  1
GRIDFORMAT_BEGIN
 90
        0
 91
        1
 62
     0
 92
       -2
340
D93
 93
        0
 40
0.045
309
GRIDFORMAT_END
 95
        4
302
GRIDFORMAT
  1
GRIDFORMAT_BEGIN
 90
        0
 91
        1
 62
     0
 92
       -2
340
D93
 93
        0
 40
0.045
309
GRIDFORMAT_END
 95
        8
302
GRIDFORMAT
  1
GRIDFORMAT_BEGIN
 90
        0
 91
        1
 62
     0
 92
       -2
340
D93
 93
        0
 40
0.045
309
GRIDFORMAT_END
 95
       16
302
GRIDFORMAT
  1
GRIDFORMAT_BEGIN
 90
        0
 91
        1
 62
     0
 92
       -2
340
D93
 93
        0
 40
0.045
309
GRIDFORMAT_END
 95
       32
302
GRIDFORMAT
  1
GRIDFORMAT_BEGIN
 90
        0
 91
        1
 62
     0
 92
       -2
340
D93
 93
        0
 40
0.045
309
GRIDFORMAT_END
309
TABLEFORMAT_END
  1
CELLSTYLE_BEGIN
 90
        3
 91
        2
300
_DATA
309
CELLSTYLE_END
  0
ENDSEC
  0
EOF
